{"type":"FeatureCollection", "features": [
{"type":"Feature","geometry":{"type":"Polygon","coordinates":[[[121.86904836100007,13.443259180000041],[121.8692720900001,13.446409410000058],[121.8696229410001,13.447232130000032],[121.87071914,13.448547220000023],[121.86993183000004,13.449168990000032],[121.8647104900001,13.454562070000065],[121.8628246400001,13.452623420000066],[121.8612478880001,13.45130834500003],[121.8600514100001,13.449287000000027],[121.85994800000003,13.449223000000075],[121.85714959000006,13.448515790000044],[121.85686980000003,13.447381040000039],[121.8571730000001,13.446022000000028],[121.85707315000002,13.445292940000058],[121.8590693000001,13.445209960000057],[121.86354381000001,13.443843710000067],[121.8670767000001,13.444027190000043],[121.86820100000011,13.44392700000003],[121.86904836100007,13.443259180000041]]]},"properties":{"psgc_code":1704001001,"name":"Agot","corr_code":174001001,"geo_level":"Bgy","city_class":"","inc_class":"","urb_rur":"","pop_2015":"R","pop_2020":"","status":"","adm4_pcode":"PH1704001001","adm4_en":"Agot","adm3_pcode":"PH1704001","adm2_pcode":"PH17040","adm1_pcode":"PH17","adm0_pcode":"PH","shape_len":0.0401077135939,"shape_area":0.000088003280343,"shape_sqkm":1.05430067271}},
{"type":"Feature","geometry":{"type":"Polygon","coordinates":[[[121.89690974000007,13.44390616000004],[121.89510403800011,13.44502135600004],[121.89405048800006,13.445260799000039],[121.89222551900002,13.44609224900006],[121.88900629900002,13.446621690000029],[121.88734608200002,13.446505903000059],[121.88696297400008,13.445069244000024],[121.88498321000009,13.442139590000068],[121.88873361000003,13.434395460000076],[121.88940466000008,13.432251880000024],[121.89082854800006,13.431362199000034],[121.89203379100002,13.430793874000074],[121.89274909700009,13.430695886000024],[121.8934546050001,13.430695886000024],[121.89419930800011,13.43084286800007],[121.89490481600001,13.431107433000022],[121.89548294000008,13.43141119300003],[121.89637698000001,13.432403840000063],[121.89538339,13.437689300000045],[121.89690974000007,13.44390616000004]]]},"properties":{"psgc_code":1704001002,"name":"Agumaymayan","corr_code":174001002,"geo_level":"Bgy","city_class":"","inc_class":"","urb_rur":"","pop_2015":"R","pop_2020":"","status":"","adm4_pcode":"PH1704001002","adm4_en":"Agumaymayan","adm3_pcode":"PH1704001","adm2_pcode":"PH17040","adm1_pcode":"PH17","adm0_pcode":"PH","shape_len":0.04572855806,"shape_area":0.000130514233571,"shape_sqkm":1.56364894093}},
{"type":"Feature","geometry":{"type":"Polygon","coordinates":[[[121.85281229000009,13.407153610000023],[121.8524272300001,13.415845730000058],[121.84668965000003,13.413416480000024],[121.84046776000002,13.407579830000032],[121.83822212100006,13.406242280000072],[121.8264554650001,13.406022473000064],[121.82541400000002,13.405998383000053],[121.82505552600003,13.406195558000036],[121.82436060000009,13.406206022000049],[121.8245634220001,13.405804702000069],[121.82474221400003,13.405040567000071],[121.8247509150001,13.403987545000064],[121.82464982600004,13.403201472000035],[121.82469445100003,13.402333010000063],[121.82512997100002,13.401520893000054],[121.82520813200006,13.400753111000029],[121.82503148300009,13.39937628000007],[121.82487957800004,13.398565387000076],[121.82487576900007,13.39747802200003],[121.82479329900002,13.396495574000028],[121.82461096100008,13.396172239000066],[121.82457681800008,13.39552382100004],[121.82438702600007,13.395138124000027],[121.82469158100002,13.39430999800004],[121.82475185700002,13.393970677000027],[121.82548075000011,13.393968960000052],[121.82739570800004,13.392937311000026],[121.85281229000009,13.407153610000023]]]},"properties":{"psgc_code":1704001003,"name":"Amoingon","corr_code":174001003,"geo_level":"Bgy","city_class":"","inc_class":"","urb_rur":"","pop_2015":"R","pop_2020":"","status":"","adm4_pcode":"PH1704001003","adm4_en":"Amoingon","adm3_pcode":"PH1704001","adm2_pcode":"PH17040","adm1_pcode":"PH17","adm0_pcode":"PH","shape_len":0.084767277279,"shape_area":0.000266860254048,"shape_sqkm":3.19762509757}},
{"type":"Feature","geometry":{"type":"Polygon","coordinates":[[[121.86477646100002,13.459280662000026],[121.86237772000004,13.46071573000006],[121.86328062000007,13.462973900000065],[121.86120358000005,13.46246621000006],[121.85900342000002,13.462587910000025],[121.85460476000003,13.462311310000075],[121.85426932000007,13.46027384000007],[121.85723693000011,13.456955610000023],[121.85822943000005,13.455677700000024],[121.85894030000009,13.454587220000064],[121.85927927000012,13.453443510000056],[121.85824544000002,13.451628570000025],[121.85714959000006,13.448515790000044],[121.85994800000003,13.449223000000075],[121.8600514100001,13.449287000000027],[121.8612478880001,13.45130834500003],[121.8628246400001,13.452623420000066],[121.8647104900001,13.454562070000065],[121.86477646100002,13.459280662000026]]]},"properties":{"psgc_code":1704001004,"name":"Apitong","corr_code":174001004,"geo_level":"Bgy","city_class":"","inc_class":"","urb_rur":"","pop_2015":"R","pop_2020":"","status":"","adm4_pcode":"PH1704001004","adm4_en":"Apitong","adm3_pcode":"PH1704001","adm2_pcode":"PH17040","adm1_pcode":"PH17","adm0_pcode":"PH","shape_len":0.0448280393826,"shape_area":0.000084229571315,"shape_sqkm":1.00905367595}},
{"type":"Feature","geometry":{"type":"Polygon","coordinates":[[[121.88774429300008,13.428564618000053],[121.88676734,13.42928911000007],[121.8827184590001,13.429290139000045],[121.8811821380001,13.429516959000068],[121.88001833100009,13.430332367000062],[121.87950422500012,13.427058044000034],[121.8794867800001,13.425121730000058],[121.87948455600008,13.421157421000032],[121.87867813700007,13.421000071000037],[121.87797052200006,13.41897128200003],[121.88001561200008,13.415119117000074],[121.88238176400012,13.413284409000028],[121.88148932400009,13.410931611000024],[121.8818949780001,13.409146729000042],[121.88185961600004,13.408376635000025],[121.88335533600002,13.40776750200007],[121.88457230000006,13.406307145000028],[121.88449117000005,13.404603394000048],[121.88512603000004,13.401781708000044],[121.88632666000001,13.400815210000076],[121.88613203500006,13.397807365000062],[121.88794831000007,13.395076120000056],[121.89260806000004,13.393276610000044],[121.89560649100008,13.393302211000048],[121.89256699000009,13.398780000000045],[121.89158731000009,13.403969410000059],[121.89025258000004,13.407535400000029],[121.89107400000012,13.412213260000044],[121.89150400000005,13.415085000000033],[121.88774429300008,13.428564618000053]]]},"properties":{"psgc_code":1704001005,"name":"Balagasan","corr_code":174001005,"geo_level":"Bgy","city_class":"","inc_class":"","urb_rur":"","pop_2015":"R","pop_2020":"","status":"","adm4_pcode":"PH1704001005","adm4_en":"Balagasan","adm3_pcode":"PH1704001","adm2_pcode":"PH17040","adm1_pcode":"PH17","adm0_pcode":"PH","shape_len":0.0938413211109,"shape_area":0.000306702331206,"shape_sqkm":3.67489021218}},
{"type":"Feature","geometry":{"type":"Polygon","coordinates":[[[121.84071142000005,13.415304510000055],[121.83447514900001,13.420776395000075],[121.82836876300007,13.419659387000024],[121.82261600000004,13.420489000000032],[121.82116782000003,13.420368826000072],[121.82127574800006,13.419711491000044],[121.82129895000003,13.418945750000034],[121.82113716900005,13.418361576000052],[121.82111235800005,13.417450827000039],[121.8213047480001,13.417027204000021],[121.82153571300012,13.416230261000067],[121.82154911100008,13.415816781000046],[121.82141285400007,13.415288082000075],[121.821633829,13.414373400000045],[121.82215706700003,13.413257865000048],[121.82223863000002,13.412777680000033],[121.82218267000007,13.412266174000024],[121.8221754440001,13.412125622000076],[121.82345367000005,13.41240311000007],[121.84071142000005,13.415304510000055]]]},"properties":{"psgc_code":1704001006,"name":"Balaring","corr_code":174001006,"geo_level":"Bgy","city_class":"","inc_class":"","urb_rur":"","pop_2015":"R","pop_2020":"","status":"","adm4_pcode":"PH1704001006","adm4_en":"Balaring","adm3_pcode":"PH1704001","adm2_pcode":"PH17040","adm1_pcode":"PH17","adm0_pcode":"PH","shape_len":0.0491839781419,"shape_area":0.00011113388521,"shape_sqkm":1.33158069281}},
{"type":"Feature","geometry":{"type":"Polygon","coordinates":[[[121.88498321000009,13.442139590000068],[121.88166750000005,13.442482320000067],[121.87965420500007,13.441653158000065],[121.87909635000005,13.441752775000054],[121.87883734600007,13.441952009000033],[121.87819979900007,13.441932086000065],[121.87716378300001,13.441653158000065],[121.87531091100004,13.441553542000065],[121.87461359300005,13.441453925000076],[121.87330300000008,13.441479000000072],[121.87205225000002,13.441333283000063],[121.8712037250001,13.440993874000071],[121.86920813000006,13.44114348000005],[121.86882885000011,13.440742330000035],[121.86862693000012,13.438907610000058],[121.87029062900001,13.438376236000067],[121.87222766400009,13.43650457900003],[121.87311567200004,13.435686506000025],[121.87340043900008,13.434504354000069],[121.87340494300008,13.432599000000039],[121.87337323500003,13.430558149000035],[121.87402063400009,13.429337085000043],[121.8748095300001,13.42883923100004],[121.8759709740001,13.42874842200007],[121.87666769900011,13.429698925000025],[121.87783076700009,13.430287392000025],[121.87876188300004,13.430604136000056],[121.88001833100009,13.430332367000062],[121.8811821380001,13.429516959000068],[121.8827184590001,13.429290139000045],[121.88676734,13.42928911000007],[121.88774429300008,13.428564618000053],[121.88940466000008,13.432251880000024],[121.88873361000003,13.434395460000076],[121.88498321000009,13.442139590000068]]]},"properties":{"psgc_code":1704001007,"name":"Balimbing","corr_code":174001007,"geo_level":"Bgy","city_class":"","inc_class":"","urb_rur":"","pop_2015":"R","pop_2020":"","status":"","adm4_pcode":"PH1704001007","adm4_en":"Balimbing","adm3_pcode":"PH1704001","adm2_pcode":"PH17040","adm1_pcode":"PH17","adm0_pcode":"PH","shape_len":0.0607364513337,"shape_area":0.000194638261517,"shape_sqkm":2.33193084595}},
{"type":"Feature","geometry":{"type":"Polygon","coordinates":[[[121.83469707000006,13.46223051000004],[121.83430244600004,13.463095852000038],[121.83350521700004,13.463608357000055],[121.83299271200008,13.463836137000044],[121.83225242800006,13.464348641000072],[121.83193923100009,13.465174343000058],[121.83139825400008,13.465658375000032],[121.83037324500003,13.466000045000044],[121.83014687200011,13.466301840000028],[121.82991928600006,13.466961404000074],[121.83012682100002,13.467226795000045],[121.82991214200001,13.467460170000038],[121.82953029700002,13.467616131000057],[121.82969727300008,13.467821326000035],[121.83004835400004,13.467832737000037],[121.83014352800001,13.468172039000024],[121.82981667100012,13.468546023000044],[121.82941461600001,13.468765802000064],[121.82952284100008,13.469276120000075],[121.82912951700007,13.469234366000023],[121.82883872100001,13.46895382200006],[121.82810538500007,13.46852102500003],[121.82800337300012,13.46878898500006],[121.8276597570001,13.469107201000043],[121.827865427,13.469674245000022],[121.8278372100001,13.46999407900006],[121.8280279390001,13.470587101000035],[121.82768135700007,13.47101852700007],[121.82777660500005,13.471306721000076],[121.82802915900004,13.471412346000022],[121.82843030200002,13.471120069000051],[121.82861513600005,13.471432940000057],[121.82776158500008,13.47255404200007],[121.82753066200007,13.472559361000037],[121.82629949600005,13.47161731500006],[121.82515807300001,13.470785460000059],[121.8236820300001,13.469637516000034],[121.82264806800003,13.468758076000029],[121.82242368900006,13.468478720000064],[121.82184512200001,13.468156858000043],[121.82161956900006,13.467936088000044],[121.82204048000006,13.467443460000027],[121.8224423900001,13.467246240000065],[121.82351125000002,13.46637368000006],[121.82365900000002,13.466184000000055],[121.82431402400005,13.463062616000059],[121.82527209300008,13.462078653000049],[121.8299740000001,13.461340000000064],[121.83235458000001,13.459725990000038],[121.83240823000006,13.460014080000064],[121.8328120000001,13.460811000000035],[121.83469707000006,13.46223051000004]]]},"properties":{"psgc_code":1704001008,"name":"Balogo","corr_code":174001008,"geo_level":"Bgy","city_class":"","inc_class":"","urb_rur":"","pop_2015":"R","pop_2020":"","status":"","adm4_pcode":"PH1704001008","adm4_en":"Balogo","adm3_pcode":"PH1704001","adm2_pcode":"PH17040","adm1_pcode":"PH17","adm0_pcode":"PH","shape_len":0.0449327765234,"shape_area":0.000073319558537,"shape_sqkm":0.878323515515}},
{"type":"Feature","geometry":{"type":"Polygon","coordinates":[[[121.83984457000008,13.436357000000044],[121.82954840000002,13.440769900000078],[121.8290419220001,13.44200672900007],[121.82771229900004,13.443445294000071],[121.82741003000001,13.443188730000031],[121.82710927000005,13.443324370000028],[121.82689017000007,13.444299440000066],[121.8247599450001,13.447545427000023],[121.82429365100006,13.449664943000073],[121.82209597500002,13.447687347000056],[121.82142135300012,13.446689715000048],[121.8213041030001,13.446180201000061],[121.82099050500005,13.446258601000068],[121.82033717500008,13.44612793500005],[121.82004970900005,13.44586660300007],[121.82004970900005,13.445605271000034],[121.82031104100008,13.445317805000059],[121.82109503800007,13.444847407000054],[121.82125183700009,13.44461220900007],[121.82161770200003,13.444403142000056],[121.82263235800008,13.443488521000063],[121.82273690200009,13.442939662000072],[121.82186753600001,13.442099518000077],[121.82198313100002,13.441652863000058],[121.82304406800006,13.440970185000026],[121.82339179500002,13.44118955600004],[121.82565906000002,13.438329618000068],[121.83043047600006,13.437080177000041],[121.83241075500007,13.435153419000073],[121.83583610200003,13.434082998000065],[121.83619096900009,13.435170651000021],[121.83879926000009,13.433932360000028],[121.8393657900001,13.433963800000072],[121.83878778000008,13.435196940000026],[121.83858041000008,13.436097330000052],[121.83984457000008,13.436357000000044]]]},"properties":{"psgc_code":1704001009,"name":"Bangbangalon","corr_code":174001009,"geo_level":"Bgy","city_class":"","inc_class":"","urb_rur":"","pop_2015":"U","pop_2020":"","status":"","adm4_pcode":"PH1704001009","adm4_en":"Bangbangalon","adm3_pcode":"PH1704001","adm2_pcode":"PH17040","adm1_pcode":"PH17","adm0_pcode":"PH","shape_len":0.0591198170029,"shape_area":0.00008736346629,"shape_sqkm":1.04666743924}},
{"type":"Feature","geometry":{"type":"Polygon","coordinates":[[[121.87337323500003,13.430558149000035],[121.87340494300008,13.432599000000039],[121.87340043900008,13.434504354000069],[121.87311567200004,13.435686506000025],[121.87222766400009,13.43650457900003],[121.87029062900001,13.438376236000067],[121.86862693000012,13.438907610000058],[121.86578228000008,13.435266340000055],[121.8640512500001,13.434262280000041],[121.8633895800001,13.434098660000075],[121.86324974200011,13.433713615000045],[121.86491006000006,13.429401270000028],[121.86944585300012,13.426133287000027],[121.87103706000005,13.426734570000065],[121.8716342140001,13.42708049600003],[121.87212752100004,13.427738238000074],[121.87240158000009,13.428683743000022],[121.87215022600003,13.429208842000037],[121.87204795700006,13.42977940000003],[121.87222100000008,13.429952000000071],[121.87256601500007,13.429779981000024],[121.87319635100005,13.429930713000033],[121.87337323500003,13.430558149000035]]]},"properties":{"psgc_code":1704001010,"name":"Bamban","corr_code":174001010,"geo_level":"Bgy","city_class":"","inc_class":"","urb_rur":"","pop_2015":"R","pop_2020":"","status":"","adm4_pcode":"PH1704001010","adm4_en":"Bamban","adm3_pcode":"PH1704001","adm2_pcode":"PH17040","adm1_pcode":"PH17","adm0_pcode":"PH","shape_len":0.036037227479,"shape_area":0.000084019737068,"shape_sqkm":1.0066410033}},
{"type":"Feature","geometry":{"type":"Polygon","coordinates":[[[121.85270433000005,13.467164350000076],[121.84992984000007,13.468095490000053],[121.84570813000005,13.457146720000026],[121.8451693400001,13.452613530000065],[121.84540333200005,13.449771467000062],[121.84661629400011,13.450149444000033],[121.84770360800007,13.450630640000043],[121.84829574100002,13.450964616000022],[121.84887567100009,13.45287147700003],[121.84920213600003,13.453751514000032],[121.85093634400005,13.454842562000067],[121.85270165000009,13.455069090000052],[121.85723693000011,13.456955610000023],[121.85426932000007,13.46027384000007],[121.85460476000003,13.462311310000075],[121.85270433000005,13.467164350000076]]]},"properties":{"psgc_code":1704001011,"name":"Bantad","corr_code":174001011,"geo_level":"Bgy","city_class":"","inc_class":"","urb_rur":"","pop_2015":"R","pop_2020":"","status":"","adm4_pcode":"PH1704001011","adm4_en":"Bantad","adm3_pcode":"PH1704001","adm2_pcode":"PH17040","adm1_pcode":"PH17","adm0_pcode":"PH","shape_len":0.0486486390578,"shape_area":0.000107835278295,"shape_sqkm":1.29183559569}},
{"type":"Feature","geometry":{"type":"Polygon","coordinates":[[[121.92618722000009,13.43788150000006],[121.9258124700001,13.437421250000057],[121.92557937000004,13.437503470000024],[121.92550183000003,13.437815700000044],[121.92551265000009,13.438413830000059],[121.9253409800001,13.438784230000067],[121.92479326800003,13.438829330000033],[121.92360543000007,13.43943592000005],[121.92329345000007,13.439983600000062],[121.92247278000002,13.440837540000075],[121.92211496000004,13.440566140000044],[121.92183517000001,13.440721620000033],[121.92119865000006,13.441370970000037],[121.92116068000007,13.441931300000022],[121.92144558000007,13.442589030000022],[121.92140744000005,13.443048440000041],[121.92118155000003,13.443176600000072],[121.92074100000002,13.443156060000035],[121.92035560000011,13.443394950000027],[121.92009207000001,13.44336276000007],[121.92031553000004,13.442964200000063],[121.92028326000002,13.44275809000004],[121.91948639000009,13.441812950000042],[121.9187280000001,13.442249480000044],[121.91816482000002,13.44235886000007],[121.91792275000012,13.44249448000005],[121.9173941900001,13.443197970000028],[121.91680343000007,13.443566520000047],[121.91618233000008,13.443786550000027],[121.91583356000001,13.44412409000006],[121.91543114000001,13.444202790000077],[121.91514088000008,13.444075640000051],[121.91501205000009,13.443828460000077],[121.91511422000008,13.443403830000022],[121.91472933000011,13.443070570000032],[121.9142853400001,13.442832690000046],[121.91457426000011,13.442434630000037],[121.91459706,13.442026100000021],[121.91507877000004,13.441709260000039],[121.91571579000004,13.441525780000063],[121.91639196000006,13.440966960000026],[121.91580506000003,13.440693370000076],[121.91542528000002,13.44022332000003],[121.91537239000002,13.439583440000035],[121.91521908000004,13.439332570000033],[121.91525722000006,13.439034680000077],[121.91493150000008,13.438792190000072],[121.91457275000005,13.438932170000044],[121.91414192000002,13.438860250000062],[121.91397806000009,13.439144480000039],[121.91392408000002,13.439554780000037],[121.91330482000001,13.439462830000025],[121.9129343400001,13.439253950000023],[121.9126157500001,13.439310860000035],[121.91242875000012,13.439117740000029],[121.91195073000006,13.439056980000032],[121.91177605000007,13.43877727000006],[121.91170044000012,13.43821895000002],[121.91137640000011,13.438001950000057],[121.91090047000012,13.438549120000062],[121.91043997000008,13.438461940000025],[121.91047434000006,13.437533560000077],[121.9102820600001,13.437035180000066],[121.90990613000008,13.436857480000072],[121.9093502400001,13.437183960000027],[121.9087049200001,13.436912630000052],[121.9083142400001,13.43621040000005],[121.90805934000002,13.436084330000028],[121.90762122000001,13.43616430000003],[121.90728829000011,13.435898930000064],[121.90719014000001,13.435660540000072],[121.90767453000001,13.43460820000007],[121.90769934000002,13.434238050000033],[121.9078807300001,13.43404066000005],[121.90848896500006,13.433735901000034],[121.90828876000012,13.43345904000006],[121.90807418000009,13.433785930000056],[121.90734479000002,13.433784420000052],[121.90703910000002,13.43463980000007],[121.90645714000004,13.435394590000044],[121.90627920000009,13.435754590000045],[121.90634474000001,13.436090870000044],[121.90680172000009,13.436702670000045],[121.90632672000004,13.437299540000026],[121.90600075000009,13.437388140000053],[121.90532927000004,13.437293170000032],[121.90448974000003,13.437616380000065],[121.90372992000005,13.436556320000022],[121.90311712000005,13.435127960000045],[121.90243576000012,13.434763090000047],[121.90189286000009,13.434737780000034],[121.90107739000007,13.434067480000067],[121.90077824000002,13.433594740000046],[121.90010232000009,13.432964840000068],[121.89976553000008,13.432733420000034],[121.89884126000004,13.432399230000044],[121.89809846000003,13.431929930000024],[121.89775715000007,13.431913830000042],[121.89714500000002,13.432203000000072],[121.89637698000001,13.432403840000063],[121.89548294000008,13.43141119300003],[121.89490481600001,13.431107433000022],[121.89419930800011,13.43084286800007],[121.8934546050001,13.430695886000024],[121.89274909700009,13.430695886000024],[121.89203379100002,13.430793874000074],[121.89082854800006,13.431362199000034],[121.88940466000008,13.432251880000024],[121.88774429300008,13.428564618000053],[121.88881215100002,13.42775006200003],[121.88988294800004,13.42675397100004],[121.89205592300004,13.426331908000066],[121.8945478710001,13.426161334000028],[121.89569657400011,13.426281630000062],[121.8967066140001,13.426277661000029],[121.8976198800001,13.425685140000041],[121.89862177900011,13.424326862000044],[121.89914750900004,13.421947074000059],[121.89950331300008,13.41944294700005],[121.89958081800012,13.418268040000044],[121.90408800000012,13.421349000000077],[121.90708126000004,13.421097240000051],[121.90950505,13.421658320000063],[121.91065187000004,13.421538380000072],[121.91250586000001,13.421570650000035],[121.91440947000001,13.421171590000029],[121.91628660000003,13.421659920000025],[121.93370228600008,13.419788329000028],[121.9360287500001,13.42338164000006],[121.9482277080001,13.43217186000004],[121.94483104900007,13.431940732000044],[121.94086412200011,13.432618608000041],[121.93730745900007,13.433757155000023],[121.93468627300001,13.435732287000064],[121.92725215500002,13.437090321000028],[121.92618722000009,13.43788150000006]]]},"properties":{"psgc_code":1704001012,"name":"Bantay","corr_code":174001012,"geo_level":"Bgy","city_class":"","inc_class":"","urb_rur":"","pop_2015":"R","pop_2020":"","status":"","adm4_pcode":"PH1704001012","adm4_en":"Bantay","adm3_pcode":"PH1704001","adm2_pcode":"PH17040","adm1_pcode":"PH17","adm0_pcode":"PH","shape_len":0.16788199487,"shape_area":0.000747842570832,"shape_sqkm":8.96001014111}},
{"type":"Feature","geometry":{"type":"Polygon","coordinates":[[[121.94959080900003,13.357374049000043],[121.9477161210001,13.35614580500004],[121.94534800000008,13.355208000000061],[121.94299707700009,13.354012540000042],[121.93924770100011,13.35356002900005],[121.93633870300005,13.354206472000044],[121.93265397100004,13.355564005000076],[121.92898056100012,13.357473148000054],[121.92391427700011,13.353788578000035],[121.92560221000008,13.347009377000063],[121.93018246700001,13.336618471000065],[121.93992635900008,13.331046431000061],[121.94861291400002,13.322643980000066],[121.95350408800005,13.320142375000046],[121.95436564400006,13.314560146000076],[121.9584424410001,13.310558007000054],[121.95930149300011,13.311808980000023],[121.96509677000006,13.324399500000027],[121.9663989930001,13.327670438000041],[121.96233550700003,13.329401799000038],[121.9618435000001,13.330360320000068],[121.96102526000004,13.331753942000034],[121.96050937600012,13.333784469000022],[121.96201650500007,13.335005495000075],[121.96183970300001,13.336063351000064],[121.96082050200005,13.337694355000053],[121.9587360050001,13.339000444000021],[121.95736741500002,13.339574816000038],[121.9566092120001,13.340882713000042],[121.95659447100002,13.342520662000027],[121.95628574900002,13.343601400000068],[121.95679082200002,13.344585797000036],[121.95594700000004,13.347582670000065],[121.94959080900003,13.357374049000043]]]},"properties":{"psgc_code":1704001013,"name":"Bayuti","corr_code":174001013,"geo_level":"Bgy","city_class":"","inc_class":"","urb_rur":"","pop_2015":"R","pop_2020":"","status":"","adm4_pcode":"PH1704001013","adm4_en":"Bayuti","adm3_pcode":"PH1704001","adm2_pcode":"PH17040","adm1_pcode":"PH17","adm0_pcode":"PH","shape_len":0.144170828004,"shape_area":0.000951389384098,"shape_sqkm":11.4029543374}},
{"type":"Feature","geometry":{"type":"Polygon","coordinates":[[[121.93526583000005,13.39288023000006],[121.93578956300007,13.399010434000047],[121.93579740900009,13.403369737000048],[121.93625648800003,13.40621602300007],[121.9377255390001,13.407685075000074],[121.93653193500006,13.409705021000036],[121.93451198900004,13.411724966000065],[121.93246889600005,13.412482859000022],[121.92225760100007,13.407130204000055],[121.91630982000004,13.404613640000036],[121.91556936000006,13.403955410000037],[121.91469538000001,13.403341430000069],[121.91379516000006,13.403049490000058],[121.9119367300001,13.403266580000036],[121.9104084600001,13.403756760000022],[121.9075869400001,13.405949130000067],[121.9061392000001,13.399923242000057],[121.90653109000004,13.393265954000071],[121.90890585800003,13.389299274000052],[121.91488183900003,13.387307280000073],[121.91864449500008,13.386311284000044],[121.92158857000004,13.386527840000042],[121.93526583000005,13.39288023000006]]]},"properties":{"psgc_code":1704001014,"name":"Binunga","corr_code":174001014,"geo_level":"Bgy","city_class":"","inc_class":"","urb_rur":"","pop_2015":"R","pop_2020":"","status":"","adm4_pcode":"PH1704001014","adm4_en":"Binunga","adm3_pcode":"PH1704001","adm2_pcode":"PH17040","adm1_pcode":"PH17","adm0_pcode":"PH","shape_len":0.0966096487654,"shape_area":0.00054230722293,"shape_sqkm":6.49828512103}},
{"type":"Feature","geometry":{"type":"Polygon","coordinates":[[[121.95256445100006,13.359959826000022],[121.9528230300001,13.361317359000054],[121.95172407400003,13.364291002000073],[121.95030189700003,13.367329290000043],[121.94602169400002,13.370522665000067],[121.9390641010001,13.368558655000072],[121.93362900000011,13.365399000000025],[121.92898056100012,13.357473148000054],[121.93265397100004,13.355564005000076],[121.93633870300005,13.354206472000044],[121.93924770100011,13.35356002900005],[121.94299707700009,13.354012540000042],[121.94534800000008,13.355208000000061],[121.9477161210001,13.35614580500004],[121.94959080900003,13.357374049000043],[121.95256445100006,13.359959826000022]]]},"properties":{"psgc_code":1704001015,"name":"Boi","corr_code":174001015,"geo_level":"Bgy","city_class":"","inc_class":"","urb_rur":"","pop_2015":"R","pop_2020":"","status":"","adm4_pcode":"PH1704001015","adm4_en":"Boi","adm3_pcode":"PH1704001","adm2_pcode":"PH17040","adm1_pcode":"PH17","adm0_pcode":"PH","shape_len":0.0621413546558,"shape_area":0.000266043783906,"shape_sqkm":3.18838826679}},
{"type":"Feature","geometry":{"type":"Polygon","coordinates":[[[121.86904836100007,13.443259180000041],[121.86820100000011,13.44392700000003],[121.8670767000001,13.444027190000043],[121.86354381000001,13.443843710000067],[121.8590693000001,13.445209960000057],[121.86010815000009,13.442457680000075],[121.8601020000001,13.442324000000042],[121.85948865000012,13.438036612000076],[121.8597342590001,13.435695550000048],[121.86104651000005,13.435507830000063],[121.86131590000002,13.435419650000028],[121.8633895800001,13.434098660000075],[121.8640512500001,13.434262280000041],[121.86578228000008,13.435266340000055],[121.86862693000012,13.438907610000058],[121.86882885000011,13.440742330000035],[121.86920813000006,13.44114348000005],[121.86904836100007,13.443259180000041]]]},"properties":{"psgc_code":1704001016,"name":"Boton","corr_code":174001016,"geo_level":"Bgy","city_class":"","inc_class":"","urb_rur":"","pop_2015":"R","pop_2020":"","status":"","adm4_pcode":"PH1704001016","adm4_en":"Boton","adm3_pcode":"PH1704001","adm2_pcode":"PH17040","adm1_pcode":"PH17","adm0_pcode":"PH","shape_len":0.036075120312,"shape_area":0.000077678469847,"shape_sqkm":0.93063826908}},
{"type":"Feature","geometry":{"type":"Polygon","coordinates":[[[121.84302280600002,13.467899156000044],[121.83960900000011,13.472293000000036],[121.83956322100005,13.472384567000063],[121.83960979100004,13.473751825000022],[121.83966650500008,13.47416333800004],[121.83929832500007,13.474587000000042],[121.83909997,13.474640272000045],[121.83907677400009,13.475227929000027],[121.83865927500005,13.475940704000038],[121.83773402800011,13.476660856000024],[121.83700055600002,13.477067759000022],[121.83660416000009,13.477364373000057],[121.83613860800006,13.477871337000067],[121.83527906000006,13.478498487000024],[121.83512719700002,13.478849742000023],[121.83517365000012,13.479384839000033],[121.83504381800003,13.479598456000076],[121.83496339200008,13.479304457000069],[121.83446406200005,13.47864757700006],[121.83304088900002,13.477224385000056],[121.8297362620001,13.474242010000069],[121.82871508100004,13.473741950000033],[121.82840457700001,13.473233575000052],[121.82753066200007,13.472559361000037],[121.82776158500008,13.47255404200007],[121.82861513600005,13.471432940000057],[121.82843030200002,13.471120069000051],[121.82802915900004,13.471412346000022],[121.82777660500005,13.471306721000076],[121.82768135700007,13.47101852700007],[121.8280279390001,13.470587101000035],[121.8278372100001,13.46999407900006],[121.827865427,13.469674245000022],[121.8276597570001,13.469107201000043],[121.82800337300012,13.46878898500006],[121.82810538500007,13.46852102500003],[121.82883872100001,13.46895382200006],[121.82912951700007,13.469234366000023],[121.82952284100008,13.469276120000075],[121.82941461600001,13.468765802000064],[121.82981667100012,13.468546023000044],[121.83014352800001,13.468172039000024],[121.83004835400004,13.467832737000037],[121.82969727300008,13.467821326000035],[121.82953029700002,13.467616131000057],[121.82991214200001,13.467460170000038],[121.83012682100002,13.467226795000045],[121.82991928600006,13.466961404000074],[121.83014687200011,13.466301840000028],[121.83037324500003,13.466000045000044],[121.83139825400008,13.465658375000032],[121.83193923100009,13.465174343000058],[121.83225242800006,13.464348641000072],[121.83299271200008,13.463836137000044],[121.83350521700004,13.463608357000055],[121.83430244600004,13.463095852000038],[121.83469707000006,13.46223051000004],[121.83564365400002,13.461004876000061],[121.83596761900003,13.460341518000064],[121.83633786700011,13.459870995000074],[121.83683153000004,13.458929951000073],[121.83734833200003,13.458444002000022],[121.83785651700009,13.45815132000007],[121.83830803600006,13.457491409000056],[121.83859256400001,13.457207814000071],[121.83897846000002,13.457669580000072],[121.84022259000005,13.460233520000031],[121.84047673000009,13.461680150000063],[121.84210936000011,13.466057270000022],[121.84302280600002,13.467899156000044]]]},"properties":{"psgc_code":1704001017,"name":"Buliasnin","corr_code":174001017,"geo_level":"Bgy","city_class":"","inc_class":"","urb_rur":"","pop_2015":"R","pop_2020":"","status":"","adm4_pcode":"PH1704001017","adm4_en":"Buliasnin","adm3_pcode":"PH1704001","adm2_pcode":"PH17040","adm1_pcode":"PH17","adm0_pcode":"PH","shape_len":0.0627127953051,"shape_area":0.000175960915585,"shape_sqkm":2.10787626008}},
{"type":"Feature","geometry":{"type":"Polygon","coordinates":[[[121.85248347000004,13.400949160000039],[121.85281229000009,13.407153610000023],[121.82739570800004,13.392937311000026],[121.82548075000011,13.393968960000052],[121.82475185700002,13.393970677000027],[121.82473809900011,13.392473106000068],[121.82452003600008,13.391403960000048],[121.824427764,13.390538075000052],[121.82461971600003,13.390293936000035],[121.82462401100008,13.390016335000041],[121.82431118000011,13.389583792000053],[121.82409999900005,13.388621985000043],[121.82374078200007,13.38775957100006],[121.82372155200005,13.38587566900003],[121.82335022200004,13.385185119000027],[121.82444810000004,13.384887420000041],[121.82704903500007,13.384686416000022],[121.82995783100012,13.384895580000034],[121.83662988700007,13.386430563000033],[121.85589013000003,13.39515651000005],[121.85248347000004,13.400949160000039]]]},"properties":{"psgc_code":1704001018,"name":"Bunganay","corr_code":174001018,"geo_level":"Bgy","city_class":"","inc_class":"","urb_rur":"","pop_2015":"R","pop_2020":"","status":"","adm4_pcode":"PH1704001018","adm4_en":"Bunganay","adm3_pcode":"PH1704001","adm2_pcode":"PH17040","adm1_pcode":"PH17","adm0_pcode":"PH","shape_len":0.0888640728172,"shape_area":0.000333283274529,"shape_sqkm":3.99368926315}},
{"type":"Feature","geometry":{"type":"Polygon","coordinates":[[[121.8385544250001,13.484198755000023],[121.83784264500002,13.484212557000035],[121.837406525,13.482828237000035],[121.83712893600011,13.482272107000028],[121.83676145600009,13.48174930700003],[121.83636859100011,13.480923851000057],[121.83606926400012,13.48101076200004],[121.83578160600007,13.480881650000072],[121.83504381800003,13.479598456000076],[121.83517365000012,13.479384839000033],[121.83512719700002,13.478849742000023],[121.83527906000006,13.478498487000024],[121.83613860800006,13.477871337000067],[121.83660416000009,13.477364373000057],[121.83700055600002,13.477067759000022],[121.83773402800011,13.476660856000024],[121.83865927500005,13.475940704000038],[121.83907677400009,13.475227929000027],[121.83909997,13.474640272000045],[121.83929832500007,13.474587000000042],[121.83966650500008,13.47416333800004],[121.83960979100004,13.473751825000022],[121.83956322100005,13.472384567000063],[121.83960900000011,13.472293000000036],[121.84302280600002,13.467899156000044],[121.84494688000007,13.471609860000058],[121.84169671000006,13.480096870000068],[121.84177903000011,13.481912640000075],[121.84224770100002,13.482048224000039],[121.8420631780001,13.482476653000049],[121.84206254800006,13.482757482000068],[121.8424343370001,13.48326877200003],[121.84240659300008,13.48371091100006],[121.84222310500002,13.483930480000026],[121.84185155600005,13.484102352000036],[121.84140479500002,13.484129661000054],[121.8403911260001,13.483826966000038],[121.83946686800004,13.483838003000074],[121.8385544250001,13.484198755000023]]]},"properties":{"psgc_code":1704001019,"name":"Maligaya","corr_code":174001019,"geo_level":"Bgy","city_class":"","inc_class":"","urb_rur":"","pop_2015":"R","pop_2020":"","status":"","adm4_pcode":"PH1704001019","adm4_en":"Maligaya","adm3_pcode":"PH1704001","adm2_pcode":"PH17040","adm1_pcode":"PH17","adm0_pcode":"PH","shape_len":0.0437266921238,"shape_area":0.000075339197413,"shape_sqkm":0.902475490953}},
{"type":"Feature","geometry":{"type":"Polygon","coordinates":[[[121.84668965000003,13.413416480000024],[121.84071142000005,13.415304510000055],[121.82345367000005,13.41240311000007],[121.8221754440001,13.412125622000076],[121.82218267000007,13.412266174000024],[121.82208496400006,13.411826071000064],[121.82221545400012,13.411569278000059],[121.82228930800011,13.410756351000032],[121.8224777800001,13.41044862800004],[121.82305003800002,13.410272055000064],[121.82338687100003,13.409958281000058],[121.82365585500008,13.409468338000067],[121.8238917110001,13.408183338000072],[121.82386303700002,13.407294110000066],[121.8239547930001,13.406835994000062],[121.82436060000009,13.406206022000049],[121.82505552600003,13.406195558000036],[121.82541400000002,13.405998383000053],[121.8264554650001,13.406022473000064],[121.83822212100006,13.406242280000072],[121.84046776000002,13.407579830000032],[121.84668965000003,13.413416480000024]]]},"properties":{"psgc_code":1704001020,"name":"Caganhao","corr_code":174001020,"geo_level":"Bgy","city_class":"","inc_class":"","urb_rur":"","pop_2015":"R","pop_2020":"","status":"","adm4_pcode":"PH1704001020","adm4_en":"Caganhao","adm3_pcode":"PH1704001","adm2_pcode":"PH17040","adm1_pcode":"PH17","adm0_pcode":"PH","shape_len":0.0573359160848,"shape_area":0.000154486379048,"shape_sqkm":1.85106755672}},
{"type":"Feature","geometry":{"type":"Polygon","coordinates":[[[121.93526583000005,13.39288023000006],[121.92158857000004,13.386527840000042],[121.91864449500008,13.386311284000044],[121.91488183900003,13.387307280000073],[121.90890585800003,13.389299274000052],[121.90653109000004,13.393265954000071],[121.9061392000001,13.399923242000057],[121.89959715300006,13.396721365000076],[121.89923889900001,13.393053509000026],[121.89873638400002,13.388638466000032],[121.89827581400004,13.38633560900007],[121.8928667450001,13.386461475000033],[121.89493434000008,13.380617168000072],[121.90281235200007,13.380053651000026],[121.90480405400001,13.378371683000069],[121.90949066400003,13.376564921000067],[121.91915257000005,13.356448839000052],[121.92391427700011,13.353788578000035],[121.92898056100012,13.357473148000054],[121.93362900000011,13.365399000000025],[121.9390641010001,13.368558655000072],[121.94602169400002,13.370522665000067],[121.94663578900008,13.37528190100005],[121.9477104560001,13.380501707000064],[121.94556112300006,13.382804563000036],[121.94463998000003,13.386182086000076],[121.93957369700001,13.390020179000032],[121.93679393000002,13.392838490000031],[121.93526583000005,13.39288023000006]]]},"properties":{"psgc_code":1704001021,"name":"Canat","corr_code":174001021,"geo_level":"Bgy","city_class":"","inc_class":"","urb_rur":"","pop_2015":"R","pop_2020":"","status":"","adm4_pcode":"PH1704001021","adm4_en":"Canat","adm3_pcode":"PH1704001","adm2_pcode":"PH17040","adm1_pcode":"PH17","adm0_pcode":"PH","shape_len":0.169776295809,"shape_area":0.00114126735701,"shape_sqkm":13.6765703394}},
{"type":"Feature","geometry":{"type":"Polygon","coordinates":[[[121.88001833100009,13.430332367000062],[121.87876188300004,13.430604136000056],[121.87783076700009,13.430287392000025],[121.87666769900011,13.429698925000025],[121.8759709740001,13.42874842200007],[121.8748095300001,13.42883923100004],[121.87402063400009,13.429337085000043],[121.87337323500003,13.430558149000035],[121.87319635100005,13.429930713000033],[121.87256601500007,13.429779981000024],[121.87222100000008,13.429952000000071],[121.87204795700006,13.42977940000003],[121.87215022600003,13.429208842000037],[121.87240158000009,13.428683743000022],[121.87212752100004,13.427738238000074],[121.8716342140001,13.42708049600003],[121.87103706000005,13.426734570000065],[121.86944585300012,13.426133287000027],[121.86605000000009,13.422900000000027],[121.86553843100012,13.419240008000031],[121.87235994100001,13.404773871000032],[121.87719156000003,13.394983840000066],[121.88484298000003,13.392872190000048],[121.88794831000007,13.395076120000056],[121.88613203500006,13.397807365000062],[121.88632666000001,13.400815210000076],[121.88512603000004,13.401781708000044],[121.88449117000005,13.404603394000048],[121.88457230000006,13.406307145000028],[121.88335533600002,13.40776750200007],[121.88185961600004,13.408376635000025],[121.8818949780001,13.409146729000042],[121.88148932400009,13.410931611000024],[121.88238176400012,13.413284409000028],[121.88001561200008,13.415119117000074],[121.87797052200006,13.41897128200003],[121.87867813700007,13.421000071000037],[121.87948455600008,13.421157421000032],[121.8794867800001,13.425121730000058],[121.87950422500012,13.427058044000034],[121.88001833100009,13.430332367000062]]]},"properties":{"psgc_code":1704001022,"name":"Catubugan","corr_code":174001022,"geo_level":"Bgy","city_class":"","inc_class":"","urb_rur":"","pop_2015":"R","pop_2020":"","status":"","adm4_pcode":"PH1704001022","adm4_en":"Catubugan","adm3_pcode":"PH1704001","adm2_pcode":"PH17040","adm1_pcode":"PH17","adm0_pcode":"PH","shape_len":0.103182603551,"shape_area":0.000416714625176,"shape_sqkm":4.99308140219}},
{"type":"Feature","geometry":{"type":"Polygon","coordinates":[[[121.85416304000012,13.379103900000075],[121.851853,13.381219000000044],[121.8535194960001,13.383883021000031],[121.86055947300008,13.386938115000078],[121.85589013000003,13.39515651000005],[121.83662988700007,13.386430563000033],[121.82995783100012,13.384895580000034],[121.82704903500007,13.384686416000022],[121.82444810000004,13.384887420000041],[121.82335022200004,13.385185119000027],[121.82328366400009,13.38443875300004],[121.82316262600011,13.383990589000064],[121.82258270000011,13.383293717000072],[121.82187052400002,13.382636469000033],[121.82152655400012,13.382462152000073],[121.82050681300007,13.383164099000055],[121.82044859100006,13.383075495000071],[121.82163299800004,13.382217859000036],[121.82158228700007,13.381705725000074],[121.82189431800009,13.381520635000072],[121.82249511100008,13.380719298000031],[121.82296198100005,13.380453725000052],[121.82375274200001,13.378661367000063],[121.82382774400003,13.378222512000036],[121.82368029300005,13.377710351000076],[121.82366749700009,13.377258332000054],[121.8238190620001,13.377041804000044],[121.82375247400012,13.376474299000051],[121.82357773000001,13.375984678000066],[121.82334839500004,13.37503776400007],[121.82330806900006,13.374459989000059],[121.82342245600012,13.373326145000021],[121.82343881700001,13.372451862000048],[121.8236328700001,13.37282973300006],[121.82360002900009,13.37314658300005],[121.82391278800003,13.373566090000054],[121.82389606900006,13.374016279000045],[121.824532051,13.374072941000065],[121.82500450100008,13.374377816000049],[121.82548929600011,13.37452614700004],[121.8261571160001,13.375168959000064],[121.82689964100007,13.375774023000076],[121.83771232900006,13.375790057000074],[121.84720421000009,13.37199312000007],[121.85217497200006,13.378069221000032],[121.85275702900003,13.378626980000035],[121.85302185900002,13.378790922000064],[121.85416304000012,13.379103900000075]]]},"properties":{"psgc_code":1704001023,"name":"Cawit","corr_code":174001023,"geo_level":"Bgy","city_class":"","inc_class":"","urb_rur":"","pop_2015":"R","pop_2020":"","status":"","adm4_pcode":"PH1704001023","adm4_en":"Cawit","adm3_pcode":"PH1704001","adm2_pcode":"PH17040","adm1_pcode":"PH17","adm0_pcode":"PH","shape_len":0.114107386694,"shape_area":0.000441051844432,"shape_sqkm":5.28531208939}},
{"type":"Feature","geometry":{"type":"Polygon","coordinates":[[[121.84997489000011,13.443752114000063],[121.84937093000008,13.443996180000056],[121.84668659300007,13.444471486000054],[121.84423659600009,13.443860332000042],[121.84484900000007,13.441760000000045],[121.84449359400003,13.439583304000053],[121.84505505400011,13.438420844000063],[121.84506431000011,13.43726040000007],[121.84618455000009,13.436267560000033],[121.84602295000002,13.430234690000077],[121.84746939200011,13.430772615000024],[121.84907614000008,13.427855650000026],[121.85098059000006,13.43147730000004],[121.85096266000005,13.432666780000034],[121.85024569200004,13.436367528000062],[121.85024441100006,13.436619048000068],[121.84944045100008,13.436652579000054],[121.84896154100011,13.437028414000054],[121.84892391700009,13.43813295800004],[121.84875244300008,13.439567982000028],[121.84883122600002,13.440715441000066],[121.84936395700004,13.44190283200004],[121.84986283800004,13.443502599000055],[121.84997489000011,13.443752114000063]]]},"properties":{"psgc_code":1704001024,"name":"Daig","corr_code":174001024,"geo_level":"Bgy","city_class":"","inc_class":"","urb_rur":"","pop_2015":"R","pop_2020":"","status":"","adm4_pcode":"PH1704001024","adm4_en":"Daig","adm3_pcode":"PH1704001","adm2_pcode":"PH17040","adm1_pcode":"PH17","adm0_pcode":"PH","shape_len":0.0428200144082,"shape_area":0.000065083157599,"shape_sqkm":0.779747445287}},
{"type":"Feature","geometry":{"type":"Polygon","coordinates":[[[121.85714959000006,13.448515790000044],[121.85824544000002,13.451628570000025],[121.85927927000012,13.453443510000056],[121.85894030000009,13.454587220000064],[121.85822943000005,13.455677700000024],[121.85723693000011,13.456955610000023],[121.85270165000009,13.455069090000052],[121.85093634400005,13.454842562000067],[121.84920213600003,13.453751514000032],[121.84887567100009,13.45287147700003],[121.84829574100002,13.450964616000022],[121.84917371600011,13.451260110000021],[121.8499712260001,13.451385792000053],[121.85051420400009,13.451155741000036],[121.8509291260001,13.450757607000071],[121.85135771000012,13.449854909000067],[121.85142199800009,13.449015533000022],[121.85133635200009,13.44857577700003],[121.85347560800005,13.44820820800004],[121.8545258370001,13.447192938000057],[121.85612222000009,13.445783450000022],[121.85660111000004,13.44512883300007],[121.85707315000002,13.445292940000058],[121.8571730000001,13.446022000000028],[121.85686980000003,13.447381040000039],[121.85714959000006,13.448515790000044]]]},"properties":{"psgc_code":1704001025,"name":"Daypay","corr_code":174001025,"geo_level":"Bgy","city_class":"","inc_class":"","urb_rur":"","pop_2015":"R","pop_2020":"","status":"","adm4_pcode":"PH1704001025","adm4_en":"Daypay","adm3_pcode":"PH1704001","adm2_pcode":"PH17040","adm1_pcode":"PH17","adm0_pcode":"PH","shape_len":0.0367627205382,"shape_area":0.000066817944138,"shape_sqkm":0.800483008513}},
{"type":"Feature","geometry":{"type":"Polygon","coordinates":[[[121.8928667450001,13.386461475000033],[121.88931685500006,13.387793271000021],[121.88683969500005,13.387971262000065],[121.88104048200012,13.385020775000044],[121.87972333000005,13.383114896000052],[121.87835452800005,13.382973296000046],[121.87325691700005,13.380566091000048],[121.866777866,13.379696136000064],[121.86554300000012,13.380139000000042],[121.86223171000006,13.374999870000067],[121.86558800000012,13.370956000000035],[121.87222285000007,13.365682970000023],[121.88448356000004,13.36434932000003],[121.89321030000008,13.358578550000061],[121.90738737000004,13.349082440000075],[121.91915257000005,13.356448839000052],[121.90949066400003,13.376564921000067],[121.90480405400001,13.378371683000069],[121.90281235200007,13.380053651000026],[121.89493434000008,13.380617168000072],[121.8928667450001,13.386461475000033]]]},"properties":{"psgc_code":1704001026,"name":"Duyay","corr_code":174001026,"geo_level":"Bgy","city_class":"","inc_class":"","urb_rur":"","pop_2015":"R","pop_2020":"","status":"","adm4_pcode":"PH1704001026","adm4_en":"Duyay","adm3_pcode":"PH1704001","adm2_pcode":"PH17040","adm1_pcode":"PH17","adm0_pcode":"PH","shape_len":0.147587885483,"shape_area":0.00109786519191,"shape_sqkm":13.1568751881}},
{"type":"Feature","geometry":{"type":"Polygon","coordinates":[[[121.85260484000003,13.422227200000066],[121.85183932000007,13.422135510000032],[121.84665729000005,13.424205500000028],[121.84530957000004,13.424877650000042],[121.8428336400001,13.427171350000037],[121.84123051000006,13.426614460000053],[121.83952044000011,13.426077680000049],[121.83959822000008,13.426398710000058],[121.83924568000009,13.428678250000075],[121.83964642000001,13.430655380000076],[121.8396097000001,13.433011950000036],[121.8386576900001,13.43324455000004],[121.83597486500003,13.431257560000063],[121.83378796600005,13.430827351000062],[121.83063309500005,13.432225532000075],[121.82787258200005,13.43201042800007],[121.8253630260001,13.43014618500007],[121.8226383650001,13.43014618500007],[121.82081019800012,13.430852509000033],[121.82011968800009,13.431028771000058],[121.81944460500006,13.431043916000021],[121.81924609400005,13.431153696000024],[121.81948177800007,13.430256131000021],[121.82017427700009,13.428375458000062],[121.82077374000005,13.427562292000061],[121.82095808700001,13.427051161000065],[121.82124132100012,13.42550447900004],[121.82142660900001,13.424888832000022],[121.82159268200007,13.423792061000029],[121.82155465700009,13.423218119000069],[121.82106348900004,13.421025402000055],[121.82116782000003,13.420368826000072],[121.82261600000004,13.420489000000032],[121.82836876300007,13.419659387000024],[121.83447514900001,13.420776395000075],[121.84071142000005,13.415304510000055],[121.84668965000003,13.413416480000024],[121.8524272300001,13.415845730000058],[121.85260484000003,13.422227200000066]]]},"properties":{"psgc_code":1704001027,"name":"Ihatub","corr_code":174001027,"geo_level":"Bgy","city_class":"","inc_class":"","urb_rur":"","pop_2015":"U","pop_2020":"","status":"","adm4_pcode":"PH1704001027","adm4_en":"Ihatub","adm3_pcode":"PH1704001","adm2_pcode":"PH17040","adm1_pcode":"PH17","adm0_pcode":"PH","shape_len":0.0963838305232,"shape_area":0.000347949619909,"shape_sqkm":4.16893893338}},
{"type":"Feature","geometry":{"type":"Polygon","coordinates":[[[121.83763686000009,13.445624620000046],[121.83724991100007,13.445492607000062],[121.83569631700004,13.445573681000042],[121.83641419000003,13.44280628000007],[121.83618603000002,13.44214554000007],[121.83622166000009,13.441524270000059],[121.83837874000005,13.439742700000068],[121.84028369000009,13.438290950000066],[121.84124401000008,13.436779280000053],[121.84417767000002,13.434289430000035],[121.84506431000011,13.43726040000007],[121.84505505400011,13.438420844000063],[121.84449359400003,13.439583304000053],[121.83837639000001,13.444085530000052],[121.83804698000006,13.443929710000077],[121.83768497000005,13.445119610000063],[121.83763686000009,13.445624620000046]]]},"properties":{"psgc_code":1704001028,"name":"Isok II Pob.","corr_code":174001028,"geo_level":"Bgy","city_class":"Kalamias","inc_class":"","urb_rur":"","pop_2015":"R","pop_2020":"","status":"","adm4_pcode":"PH1704001028","adm4_en":"Isok II Pob. (Kalamias)","adm3_pcode":"PH1704001","adm2_pcode":"PH17040","adm1_pcode":"PH17","adm0_pcode":"PH","shape_len":0.0323137252558,"shape_area":0.000041858248923,"shape_sqkm":0.501488334168}},
{"type":"Feature","geometry":{"type":"Polygon","coordinates":[[[121.95955432000005,13.433903110000074],[121.95273849000012,13.438947340000027],[121.9511595140001,13.435537785000065],[121.9482277080001,13.43217186000004],[121.9360287500001,13.42338164000006],[121.93370228600008,13.419788329000028],[121.93246889600005,13.412482859000022],[121.93451198900004,13.411724966000065],[121.93653193500006,13.409705021000036],[121.9377255390001,13.407685075000074],[121.93625648800003,13.40621602300007],[121.93579740900009,13.403369737000048],[121.93578956300007,13.399010434000047],[121.93526583000005,13.39288023000006],[121.93679393000002,13.392838490000031],[121.93957369700001,13.390020179000032],[121.94463998000003,13.386182086000076],[121.94556112300006,13.382804563000036],[121.9477104560001,13.380501707000064],[121.94663578900008,13.37528190100005],[121.94602169400002,13.370522665000067],[121.95030189700003,13.367329290000043],[121.95172407400003,13.364291002000073],[121.9528230300001,13.361317359000054],[121.95256445100006,13.359959826000022],[121.95962861100008,13.36062514400004],[121.96330708800008,13.362406906000047],[121.96721546800006,13.361832144000061],[121.96951451500001,13.363384002000032],[121.98871156100006,13.36568304800005],[122.00082795100002,13.367359717000056],[122.00890787700007,13.390104271000041],[121.99826990800011,13.397877210000047],[121.98529469900006,13.409190015000036],[121.98315329600007,13.411106006000068],[121.98207503700007,13.411920544000054],[121.9806691980001,13.412389157000064],[121.97919126300008,13.413326384000072],[121.97767728300005,13.414696176000064],[121.9662669700001,13.426973370000042],[121.95955432000005,13.433903110000074]]]},"properties":{"psgc_code":1704001029,"name":"Hinapulan","corr_code":174001029,"geo_level":"Bgy","city_class":"","inc_class":"","urb_rur":"","pop_2015":"R","pop_2020":"","status":"","adm4_pcode":"PH1704001029","adm4_en":"Hinapulan","adm3_pcode":"PH1704001","adm2_pcode":"PH17040","adm1_pcode":"PH17","adm0_pcode":"PH","shape_len":0.248056399097,"shape_area":0.00351933919785,"shape_sqkm":42.1716676023}},
{"type":"Feature","geometry":{"type":"Polygon","coordinates":[[[121.82142135300012,13.446689715000048],[121.8210780920001,13.447387640000045],[121.82070596900007,13.447923915000047],[121.81962774100009,13.448273958000073],[121.81893977800007,13.448220150000054],[121.81819452200011,13.447906075000049],[121.8176567270001,13.447769636000032],[121.81725375500002,13.447808631000044],[121.81682869300005,13.44805062000006],[121.81635917300002,13.448045299000057],[121.81620299700012,13.447922108000057],[121.8162917190001,13.447382479000055],[121.81601461900004,13.44698668500007],[121.81594369300001,13.446648394000022],[121.81604727500007,13.446372104000034],[121.81572944300001,13.445929989000035],[121.81506283600004,13.445563101000062],[121.81476622200012,13.445540306000055],[121.81387545500002,13.445844132000047],[121.81332814000007,13.445957578000048],[121.81260755200003,13.445987927000033],[121.81179814600011,13.445886161000033],[121.81130499300002,13.445887012000071],[121.8114927580001,13.44539479100007],[121.8121216620001,13.444478768000067],[121.81288107800003,13.44303241800003],[121.81458549500007,13.440751590000048],[121.81509057500011,13.440042445000074],[121.81626379900001,13.438207885000054],[121.81652792000011,13.438013402000024],[121.81659009200007,13.437680001000047],[121.81679918700002,13.43750276000003],[121.81732792600008,13.436760521000053],[121.81775600000003,13.435786268000072],[121.81840146900004,13.434767609000062],[121.81879279100008,13.433732873000054],[121.81924609400005,13.431153696000024],[121.81944460500006,13.431043916000021],[121.82011968800009,13.431028771000058],[121.82081019800012,13.430852509000033],[121.8226383650001,13.43014618500007],[121.8253630260001,13.43014618500007],[121.82787258200005,13.43201042800007],[121.83063309500005,13.432225532000075],[121.83378796600005,13.430827351000062],[121.83597486500003,13.431257560000063],[121.8386576900001,13.43324455000004],[121.83879926000009,13.433932360000028],[121.83619096900009,13.435170651000021],[121.83583610200003,13.434082998000065],[121.83241075500007,13.435153419000073],[121.83043047600006,13.437080177000041],[121.82565906000002,13.438329618000068],[121.82339179500002,13.44118955600004],[121.82304406800006,13.440970185000026],[121.82198313100002,13.441652863000058],[121.82186753600001,13.442099518000077],[121.82273690200009,13.442939662000072],[121.82263235800008,13.443488521000063],[121.82161770200003,13.444403142000056],[121.82125183700009,13.44461220900007],[121.82109503800007,13.444847407000054],[121.82031104100008,13.445317805000059],[121.82004970900005,13.445605271000034],[121.82004970900005,13.44586660300007],[121.82033717500008,13.44612793500005],[121.82099050500005,13.446258601000068],[121.8213041030001,13.446180201000061],[121.82142135300012,13.446689715000048]]]},"properties":{"psgc_code":1704001030,"name":"Laylay","corr_code":174001030,"geo_level":"Bgy","city_class":"","inc_class":"","urb_rur":"","pop_2015":"R","pop_2020":"","status":"","adm4_pcode":"PH1704001030","adm4_en":"Laylay","adm3_pcode":"PH1704001","adm2_pcode":"PH17040","adm1_pcode":"PH17","adm0_pcode":"PH","shape_len":0.0813651633909,"shape_area":0.000194187168401,"shape_sqkm":2.3265070836}},
{"type":"Feature","geometry":{"type":"Polygon","coordinates":[[[121.82263751200003,13.463348178000047],[121.82199583200008,13.463104444000066],[121.82163258500009,13.463170637000076],[121.82054989700009,13.464427081000053],[121.81948232200011,13.46496727300007],[121.81892337500005,13.465512163000028],[121.81826792700008,13.464599704000022],[121.81767899700003,13.463904186000036],[121.81661717600002,13.462478411000063],[121.81584522300011,13.461327037000046],[121.81506869100008,13.460421808000035],[121.81428958900005,13.459335319000047],[121.81321241100011,13.457668365000075],[121.81199231700009,13.455958633000023],[121.81167933100005,13.455431740000051],[121.81138934400008,13.454770960000076],[121.8110388770001,13.453705284000023],[121.81158792300005,13.453828547000057],[121.81563338900003,13.455863392000026],[121.82050778400003,13.456079699000043],[121.82383284700006,13.454386720000059],[121.82660349000002,13.452231127000061],[121.82708806800008,13.451698498000042],[121.82741470700012,13.451162322000073],[121.8278753190001,13.450884510000037],[121.8283835850001,13.450715377000051],[121.82906357400009,13.450586792000024],[121.82985474300006,13.450629690000028],[121.83064699600004,13.450801114000058],[121.83121959900006,13.451058000000046],[121.83191290900004,13.451652368000055],[121.83142534300009,13.452044791000048],[121.82956444700005,13.452767688000051],[121.82915115500009,13.45377988000007],[121.82869996000011,13.454751053000052],[121.82793700800005,13.455607186000066],[121.82699707900008,13.455741351000029],[121.82648892300006,13.456260299000064],[121.82599668900002,13.456866809000076],[121.82561415700002,13.458398524000074],[121.82519598900001,13.458792380000034],[121.82459409800003,13.459548872000028],[121.8243098260001,13.45977343900006],[121.82349582800009,13.459918905000052],[121.82277133600007,13.459897495000064],[121.82244787200011,13.45957676100005],[121.82199075900007,13.459637609000026],[121.82178023600011,13.459919029000048],[121.8217650900001,13.460441076000052],[121.82194027900005,13.46112286400006],[121.82199859500008,13.462023095000063],[121.82235115200001,13.462484671000027],[121.82293742400009,13.462873843000068],[121.82289179500003,13.46318278900003],[121.82263751200003,13.463348178000047]]]},"properties":{"psgc_code":1704001031,"name":"Lupac","corr_code":174001031,"geo_level":"Bgy","city_class":"","inc_class":"","urb_rur":"","pop_2015":"R","pop_2020":"","status":"","adm4_pcode":"PH1704001031","adm4_en":"Lupac","adm3_pcode":"PH1704001","adm2_pcode":"PH17040","adm1_pcode":"PH17","adm0_pcode":"PH","shape_len":0.0613099505474,"shape_area":0.000103161915028,"shape_sqkm":1.23585650196}},
{"type":"Feature","geometry":{"type":"Polygon","coordinates":[[[121.9495246780001,13.445734780000066],[121.9470854000001,13.44671468000007],[121.94664124000008,13.448116560000074],[121.94628602000012,13.448630280000032],[121.94515731000001,13.448635310000043],[121.94401746000005,13.449251630000049],[121.94302169000002,13.449441730000046],[121.94280996000009,13.448917030000075],[121.94239288000006,13.449317850000057],[121.94168109000009,13.448737320000077],[121.94076612000003,13.448508160000074],[121.94010638000009,13.448417720000066],[121.93956801000002,13.448602450000067],[121.93898725800011,13.447218175000046],[121.93707868800004,13.447283987000048],[121.93515213600006,13.444423823000022],[121.93272330400009,13.443704169000057],[121.93060467100008,13.442345895000074],[121.92618722000009,13.43788150000006],[121.92725215500002,13.437090321000028],[121.93468627300001,13.435732287000064],[121.93730745900007,13.433757155000023],[121.94086412200011,13.432618608000041],[121.94483104900007,13.431940732000044],[121.9482277080001,13.43217186000004],[121.9511595140001,13.435537785000065],[121.95273849000012,13.438947340000027],[121.95198664000009,13.439333410000074],[121.95158556000001,13.439676060000068],[121.9515858100001,13.440937200000064],[121.9495246780001,13.445734780000066]]]},"properties":{"psgc_code":1704001032,"name":"Mahinhin","corr_code":174001032,"geo_level":"Bgy","city_class":"","inc_class":"","urb_rur":"","pop_2015":"R","pop_2020":"","status":"","adm4_pcode":"PH1704001032","adm4_en":"Mahinhin","adm3_pcode":"PH1704001","adm2_pcode":"PH17040","adm1_pcode":"PH17","adm0_pcode":"PH","shape_len":0.0700187829708,"shape_area":0.00028079117189,"shape_sqkm":3.36405613396}},
{"type":"Feature","geometry":{"type":"Polygon","coordinates":[[[121.89958081800012,13.418268040000044],[121.89950331300008,13.41944294700005],[121.89914750900004,13.421947074000059],[121.89862177900011,13.424326862000044],[121.8976198800001,13.425685140000041],[121.8967066140001,13.426277661000029],[121.89569657400011,13.426281630000062],[121.8945478710001,13.426161334000028],[121.89205592300004,13.426331908000066],[121.88988294800004,13.42675397100004],[121.88881215100002,13.42775006200003],[121.88774429300008,13.428564618000053],[121.89150400000005,13.415085000000033],[121.89107400000012,13.412213260000044],[121.89025258000004,13.407535400000029],[121.89158731000009,13.403969410000059],[121.89256699000009,13.398780000000045],[121.89560649100008,13.393302211000048],[121.89923889900001,13.393053509000026],[121.89959715300006,13.396721365000076],[121.9061392000001,13.399923242000057],[121.9075869400001,13.405949130000067],[121.9076834760001,13.406506482000054],[121.90609671400011,13.406563168000048],[121.90444234900008,13.406496708000077],[121.90258124400009,13.406229324000037],[121.90085217600006,13.406758671000034],[121.90017376000003,13.40844700100007],[121.90016592900008,13.410585352000055],[121.90011612800004,13.41254022000004],[121.89989773000002,13.414612146000024],[121.89958081800012,13.418268040000044]]]},"properties":{"psgc_code":1704001033,"name":"Mainit","corr_code":174001033,"geo_level":"Bgy","city_class":"","inc_class":"","urb_rur":"","pop_2015":"R","pop_2020":"","status":"","adm4_pcode":"PH1704001033","adm4_en":"Mainit","adm3_pcode":"PH1704001","adm2_pcode":"PH17040","adm1_pcode":"PH17","adm0_pcode":"PH","shape_len":0.0955741408487,"shape_area":0.000334642451006,"shape_sqkm":4.00972242563}},
{"type":"Feature","geometry":{"type":"Polygon","coordinates":[[[121.86412241000005,13.422370950000072],[121.8636017440001,13.42397789100005],[121.86279848100003,13.424807490000035],[121.8597166300001,13.42730639000007],[121.85927021000009,13.427241090000052],[121.85763859000008,13.427785240000048],[121.8564182880001,13.428780682000024],[121.85552100000007,13.428356000000065],[121.84989665000012,13.42578130000004],[121.85247475000006,13.42289130000006],[121.85584855000002,13.422449580000034],[121.85717029000011,13.421300580000036],[121.8579113400001,13.420556520000048],[121.85951781000006,13.41986619000005],[121.86065616000008,13.419524790000025],[121.86082598000007,13.418352000000027],[121.86068910000006,13.417881520000037],[121.86163324000006,13.418362480000042],[121.8628548160001,13.420705671000064],[121.86412241000005,13.422370950000072]]]},"properties":{"psgc_code":1704001034,"name":"Malbog","corr_code":174001034,"geo_level":"Bgy","city_class":"","inc_class":"","urb_rur":"","pop_2015":"R","pop_2020":"","status":"","adm4_pcode":"PH1704001034","adm4_en":"Malbog","adm3_pcode":"PH1704001","adm2_pcode":"PH17040","adm1_pcode":"PH17","adm0_pcode":"PH","shape_len":0.03821969296,"shape_area":0.000073872699108,"shape_sqkm":0.885099423162}},
{"type":"Feature","geometry":{"type":"Polygon","coordinates":[[[121.8416530500001,13.448303390000035],[121.84072158100003,13.448331324000037],[121.84068910700012,13.447933659000057],[121.83904383100003,13.448028258000022],[121.83895975000007,13.446874543000035],[121.83881732200007,13.445087804000025],[121.84010927300005,13.445080951000023],[121.84026300700009,13.445207979000031],[121.84077715000001,13.446016536000059],[121.84063029000004,13.447174010000026],[121.84104460000003,13.447433680000074],[121.8416530500001,13.448303390000035]]]},"properties":{"psgc_code":1704001035,"name":"Malusak","corr_code":174001035,"geo_level":"Bgy","city_class":"","inc_class":"","urb_rur":"","pop_2015":"R","pop_2020":"","status":"","adm4_pcode":"PH1704001035","adm4_en":"Malusak (Pob.)","adm3_pcode":"PH1704001","adm2_pcode":"PH17040","adm1_pcode":"PH17","adm0_pcode":"PH","shape_len":0.0115230962994,"shape_area":0.000005525382612,"shape_sqkm":0.0661958042799}},
{"type":"Feature","geometry":{"type":"Polygon","coordinates":[[[121.84907614000008,13.427855650000026],[121.84746939200011,13.430772615000024],[121.84602295000002,13.430234690000077],[121.84618455000009,13.436267560000033],[121.84506431000011,13.43726040000007],[121.84417767000002,13.434289430000035],[121.84124401000008,13.436779280000053],[121.83984457000008,13.436357000000044],[121.83858041000008,13.436097330000052],[121.83878778000008,13.435196940000026],[121.8393657900001,13.433963800000072],[121.83879926000009,13.433932360000028],[121.8386576900001,13.43324455000004],[121.8396097000001,13.433011950000036],[121.83964642000001,13.430655380000076],[121.83924568000009,13.428678250000075],[121.83959822000008,13.426398710000058],[121.83952044000011,13.426077680000049],[121.84123051000006,13.426614460000053],[121.8428336400001,13.427171350000037],[121.84530957000004,13.424877650000042],[121.84665729000005,13.424205500000028],[121.85183932000007,13.422135510000032],[121.85260484000003,13.422227200000066],[121.85247475000006,13.42289130000006],[121.84989665000012,13.42578130000004],[121.84907614000008,13.427855650000026]]]},"properties":{"psgc_code":1704001036,"name":"Mansiwat","corr_code":174001036,"geo_level":"Bgy","city_class":"","inc_class":"","urb_rur":"","pop_2015":"R","pop_2020":"","status":"","adm4_pcode":"PH1704001036","adm4_en":"Mansiwat","adm3_pcode":"PH1704001","adm2_pcode":"PH17040","adm1_pcode":"PH17","adm0_pcode":"PH","shape_len":0.0555568051284,"shape_area":0.000093088783396,"shape_sqkm":1.11530943067}},
{"type":"Feature","geometry":{"type":"Polygon","coordinates":[[[121.8416530500001,13.448303390000035],[121.84683817000007,13.446813090000035],[121.84644909000008,13.447344580000049],[121.84540333200005,13.449771467000062],[121.84436637500005,13.449603891000038],[121.84242609000012,13.449541661000069],[121.84135772700006,13.449681330000033],[121.84098115000006,13.449048960000027],[121.84078215700004,13.448901937000073],[121.84072158100003,13.448331324000037],[121.8416530500001,13.448303390000035]]]},"properties":{"psgc_code":1704001037,"name":"Mataas Na Bayan","corr_code":174001037,"geo_level":"Bgy","city_class":"","inc_class":"","urb_rur":"","pop_2015":"R","pop_2020":"","status":"","adm4_pcode":"PH1704001037","adm4_en":"Mataas Na Bayan (Pob.)","adm3_pcode":"PH1704001","adm2_pcode":"PH17040","adm1_pcode":"PH17","adm0_pcode":"PH","shape_len":0.0152685270112,"shape_area":0.000009456697499,"shape_sqkm":0.113293328}},
{"type":"Feature","geometry":{"type":"Polygon","coordinates":[[[121.86412241000005,13.422370950000072],[121.8628548160001,13.420705671000064],[121.86163324000006,13.418362480000042],[121.86068910000006,13.417881520000037],[121.86082598000007,13.418352000000027],[121.86065616000008,13.419524790000025],[121.85951781000006,13.41986619000005],[121.8579113400001,13.420556520000048],[121.85717029000011,13.421300580000036],[121.85584855000002,13.422449580000034],[121.85247475000006,13.42289130000006],[121.85260484000003,13.422227200000066],[121.8524272300001,13.415845730000058],[121.85281229000009,13.407153610000023],[121.85248347000004,13.400949160000039],[121.86195454500012,13.398726995000061],[121.87719156000003,13.394983840000066],[121.87235994100001,13.404773871000032],[121.86553843100012,13.419240008000031],[121.86412241000005,13.422370950000072]]]},"properties":{"psgc_code":1704001038,"name":"Maybo","corr_code":174001038,"geo_level":"Bgy","city_class":"","inc_class":"","urb_rur":"","pop_2015":"R","pop_2020":"","status":"","adm4_pcode":"PH1704001038","adm4_en":"Maybo","adm3_pcode":"PH1704001","adm2_pcode":"PH17040","adm1_pcode":"PH17","adm0_pcode":"PH","shape_len":0.0943512042684,"shape_area":0.000402386496423,"shape_sqkm":4.8214667937}},
{"type":"Feature","geometry":{"type":"Polygon","coordinates":[[[121.83904383100003,13.448028258000022],[121.83839598700001,13.448055588000045],[121.83836606700004,13.447821644000044],[121.83795804200008,13.447876218000033],[121.83767437400002,13.448308111000074],[121.83680688000004,13.448333060000039],[121.83647026000006,13.448007510000025],[121.83545396400007,13.447786952000058],[121.83569631700004,13.445573681000042],[121.83724991100007,13.445492607000062],[121.83763686000009,13.445624620000046],[121.83817327700001,13.446577242000046],[121.83834127000011,13.446777380000071],[121.83895975000007,13.446874543000035],[121.83904383100003,13.448028258000022]]]},"properties":{"psgc_code":1704001039,"name":"Mercado","corr_code":174001039,"geo_level":"Bgy","city_class":"","inc_class":"","urb_rur":"","pop_2015":"R","pop_2020":"","status":"","adm4_pcode":"PH1704001039","adm4_en":"Mercado (Pob.)","adm3_pcode":"PH1704001","adm2_pcode":"PH17040","adm1_pcode":"PH17","adm0_pcode":"PH","shape_len":0.0121851346012,"shape_area":0.000007307654897,"shape_sqkm":0.0875478903117}},
{"type":"Feature","geometry":{"type":"Polygon","coordinates":[[[121.83798057000001,13.450952044000076],[121.83700592000002,13.451367728000037],[121.83507481900006,13.451806126000065],[121.83529940000005,13.450480500000026],[121.83508091800002,13.449428213000033],[121.83545396400007,13.447786952000058],[121.83647026000006,13.448007510000025],[121.83680688000004,13.448333060000039],[121.83767437400002,13.448308111000074],[121.83795804200008,13.447876218000033],[121.83836606700004,13.447821644000044],[121.83839598700001,13.448055588000045],[121.83904383100003,13.448028258000022],[121.83911129800003,13.44885475700005],[121.83930013500003,13.45036516700003],[121.83798057000001,13.450952044000076]]]},"properties":{"psgc_code":1704001040,"name":"Murallon","corr_code":174001040,"geo_level":"Bgy","city_class":"","inc_class":"","urb_rur":"","pop_2015":"U","pop_2020":"","status":"","adm4_pcode":"PH1704001040","adm4_en":"Murallon (Pob.)","adm3_pcode":"PH1704001","adm2_pcode":"PH17040","adm1_pcode":"PH17","adm0_pcode":"PH","shape_len":0.0151796017846,"shape_area":0.000012448395138,"shape_sqkm":0.149133849921}},
{"type":"Feature","geometry":{"type":"Polygon","coordinates":[[[121.93370228600008,13.419788329000028],[121.91628660000003,13.421659920000025],[121.91440947000001,13.421171590000029],[121.91250586000001,13.421570650000035],[121.91065187000004,13.421538380000072],[121.90950505,13.421658320000063],[121.90708126000004,13.421097240000051],[121.90408800000012,13.421349000000077],[121.89958081800012,13.418268040000044],[121.89989773000002,13.414612146000024],[121.90011612800004,13.41254022000004],[121.90016592900008,13.410585352000055],[121.90017376000003,13.40844700100007],[121.90085217600006,13.406758671000034],[121.90258124400009,13.406229324000037],[121.90444234900008,13.406496708000077],[121.90609671400011,13.406563168000048],[121.9076834760001,13.406506482000054],[121.9075869400001,13.405949130000067],[121.9104084600001,13.403756760000022],[121.9119367300001,13.403266580000036],[121.91379516000006,13.403049490000058],[121.91469538000001,13.403341430000069],[121.91556936000006,13.403955410000037],[121.91630982000004,13.404613640000036],[121.92225760100007,13.407130204000055],[121.93246889600005,13.412482859000022],[121.93370228600008,13.419788329000028]]]},"properties":{"psgc_code":1704001041,"name":"Ogbac","corr_code":174001041,"geo_level":"Bgy","city_class":"","inc_class":"","urb_rur":"","pop_2015":"R","pop_2020":"","status":"","adm4_pcode":"PH1704001041","adm4_en":"Ogbac","adm3_pcode":"PH1704001","adm2_pcode":"PH17040","adm1_pcode":"PH17","adm0_pcode":"PH","shape_len":0.0899740104364,"shape_area":0.000464424936578,"shape_sqkm":5.56470181607}},
{"type":"Feature","geometry":{"type":"Polygon","coordinates":[[[121.88021864100006,13.459832611000024],[121.87706599700005,13.459911852000062],[121.87305125800003,13.459503608000034],[121.87070569600007,13.459637641000029],[121.86967811600005,13.460017398000048],[121.86477646100002,13.459280662000026],[121.8647104900001,13.454562070000065],[121.86993183000004,13.449168990000032],[121.87071914,13.448547220000023],[121.8696229410001,13.447232130000032],[121.8692720900001,13.446409410000058],[121.86904836100007,13.443259180000041],[121.86920813000006,13.44114348000005],[121.87044373600008,13.442212808000022],[121.8712939190001,13.443062992000023],[121.87226003700005,13.443333505000055],[121.87264648300004,13.443642663000048],[121.87287835200004,13.444802003000063],[121.87283970700003,13.445536253000057],[121.87299428500012,13.447159331000023],[121.87341937800011,13.447391198000048],[121.87380582500009,13.446734238000033],[121.87434685100004,13.446888817000058],[121.874269561,13.448086803000024],[121.87571803500009,13.44833761600006],[121.87625451500003,13.448107696000022],[121.877959755,13.447839456000054],[121.87928179300002,13.447283816000038],[121.88058467200005,13.446383297000068],[121.88123611200001,13.445406138000067],[121.88166750000005,13.442482320000067],[121.88498321000009,13.442139590000068],[121.88696297400008,13.445069244000024],[121.88734608200002,13.446505903000059],[121.88900629900002,13.446621690000029],[121.89222551900002,13.44609224900006],[121.89405048800006,13.445260799000039],[121.89510403800011,13.44502135600004],[121.89690974000007,13.44390616000004],[121.90044307900007,13.44959538300003],[121.90002167700004,13.453989300000046],[121.89707633600005,13.45399816400004],[121.89344682500007,13.453416526000069],[121.89106788100003,13.453174600000068],[121.88917279000009,13.453698774000031],[121.8883663680001,13.454626160000032],[121.88743898200005,13.455190654000035],[121.88550357000008,13.455150333000063],[121.88363018600012,13.454818338000052],[121.88245053000003,13.455752300000029],[121.88061001900007,13.458269346000066],[121.88021864100006,13.459832611000024]]]},"properties":{"psgc_code":1704001042,"name":"Pawa","corr_code":174001042,"geo_level":"Bgy","city_class":"","inc_class":"","urb_rur":"","pop_2015":"R","pop_2020":"","status":"","adm4_pcode":"PH1704001042","adm4_en":"Pawa","adm3_pcode":"PH1704001","adm2_pcode":"PH17040","adm1_pcode":"PH17","adm0_pcode":"PH","shape_len":0.111494199192,"shape_area":0.000370983118017,"shape_sqkm":4.44440715823}},
{"type":"Feature","geometry":{"type":"Polygon","coordinates":[[[121.82527209300008,13.462078653000049],[121.82431402400005,13.463062616000059],[121.82365900000002,13.466184000000055],[121.82351125000002,13.46637368000006],[121.8224423900001,13.467246240000065],[121.82204048000006,13.467443460000027],[121.82161956900006,13.467936088000044],[121.82074449100003,13.467147243000056],[121.82012198400002,13.466718139000022],[121.81981883100002,13.466337752000072],[121.81955031300004,13.466188203000058],[121.81892337500005,13.465512163000028],[121.81948232200011,13.46496727300007],[121.82054989700009,13.464427081000053],[121.82163258500009,13.463170637000076],[121.82199583200008,13.463104444000066],[121.82263751200003,13.463348178000047],[121.8234576000001,13.463305027000047],[121.82527209300008,13.462078653000049]]]},"properties":{"psgc_code":1704001043,"name":"Pili","corr_code":174001043,"geo_level":"Bgy","city_class":"","inc_class":"","urb_rur":"","pop_2015":"R","pop_2020":"","status":"","adm4_pcode":"PH1704001043","adm4_en":"Pili","adm3_pcode":"PH1704001","adm2_pcode":"PH17040","adm1_pcode":"PH17","adm0_pcode":"PH","shape_len":0.0188567859858,"shape_area":0.000015231924116,"shape_sqkm":0.182469420784}},
{"type":"Feature","geometry":{"type":"Polygon","coordinates":[[[121.8633895800001,13.434098660000075],[121.86131590000002,13.435419650000028],[121.86104651000005,13.435507830000063],[121.8597342590001,13.435695550000048],[121.85852273900002,13.435204378000037],[121.85700565200011,13.43484509600006],[121.85596293700007,13.434779290000051],[121.85639100000003,13.432608000000073],[121.85656289200006,13.430130315000042],[121.8564182880001,13.428780682000024],[121.85763859000008,13.427785240000048],[121.85927021000009,13.427241090000052],[121.8597166300001,13.42730639000007],[121.86279848100003,13.424807490000035],[121.8636017440001,13.42397789100005],[121.86412241000005,13.422370950000072],[121.86553843100012,13.419240008000031],[121.86605000000009,13.422900000000027],[121.86944585300012,13.426133287000027],[121.86491006000006,13.429401270000028],[121.86324974200011,13.433713615000045],[121.8633895800001,13.434098660000075]]]},"properties":{"psgc_code":1704001044,"name":"Poctoy","corr_code":174001044,"geo_level":"Bgy","city_class":"","inc_class":"","urb_rur":"","pop_2015":"R","pop_2020":"","status":"","adm4_pcode":"PH1704001044","adm4_en":"Poctoy","adm3_pcode":"PH1704001","adm2_pcode":"PH17040","adm1_pcode":"PH17","adm0_pcode":"PH","shape_len":0.0470323136398,"shape_area":0.000091740842123,"shape_sqkm":1.09916246246}},
{"type":"Feature","geometry":{"type":"Polygon","coordinates":[[[121.82527209300008,13.462078653000049],[121.8234576000001,13.463305027000047],[121.82263751200003,13.463348178000047],[121.82289179500003,13.46318278900003],[121.82293742400009,13.462873843000068],[121.82235115200001,13.462484671000027],[121.82199859500008,13.462023095000063],[121.82194027900005,13.46112286400006],[121.8217650900001,13.460441076000052],[121.82178023600011,13.459919029000048],[121.82199075900007,13.459637609000026],[121.82244787200011,13.45957676100005],[121.82277133600007,13.459897495000064],[121.82349582800009,13.459918905000052],[121.8243098260001,13.45977343900006],[121.82459409800003,13.459548872000028],[121.82519598900001,13.458792380000034],[121.82561415700002,13.458398524000074],[121.82599668900002,13.456866809000076],[121.82648892300006,13.456260299000064],[121.82699707900008,13.455741351000029],[121.82793700800005,13.455607186000066],[121.82869996000011,13.454751053000052],[121.82915115500009,13.45377988000007],[121.82956444700005,13.452767688000051],[121.83142534300009,13.452044791000048],[121.83191290900004,13.451652368000055],[121.83239023600004,13.451820903000055],[121.83304358900011,13.451911955000071],[121.83357214000011,13.452626520000024],[121.8347902800001,13.454614040000024],[121.83339721000004,13.45697774000007],[121.83303459800004,13.458894882000038],[121.83235458000001,13.459725990000038],[121.8299740000001,13.461340000000064],[121.82527209300008,13.462078653000049]]]},"properties":{"psgc_code":1704001045,"name":"Poras","corr_code":174001045,"geo_level":"Bgy","city_class":"","inc_class":"","urb_rur":"","pop_2015":"R","pop_2020":"","status":"","adm4_pcode":"PH1704001045","adm4_en":"Poras","adm3_pcode":"PH1704001","adm2_pcode":"PH17040","adm1_pcode":"PH17","adm0_pcode":"PH","shape_len":0.0395510589701,"shape_area":0.000070109764218,"shape_sqkm":0.839899064937}},
{"type":"Feature","geometry":{"type":"Polygon","coordinates":[[[121.97483774300008,13.440725190000023],[121.96340300000008,13.447035000000028],[121.96274165500006,13.449654444000032],[121.96270377400003,13.452306086000021],[121.96126431100004,13.454465280000022],[121.95990061000009,13.454465280000022],[121.958347505,13.45310157800003],[121.95103654800005,13.452343966000058],[121.95156687600002,13.448821070000065],[121.9495246780001,13.445734780000066],[121.9515858100001,13.440937200000064],[121.95158556000001,13.439676060000068],[121.95198664000009,13.439333410000074],[121.95273849000012,13.438947340000027],[121.95955432000005,13.433903110000074],[121.97483774300008,13.440725190000023]]]},"properties":{"psgc_code":1704001046,"name":"Puting Buhangin","corr_code":174001046,"geo_level":"Bgy","city_class":"","inc_class":"","urb_rur":"","pop_2015":"R","pop_2020":"","status":"","adm4_pcode":"PH1704001046","adm4_en":"Puting Buhangin","adm3_pcode":"PH1704001","adm2_pcode":"PH17040","adm1_pcode":"PH17","adm0_pcode":"PH","shape_len":0.0721244310573,"shape_area":0.000272353745934,"shape_sqkm":3.26292203781}},
{"type":"Feature","geometry":{"type":"Polygon","coordinates":[[[121.92166391400008,13.453941198000052],[121.92102640500002,13.455755708000027],[121.91956790200004,13.455208769000023],[121.91941163400008,13.454739964000055],[121.91909909800006,13.454375339000023],[121.91816148800001,13.454245115000049],[121.916781119,13.454140937000034],[121.91571328700002,13.453333551000071],[121.91542679500003,13.452682433000064],[121.91478627000004,13.452021897000066],[121.9136548030001,13.451993035000044],[121.9119722580001,13.453212441000062],[121.91013232700004,13.454186521000054],[121.90818416500008,13.453753597000059],[121.90591131000008,13.452671284000076],[121.90002167700004,13.453989300000046],[121.90044307900007,13.44959538300003],[121.89690974000007,13.44390616000004],[121.89538339,13.437689300000045],[121.89637698000001,13.432403840000063],[121.89714500000002,13.432203000000072],[121.89775715000007,13.431913830000042],[121.89809846000003,13.431929930000024],[121.89884126000004,13.432399230000044],[121.89976553000008,13.432733420000034],[121.90010232000009,13.432964840000068],[121.90077824000002,13.433594740000046],[121.90107739000007,13.434067480000067],[121.90189286000009,13.434737780000034],[121.90243576000012,13.434763090000047],[121.90311712000005,13.435127960000045],[121.90372992000005,13.436556320000022],[121.90448974000003,13.437616380000065],[121.90532927000004,13.437293170000032],[121.90600075000009,13.437388140000053],[121.90632672000004,13.437299540000026],[121.90680172000009,13.436702670000045],[121.90634474000001,13.436090870000044],[121.90627920000009,13.435754590000045],[121.90645714000004,13.435394590000044],[121.90703910000002,13.43463980000007],[121.90734479000002,13.433784420000052],[121.90807418000009,13.433785930000056],[121.90828876000012,13.43345904000006],[121.90848896500006,13.433735901000034],[121.9078807300001,13.43404066000005],[121.90769934000002,13.434238050000033],[121.90767453000001,13.43460820000007],[121.90719014000001,13.435660540000072],[121.90728829000011,13.435898930000064],[121.90762122000001,13.43616430000003],[121.90805934000002,13.436084330000028],[121.9083142400001,13.43621040000005],[121.9087049200001,13.436912630000052],[121.9093502400001,13.437183960000027],[121.90990613000008,13.436857480000072],[121.9102820600001,13.437035180000066],[121.91047434000006,13.437533560000077],[121.91043997000008,13.438461940000025],[121.91090047000012,13.438549120000062],[121.91137640000011,13.438001950000057],[121.91170044000012,13.43821895000002],[121.91177605000007,13.43877727000006],[121.91195073000006,13.439056980000032],[121.91242875000012,13.439117740000029],[121.9126157500001,13.439310860000035],[121.9129343400001,13.439253950000023],[121.91330482000001,13.439462830000025],[121.91392408000002,13.439554780000037],[121.91397806000009,13.439144480000039],[121.91414192000002,13.438860250000062],[121.91457275000005,13.438932170000044],[121.91493150000008,13.438792190000072],[121.91525722000006,13.439034680000077],[121.91521908000004,13.439332570000033],[121.91537239000002,13.439583440000035],[121.91542528000002,13.44022332000003],[121.91580506000003,13.440693370000076],[121.91639196000006,13.440966960000026],[121.91571579000004,13.441525780000063],[121.91507877000004,13.441709260000039],[121.91459706,13.442026100000021],[121.91457426000011,13.442434630000037],[121.9142853400001,13.442832690000046],[121.91472933000011,13.443070570000032],[121.91511422000008,13.443403830000022],[121.91501205000009,13.443828460000077],[121.91514088000008,13.444075640000051],[121.91543114000001,13.444202790000077],[121.91583356000001,13.44412409000006],[121.91618233000008,13.443786550000027],[121.91680343000007,13.443566520000047],[121.9173941900001,13.443197970000028],[121.91792275000012,13.44249448000005],[121.91816482000002,13.44235886000007],[121.9187280000001,13.442249480000044],[121.91948639000009,13.441812950000042],[121.92028326000002,13.44275809000004],[121.92031553000004,13.442964200000063],[121.92009207000001,13.44336276000007],[121.92035560000011,13.443394950000027],[121.92074100000002,13.443156060000035],[121.92118155000003,13.443176600000072],[121.92140744000005,13.443048440000041],[121.92144558000007,13.442589030000022],[121.92116068000007,13.441931300000022],[121.92119865000006,13.441370970000037],[121.92183517000001,13.440721620000033],[121.92211496000004,13.440566140000044],[121.92247278000002,13.440837540000075],[121.92329345000007,13.439983600000062],[121.92360543000007,13.43943592000005],[121.92479326800003,13.438829330000033],[121.9253409800001,13.438784230000067],[121.92551265000009,13.438413830000059],[121.92550183000003,13.437815700000044],[121.92557937000004,13.437503470000024],[121.9258124700001,13.437421250000057],[121.92618722000009,13.43788150000006],[121.93060467100008,13.442345895000074],[121.92747002100009,13.445967732000042],[121.92740420700011,13.448402805000057],[121.93134477000001,13.449381550000055],[121.92643142000009,13.453468120000025],[121.92166391400008,13.453941198000052]]]},"properties":{"psgc_code":1704001047,"name":"Puyog","corr_code":174001047,"geo_level":"Bgy","city_class":"","inc_class":"","urb_rur":"","pop_2015":"R","pop_2020":"","status":"","adm4_pcode":"PH1704001047","adm4_en":"Puyog","adm3_pcode":"PH1704001","adm2_pcode":"PH17040","adm1_pcode":"PH17","adm0_pcode":"PH","shape_len":0.136525461901,"shape_area":0.000478946170083,"shape_sqkm":5.73796145371}},
{"type":"Feature","geometry":{"type":"Polygon","coordinates":[[[122.00529792700002,13.333754399000043],[122.00474326500012,13.333262625000032],[122.00437564100002,13.333047988000033],[122.00417969700004,13.332599771000048],[122.00433285400004,13.331858819000047],[122.00416657900007,13.331591589000027],[122.00360572700004,13.331719798000051],[122.00314648500012,13.331455298000037],[122.00265313700004,13.331686207000075],[122.00213110400011,13.331336413000031],[122.00159900000006,13.331312430000025],[122.001296894,13.331754033000038],[122.00087329900009,13.332092542000055],[122.00031342900002,13.332115344000044],[121.99988756900007,13.331730497000024],[121.99864352300006,13.331287030000055],[121.99802375100012,13.331213933000072],[121.99769044200002,13.331495287000052],[121.9972970880001,13.331620111000063],[121.99635457600004,13.332360581000046],[121.99531661900005,13.33239655500006],[121.99479436800004,13.332152583000038],[121.99430862400004,13.332337941000048],[121.99390505400004,13.33212022400005],[121.99326273000008,13.332204052000066],[121.99221930100009,13.33264065000003],[121.99142571100003,13.332863536000048],[121.99087585600012,13.332878841000024],[121.99086464800007,13.332521006000036],[121.99122547900004,13.33221251200007],[121.99151660300004,13.332099740000046],[121.99160579500005,13.331781958000022],[121.99080910500004,13.331703280000056],[121.99008596700003,13.331722478000074],[121.98963623300006,13.331834343000025],[121.98881816700009,13.331481798000027],[121.98859176500002,13.331558757000039],[121.9883658120001,13.332395782000049],[121.98796953800002,13.333461037000063],[121.98776916300005,13.334292666000067],[121.98720995100007,13.335356257000058],[121.9871939190001,13.335886816000027],[121.98699928600001,13.337043594000022],[121.98678505600003,13.33762845800004],[121.98639283800003,13.33786125100005],[121.98595731400007,13.337861338000039],[121.9856335720001,13.337658327000042],[121.98531874700006,13.337927199000035],[121.98477300800005,13.33789930100005],[121.98426759600011,13.338083982000057],[121.9832484860001,13.339274197000066],[121.98258156200006,13.339138920000039],[121.98212619100002,13.339239805000034],[121.98174317300004,13.339142525000057],[121.98110476800002,13.33876230800007],[121.98004108000009,13.338284423000061],[121.97918304600012,13.338263548000043],[121.97848963800004,13.338407861000064],[121.97754810800006,13.338358791000076],[121.97716658600007,13.33866015600006],[121.97775059300011,13.340039508000075],[121.97775584100009,13.341912870000044],[121.97675696700003,13.34354912300006],[121.97491589300012,13.344039209000073],[121.97349400000007,13.34354640500004],[121.97257395400004,13.34273242300003],[121.97181242800002,13.34135856100005],[121.97130673900006,13.340055002000042],[121.97004546100004,13.340057191000028],[121.96770086400011,13.340301800000077],[121.96735331600007,13.341532194000024],[121.96828386300001,13.342426725000053],[121.96820717300011,13.343972766000036],[121.96776633400009,13.345792730000028],[121.96734601200001,13.34661167400003],[121.96539428100004,13.34506973300006],[121.96420916300008,13.344581747000063],[121.96335450400011,13.345081770000036],[121.96284850300003,13.346396064000032],[121.96259982100003,13.347706997000046],[121.96203923300004,13.348585925000066],[121.96151605200009,13.348026316000073],[121.96091067200007,13.346970094000028],[121.9602530950001,13.34572939900005],[121.95922890000008,13.344833549000043],[121.95679082200002,13.344585797000036],[121.95628574900002,13.343601400000068],[121.95659447100002,13.342520662000027],[121.9566092120001,13.340882713000042],[121.95736741500002,13.339574816000038],[121.9587360050001,13.339000444000021],[121.96082050200005,13.337694355000053],[121.96183970300001,13.336063351000064],[121.96201650500007,13.335005495000075],[121.96050937600012,13.333784469000022],[121.96102526000004,13.331753942000034],[121.9618435000001,13.330360320000068],[121.96233550700003,13.329401799000038],[121.9663989930001,13.327670438000041],[121.96966990100009,13.327533483000025],[121.97381616900009,13.325242124000056],[121.97534374200006,13.322841654000058],[121.98025718200006,13.319974152000043],[121.98629208400007,13.317865896000058],[121.99448750700003,13.317206663000036],[121.99948456200002,13.318878409000035],[122.00409764500012,13.321406030000048],[122.00532169000007,13.327201650000063],[122.00529792700002,13.333754399000043]]]},"properties":{"psgc_code":1704001048,"name":"Sabong","corr_code":174001048,"geo_level":"Bgy","city_class":"","inc_class":"","urb_rur":"","pop_2015":"R","pop_2020":"","status":"","adm4_pcode":"PH1704001048","adm4_en":"Sabong","adm3_pcode":"PH1704001","adm2_pcode":"PH17040","adm1_pcode":"PH17","adm0_pcode":"PH","shape_len":0.156470574207,"shape_area":0.000733606424925,"shape_sqkm":8.7929648646}},
{"type":"Feature","geometry":{"type":"Polygon","coordinates":[[[121.84135772700006,13.449681330000033],[121.83996494700011,13.450107746000072],[121.83930013500003,13.45036516700003],[121.83911129800003,13.44885475700005],[121.83904383100003,13.448028258000022],[121.84068910700012,13.447933659000057],[121.84072158100003,13.448331324000037],[121.84078215700004,13.448901937000073],[121.84098115000006,13.449048960000027],[121.84135772700006,13.449681330000033]]]},"properties":{"psgc_code":1704001049,"name":"San Miguel","corr_code":174001049,"geo_level":"Bgy","city_class":"","inc_class":"","urb_rur":"","pop_2015":"U","pop_2020":"","status":"","adm4_pcode":"PH1704001049","adm4_en":"San Miguel (Pob.)","adm3_pcode":"PH1704001","adm2_pcode":"PH17040","adm1_pcode":"PH17","adm0_pcode":"PH","shape_len":0.00813432909773,"shape_area":0.000003728002103,"shape_sqkm":0.044662196795}},
{"type":"Feature","geometry":{"type":"Polygon","coordinates":[[[121.83507481900006,13.451806126000065],[121.83440683300012,13.45195285400007],[121.83304358900011,13.451911955000071],[121.83239023600004,13.451820903000055],[121.83191290900004,13.451652368000055],[121.83121959900006,13.451058000000046],[121.83064699600004,13.450801114000058],[121.82985474300006,13.450629690000028],[121.82906357400009,13.450586792000024],[121.8283835850001,13.450715377000051],[121.8278753190001,13.450884510000037],[121.82741470700012,13.451162322000073],[121.82708806800008,13.451698498000042],[121.82429365100006,13.449664943000073],[121.8247599450001,13.447545427000023],[121.82689017000007,13.444299440000066],[121.82710927000005,13.443324370000028],[121.82741003000001,13.443188730000031],[121.82771229900004,13.443445294000071],[121.8290419220001,13.44200672900007],[121.82954840000002,13.440769900000078],[121.83984457000008,13.436357000000044],[121.84124401000008,13.436779280000053],[121.84028369000009,13.438290950000066],[121.83837874000005,13.439742700000068],[121.83622166000009,13.441524270000059],[121.83618603000002,13.44214554000007],[121.83641419000003,13.44280628000007],[121.83569631700004,13.445573681000042],[121.83545396400007,13.447786952000058],[121.83508091800002,13.449428213000033],[121.83529940000005,13.450480500000026],[121.83507481900006,13.451806126000065]]]},"properties":{"psgc_code":1704001050,"name":"Santol","corr_code":174001050,"geo_level":"Bgy","city_class":"","inc_class":"","urb_rur":"","pop_2015":"U","pop_2020":"","status":"","adm4_pcode":"PH1704001050","adm4_en":"Santol","adm3_pcode":"PH1704001","adm2_pcode":"PH17040","adm1_pcode":"PH17","adm0_pcode":"PH","shape_len":0.0535503588697,"shape_area":0.000120551892544,"shape_sqkm":1.44425888751}},
{"type":"Feature","geometry":{"type":"Polygon","coordinates":[[[121.85707315000002,13.445292940000058],[121.85660111000004,13.44512883300007],[121.85612222000009,13.445783450000022],[121.8545258370001,13.447192938000057],[121.85347560800005,13.44820820800004],[121.85133635200009,13.44857577700003],[121.85105297300004,13.447211640000035],[121.85032299900001,13.444527269000048],[121.84997489000011,13.443752114000063],[121.84986283800004,13.443502599000055],[121.84936395700004,13.44190283200004],[121.84883122600002,13.440715441000066],[121.84875244300008,13.439567982000028],[121.84892391700009,13.43813295800004],[121.84896154100011,13.437028414000054],[121.84944045100008,13.436652579000054],[121.85024441100006,13.436619048000068],[121.85168647600005,13.436566077000066],[121.85277520000011,13.43599465400007],[121.85417805200007,13.435073791000036],[121.8549190540001,13.43481154500006],[121.85596293700007,13.434779290000051],[121.85700565200011,13.43484509600006],[121.85852273900002,13.435204378000037],[121.8597342590001,13.435695550000048],[121.85948865000012,13.438036612000076],[121.8601020000001,13.442324000000042],[121.86010815000009,13.442457680000075],[121.8590693000001,13.445209960000057],[121.85707315000002,13.445292940000058]]]},"properties":{"psgc_code":1704001051,"name":"Sawi","corr_code":174001051,"geo_level":"Bgy","city_class":"","inc_class":"","urb_rur":"","pop_2015":"R","pop_2020":"","status":"","adm4_pcode":"PH1704001051","adm4_en":"Sawi","adm3_pcode":"PH1704001","adm2_pcode":"PH17040","adm1_pcode":"PH17","adm0_pcode":"PH","shape_len":0.0423123147553,"shape_area":0.000112825804988,"shape_sqkm":1.35171968581}},
{"type":"Feature","geometry":{"type":"Polygon","coordinates":[[[121.83859256400001,13.457207814000071],[121.83830803600006,13.457491409000056],[121.83785651700009,13.45815132000007],[121.83734833200003,13.458444002000022],[121.83683153000004,13.458929951000073],[121.83633786700011,13.459870995000074],[121.83596761900003,13.460341518000064],[121.83564365400002,13.461004876000061],[121.83469707000006,13.46223051000004],[121.8328120000001,13.460811000000035],[121.83240823000006,13.460014080000064],[121.83235458000001,13.459725990000038],[121.83303459800004,13.458894882000038],[121.83339721000004,13.45697774000007],[121.8347902800001,13.454614040000024],[121.83357214000011,13.452626520000024],[121.83304358900011,13.451911955000071],[121.83440683300012,13.45195285400007],[121.83507481900006,13.451806126000065],[121.83700592000002,13.451367728000037],[121.83798057000001,13.450952044000076],[121.8384773900001,13.452295020000065],[121.8387860690001,13.453356205000034],[121.83922645100006,13.456728959000031],[121.83859256400001,13.457207814000071]]]},"properties":{"psgc_code":1704001052,"name":"Tabi","corr_code":174001052,"geo_level":"Bgy","city_class":"","inc_class":"","urb_rur":"","pop_2015":"R","pop_2020":"","status":"","adm4_pcode":"PH1704001052","adm4_en":"Tabi","adm3_pcode":"PH1704001","adm2_pcode":"PH17040","adm1_pcode":"PH17","adm0_pcode":"PH","shape_len":0.0308445385034,"shape_area":0.000044379579583,"shape_sqkm":0.531660549318}},
{"type":"Feature","geometry":{"type":"Polygon","coordinates":[[[121.82708806800008,13.451698498000042],[121.82660349000002,13.452231127000061],[121.82383284700006,13.454386720000059],[121.82050778400003,13.456079699000043],[121.81563338900003,13.455863392000026],[121.81158792300005,13.453828547000057],[121.8110388770001,13.453705284000023],[121.8108976420001,13.452683691000061],[121.81096699700004,13.451968236000027],[121.81084284600001,13.45131133700005],[121.81110327400006,13.450914179000051],[121.81190686700006,13.45064525600003],[121.81216188500002,13.45026871300007],[121.8117453000001,13.449934596000048],[121.8111742640001,13.450105404000055],[121.81086051000011,13.449894339000025],[121.81093571600002,13.449525547000064],[121.8108913210001,13.447908098000028],[121.81098010900007,13.446825840000031],[121.81130499300002,13.445887012000071],[121.81179814600011,13.445886161000033],[121.81260755200003,13.445987927000033],[121.81332814000007,13.445957578000048],[121.81387545500002,13.445844132000047],[121.81476622200012,13.445540306000055],[121.81506283600004,13.445563101000062],[121.81572944300001,13.445929989000035],[121.81604727500007,13.446372104000034],[121.81594369300001,13.446648394000022],[121.81601461900004,13.44698668500007],[121.8162917190001,13.447382479000055],[121.81620299700012,13.447922108000057],[121.81635917300002,13.448045299000057],[121.81682869300005,13.44805062000006],[121.81725375500002,13.447808631000044],[121.8176567270001,13.447769636000032],[121.81819452200011,13.447906075000049],[121.81893977800007,13.448220150000054],[121.81962774100009,13.448273958000073],[121.82070596900007,13.447923915000047],[121.8210780920001,13.447387640000045],[121.82142135300012,13.446689715000048],[121.82209597500002,13.447687347000056],[121.82429365100006,13.449664943000073],[121.82708806800008,13.451698498000042]]]},"properties":{"psgc_code":1704001053,"name":"Tabigue","corr_code":174001053,"geo_level":"Bgy","city_class":"","inc_class":"","urb_rur":"","pop_2015":"R","pop_2020":"","status":"","adm4_pcode":"PH1704001053","adm4_en":"Tabigue","adm3_pcode":"PH1704001","adm2_pcode":"PH17040","adm1_pcode":"PH17","adm0_pcode":"PH","shape_len":0.0495790987743,"shape_area":0.000113009468859,"shape_sqkm":1.35386361853}},
{"type":"Feature","geometry":{"type":"Polygon","coordinates":[[[121.88166750000005,13.442482320000067],[121.88123611200001,13.445406138000067],[121.88058467200005,13.446383297000068],[121.87928179300002,13.447283816000038],[121.877959755,13.447839456000054],[121.87625451500003,13.448107696000022],[121.87571803500009,13.44833761600006],[121.874269561,13.448086803000024],[121.87434685100004,13.446888817000058],[121.87380582500009,13.446734238000033],[121.87341937800011,13.447391198000048],[121.87299428500012,13.447159331000023],[121.87283970700003,13.445536253000057],[121.87287835200004,13.444802003000063],[121.87264648300004,13.443642663000048],[121.87226003700005,13.443333505000055],[121.8712939190001,13.443062992000023],[121.87044373600008,13.442212808000022],[121.86920813000006,13.44114348000005],[121.8712037250001,13.440993874000071],[121.87205225000002,13.441333283000063],[121.87330300000008,13.441479000000072],[121.87461359300005,13.441453925000076],[121.87531091100004,13.441553542000065],[121.87716378300001,13.441653158000065],[121.87819979900007,13.441932086000065],[121.87883734600007,13.441952009000033],[121.87909635000005,13.441752775000054],[121.87965420500007,13.441653158000065],[121.88166750000005,13.442482320000067]]]},"properties":{"psgc_code":1704001054,"name":"Tagwak","corr_code":174001054,"geo_level":"Bgy","city_class":"","inc_class":"","urb_rur":"","pop_2015":"R","pop_2020":"","status":"","adm4_pcode":"PH1704001054","adm4_en":"Tagwak","adm3_pcode":"PH1704001","adm2_pcode":"PH17040","adm1_pcode":"PH17","adm0_pcode":"PH","shape_len":0.0346507563455,"shape_area":0.000054233414267,"shape_sqkm":0.649739392883}},
{"type":"Feature","geometry":{"type":"Polygon","coordinates":[[[121.99448750700003,13.317206663000036],[121.98629208400007,13.317865896000058],[121.98025718200006,13.319974152000043],[121.97534374200006,13.322841654000058],[121.97381616900009,13.325242124000056],[121.96966990100009,13.327533483000025],[121.9663989930001,13.327670438000041],[121.96509677000006,13.324399500000027],[121.95930149300011,13.311808980000023],[121.9584424410001,13.310558007000054],[121.96343807900007,13.310091533000048],[121.96563363300004,13.307848324000076],[121.96814826700006,13.303481705000024],[121.97440507300007,13.298484158000065],[121.98150005000002,13.29448360300006],[121.98971166700005,13.290840923000076],[121.98847199700003,13.298266788000035],[121.98948662200007,13.306101151000064],[121.99725461900005,13.308212498000046],[121.99660035000011,13.311303930000065],[121.99520421500006,13.312291296000069],[121.99488429600001,13.315501380000057],[121.99448750700003,13.317206663000036]]]},"properties":{"psgc_code":1704001055,"name":"Tambunan","corr_code":174001055,"geo_level":"Bgy","city_class":"","inc_class":"","urb_rur":"","pop_2015":"R","pop_2020":"","status":"","adm4_pcode":"PH1704001055","adm4_en":"Tambunan","adm3_pcode":"PH1704001","adm2_pcode":"PH17040","adm1_pcode":"PH17","adm0_pcode":"PH","shape_len":0.12171443697,"shape_area":0.000710694980972,"shape_sqkm":8.51904169097}},
{"type":"Feature","geometry":{"type":"Polygon","coordinates":[[[121.85133635200009,13.44857577700003],[121.85142199800009,13.449015533000022],[121.85135771000012,13.449854909000067],[121.8509291260001,13.450757607000071],[121.85051420400009,13.451155741000036],[121.8499712260001,13.451385792000053],[121.84917371600011,13.451260110000021],[121.84829574100002,13.450964616000022],[121.84770360800007,13.450630640000043],[121.84661629400011,13.450149444000033],[121.84540333200005,13.449771467000062],[121.84644909000008,13.447344580000049],[121.84683817000007,13.446813090000035],[121.8416530500001,13.448303390000035],[121.84104460000003,13.447433680000074],[121.84127150000006,13.44709849000003],[121.84163217000003,13.447180460000027],[121.84180157000003,13.446837480000056],[121.84442518500009,13.445763680000027],[121.84668659300007,13.444471486000054],[121.84937093000008,13.443996180000056],[121.84997489000011,13.443752114000063],[121.85032299900001,13.444527269000048],[121.85105297300004,13.447211640000035],[121.85133635200009,13.44857577700003]]]},"properties":{"psgc_code":1704001056,"name":"Tampus","corr_code":174001056,"geo_level":"Bgy","city_class":"","inc_class":"","urb_rur":"","pop_2015":"R","pop_2020":"","status":"","adm4_pcode":"PH1704001056","adm4_en":"Tampus (Pob.)","adm3_pcode":"PH1704001","adm2_pcode":"PH17040","adm1_pcode":"PH17","adm0_pcode":"PH","shape_len":0.0330859525177,"shape_area":0.000040612830513,"shape_sqkm":0.486552747803}},
{"type":"Feature","geometry":{"type":"Polygon","coordinates":[[[121.84992984000007,13.468095490000053],[121.8470808300001,13.472853980000025],[121.84494688000007,13.471609860000058],[121.84302280600002,13.467899156000044],[121.84210936000011,13.466057270000022],[121.84047673000009,13.461680150000063],[121.84022259000005,13.460233520000031],[121.83897846000002,13.457669580000072],[121.83859256400001,13.457207814000071],[121.83922645100006,13.456728959000031],[121.8387860690001,13.453356205000034],[121.8384773900001,13.452295020000065],[121.83798057000001,13.450952044000076],[121.83930013500003,13.45036516700003],[121.83996494700011,13.450107746000072],[121.84135772700006,13.449681330000033],[121.84242609000012,13.449541661000069],[121.84436637500005,13.449603891000038],[121.84540333200005,13.449771467000062],[121.8451693400001,13.452613530000065],[121.84570813000005,13.457146720000026],[121.84992984000007,13.468095490000053]]]},"properties":{"psgc_code":1704001057,"name":"Tanza","corr_code":174001057,"geo_level":"Bgy","city_class":"","inc_class":"","urb_rur":"","pop_2015":"R","pop_2020":"","status":"","adm4_pcode":"PH1704001057","adm4_en":"Tanza","adm3_pcode":"PH1704001","adm2_pcode":"PH17040","adm1_pcode":"PH17","adm0_pcode":"PH","shape_len":0.0574192568039,"shape_area":0.000143292071168,"shape_sqkm":1.71658756739}},
{"type":"Feature","geometry":{"type":"Polygon","coordinates":[[[121.87719156000003,13.394983840000066],[121.86195454500012,13.398726995000061],[121.85248347000004,13.400949160000039],[121.85589013000003,13.39515651000005],[121.86055947300008,13.386938115000078],[121.8535194960001,13.383883021000031],[121.851853,13.381219000000044],[121.85416304000012,13.379103900000075],[121.86223171000006,13.374999870000067],[121.86554300000012,13.380139000000042],[121.866777866,13.379696136000064],[121.87325691700005,13.380566091000048],[121.87835452800005,13.382973296000046],[121.87972333000005,13.383114896000052],[121.88104048200012,13.385020775000044],[121.88683969500005,13.387971262000065],[121.88931685500006,13.387793271000021],[121.8928667450001,13.386461475000033],[121.89827581400004,13.38633560900007],[121.89873638400002,13.388638466000032],[121.89923889900001,13.393053509000026],[121.89560649100008,13.393302211000048],[121.89260806000004,13.393276610000044],[121.88794831000007,13.395076120000056],[121.88484298000003,13.392872190000048],[121.87719156000003,13.394983840000066]]]},"properties":{"psgc_code":1704001058,"name":"Tugos","corr_code":174001058,"geo_level":"Bgy","city_class":"","inc_class":"","urb_rur":"","pop_2015":"R","pop_2020":"","status":"","adm4_pcode":"PH1704001058","adm4_en":"Tugos","adm3_pcode":"PH1704001","adm2_pcode":"PH17040","adm1_pcode":"PH17","adm0_pcode":"PH","shape_len":0.136248890194,"shape_area":0.00056387018151,"shape_sqkm":6.75693272733}},
{"type":"Feature","geometry":{"type":"Polygon","coordinates":[[[122.00521314600007,13.356673362000038],[122.00082795100002,13.367359717000056],[121.98871156100006,13.36568304800005],[121.96951451500001,13.363384002000032],[121.96721546800006,13.361832144000061],[121.96330708800008,13.362406906000047],[121.95962861100008,13.36062514400004],[121.95256445100006,13.359959826000022],[121.94959080900003,13.357374049000043],[121.95594700000004,13.347582670000065],[121.95679082200002,13.344585797000036],[121.95922890000008,13.344833549000043],[121.9602530950001,13.34572939900005],[121.96091067200007,13.346970094000028],[121.96151605200009,13.348026316000073],[121.96203923300004,13.348585925000066],[121.96259982100003,13.347706997000046],[121.96284850300003,13.346396064000032],[121.96335450400011,13.345081770000036],[121.96420916300008,13.344581747000063],[121.96539428100004,13.34506973300006],[121.96734601200001,13.34661167400003],[121.96776633400009,13.345792730000028],[121.96820717300011,13.343972766000036],[121.96828386300001,13.342426725000053],[121.96735331600007,13.341532194000024],[121.96770086400011,13.340301800000077],[121.97004546100004,13.340057191000028],[121.97130673900006,13.340055002000042],[121.97181242800002,13.34135856100005],[121.97257395400004,13.34273242300003],[121.97349400000007,13.34354640500004],[121.97491589300012,13.344039209000073],[121.97675696700003,13.34354912300006],[121.97775584100009,13.341912870000044],[121.97775059300011,13.340039508000075],[121.97716658600007,13.33866015600006],[121.97754810800006,13.338358791000076],[121.97848963800004,13.338407861000064],[121.97918304600012,13.338263548000043],[121.98004108000009,13.338284423000061],[121.98110476800002,13.33876230800007],[121.98174317300004,13.339142525000057],[121.98212619100002,13.339239805000034],[121.98258156200006,13.339138920000039],[121.9832484860001,13.339274197000066],[121.98426759600011,13.338083982000057],[121.98477300800005,13.33789930100005],[121.98531874700006,13.337927199000035],[121.9856335720001,13.337658327000042],[121.98595731400007,13.337861338000039],[121.98639283800003,13.33786125100005],[121.98678505600003,13.33762845800004],[121.98699928600001,13.337043594000022],[121.9871939190001,13.335886816000027],[121.98720995100007,13.335356257000058],[121.98776916300005,13.334292666000067],[121.98796953800002,13.333461037000063],[121.9883658120001,13.332395782000049],[121.98859176500002,13.331558757000039],[121.98881816700009,13.331481798000027],[121.98963623300006,13.331834343000025],[121.99008596700003,13.331722478000074],[121.99080910500004,13.331703280000056],[121.99160579500005,13.331781958000022],[121.99151660300004,13.332099740000046],[121.99122547900004,13.33221251200007],[121.99086464800007,13.332521006000036],[121.99087585600012,13.332878841000024],[121.99142571100003,13.332863536000048],[121.99221930100009,13.33264065000003],[121.99326273000008,13.332204052000066],[121.99390505400004,13.33212022400005],[121.99430862400004,13.332337941000048],[121.99479436800004,13.332152583000038],[121.99531661900005,13.33239655500006],[121.99635457600004,13.332360581000046],[121.9972970880001,13.331620111000063],[121.99769044200002,13.331495287000052],[121.99802375100012,13.331213933000072],[121.99864352300006,13.331287030000055],[121.99988756900007,13.331730497000024],[122.00031342900002,13.332115344000044],[122.00087329900009,13.332092542000055],[122.001296894,13.331754033000038],[122.00159900000006,13.331312430000025],[122.00213110400011,13.331336413000031],[122.00265313700004,13.331686207000075],[122.00314648500012,13.331455298000037],[122.00360572700004,13.331719798000051],[122.00416657900007,13.331591589000027],[122.00433285400004,13.331858819000047],[122.00417969700004,13.332599771000048],[122.00437564100002,13.333047988000033],[122.00474326500012,13.333262625000032],[122.00529792700002,13.333754399000043],[122.00521314600007,13.356673362000038]]]},"properties":{"psgc_code":1704001059,"name":"Tumagabok","corr_code":174001059,"geo_level":"Bgy","city_class":"","inc_class":"","urb_rur":"","pop_2015":"R","pop_2020":"","status":"","adm4_pcode":"PH1704001059","adm4_en":"Tumagabok","adm3_pcode":"PH1704001","adm2_pcode":"PH17040","adm1_pcode":"PH17","adm0_pcode":"PH","shape_len":0.18151067899,"shape_area":0.00129550834045,"shape_sqkm":15.5266179402}},
{"type":"Feature","geometry":{"type":"Polygon","coordinates":[[[121.85596293700007,13.434779290000051],[121.8549190540001,13.43481154500006],[121.85417805200007,13.435073791000036],[121.85277520000011,13.43599465400007],[121.85168647600005,13.436566077000066],[121.85024441100006,13.436619048000068],[121.85024569200004,13.436367528000062],[121.85096266000005,13.432666780000034],[121.85098059000006,13.43147730000004],[121.84907614000008,13.427855650000026],[121.84989665000012,13.42578130000004],[121.85552100000007,13.428356000000065],[121.8564182880001,13.428780682000024],[121.85656289200006,13.430130315000042],[121.85639100000003,13.432608000000073],[121.85596293700007,13.434779290000051]]]},"properties":{"psgc_code":1704001060,"name":"Tumapon","corr_code":174001060,"geo_level":"Bgy","city_class":"","inc_class":"","urb_rur":"","pop_2015":"R","pop_2020":"","status":"","adm4_pcode":"PH1704001060","adm4_en":"Tumapon","adm3_pcode":"PH1704001","adm2_pcode":"PH17040","adm1_pcode":"PH17","adm0_pcode":"PH","shape_len":0.0309469364054,"shape_area":0.000051132419918,"shape_sqkm":0.612620933823}},
{"type":"Feature","geometry":{"type":"Polygon","coordinates":[[[121.84668659300007,13.444471486000054],[121.84442518500009,13.445763680000027],[121.84180157000003,13.446837480000056],[121.84163217000003,13.447180460000027],[121.84127150000006,13.44709849000003],[121.84104460000003,13.447433680000074],[121.84063029000004,13.447174010000026],[121.84077715000001,13.446016536000059],[121.84026300700009,13.445207979000031],[121.84010927300005,13.445080951000023],[121.83881732200007,13.445087804000025],[121.83895975000007,13.446874543000035],[121.83834127000011,13.446777380000071],[121.83817327700001,13.446577242000046],[121.83763686000009,13.445624620000046],[121.83768497000005,13.445119610000063],[121.83804698000006,13.443929710000077],[121.83837639000001,13.444085530000052],[121.84449359400003,13.439583304000053],[121.84484900000007,13.441760000000045],[121.84423659600009,13.443860332000042],[121.84668659300007,13.444471486000054]]]},"properties":{"psgc_code":1704001061,"name":"Isok I","corr_code":174001061,"geo_level":"Bgy","city_class":"","inc_class":"","urb_rur":"","pop_2015":"R","pop_2020":"","status":"","adm4_pcode":"PH1704001061","adm4_en":"Isok I (Pob.)","adm3_pcode":"PH1704001","adm2_pcode":"PH17040","adm1_pcode":"PH17","adm0_pcode":"PH","shape_len":0.0321485011783,"shape_area":0.000030403131497,"shape_sqkm":0.364243061179}},
{"type":"Feature","geometry":{"type":"Polygon","coordinates":[[[121.99326183100004,13.25546177900003],[121.97775395000008,13.256608510000035],[121.9751843900001,13.257228850000047],[121.95641479000005,13.254527280000048],[121.95565296000007,13.251943980000021],[121.96940431000007,13.245203420000053],[121.98007967000001,13.243129400000043],[121.98368875000006,13.24229599000006],[122.00861360700003,13.241377673000045],[121.99326183100004,13.25546177900003]]]},"properties":{"psgc_code":1704002001,"name":"Bagacay","corr_code":174002001,"geo_level":"Bgy","city_class":"","inc_class":"","urb_rur":"","pop_2015":"R","pop_2020":"","status":"","adm4_pcode":"PH1704002001","adm4_en":"Bagacay","adm3_pcode":"PH1704002","adm2_pcode":"PH17040","adm1_pcode":"PH17","adm0_pcode":"PH","shape_len":0.115518841907,"shape_area":0.00051155968057,"shape_sqkm":6.13352770612}},
{"type":"Feature","geometry":{"type":"Polygon","coordinates":[[[121.94004058000007,13.278328370000054],[121.9584424410001,13.310558007000054],[121.94165895700007,13.300834977000022],[121.9309952860001,13.29469423300003],[121.92140015000007,13.289124680000043],[121.92449039000007,13.27309672000007],[121.92789126000002,13.27244963000004],[121.92907713000011,13.272048566000024],[121.92941619900012,13.27219777700003],[121.93535502000009,13.275389675000042],[121.94004058000007,13.278328370000054]]]},"properties":{"psgc_code":1704002002,"name":"Bagtingon","corr_code":174002002,"geo_level":"Bgy","city_class":"","inc_class":"","urb_rur":"","pop_2015":"R","pop_2020":"","status":"","adm4_pcode":"PH1704002002","adm4_en":"Bagtingon","adm3_pcode":"PH1704002","adm2_pcode":"PH17040","adm1_pcode":"PH17","adm0_pcode":"PH","shape_len":0.11358979904,"shape_area":0.000553791591547,"shape_sqkm":6.63882717144}},
{"type":"Feature","geometry":{"type":"Polygon","coordinates":[[[122.00861360700003,13.241377673000045],[121.98368875000006,13.24229599000006],[121.98007967000001,13.243129400000043],[121.96940431000007,13.245203420000053],[121.96765860700009,13.23113816800003],[121.9819077410001,13.234558819000029],[121.9842644680001,13.233727033000036],[121.99165372300001,13.23117865100005],[122.00861360700003,13.241377673000045]]]},"properties":{"psgc_code":1704002003,"name":"Bicas-bicas","corr_code":174002003,"geo_level":"Bgy","city_class":"","inc_class":"","urb_rur":"","pop_2015":"R","pop_2020":"","status":"","adm4_pcode":"PH1704002003","adm4_en":"Bicas-bicas","adm3_pcode":"PH1704002","adm2_pcode":"PH17040","adm1_pcode":"PH17","adm0_pcode":"PH","shape_len":0.0984538262065,"shape_area":0.000331453886588,"shape_sqkm":3.97426492239}},
{"type":"Feature","geometry":{"type":"Polygon","coordinates":[[[121.94044786000006,13.26446973000003],[121.94448541100007,13.268281453000043],[121.94505500800005,13.271454919000064],[121.94004058000007,13.278328370000054],[121.93535502000009,13.275389675000042],[121.92941619900012,13.27219777700003],[121.92907713000011,13.272048566000024],[121.92789110900003,13.27182676800004],[121.92783393100001,13.271601374000056],[121.92790590700008,13.271005922000029],[121.92774959300004,13.270603967000056],[121.92806904200006,13.269797449000066],[121.92832116700004,13.269327719000046],[121.92835977400011,13.268926704000023],[121.92876299800002,13.267943036000077],[121.9288610860001,13.266070635000062],[121.92870444400012,13.265605925000045],[121.92880735800009,13.264958678000028],[121.92919072200004,13.264592998000069],[121.92961658100012,13.264024924000068],[121.92993890100001,13.263456202000043],[121.93040898200002,13.261902360000022],[121.93039103000001,13.261597730000062],[121.93020313000011,13.261240719000057],[121.92896634300007,13.260472286000038],[121.92831504100002,13.25983555700003],[121.92831355500005,13.25872642400003],[121.92804840100007,13.25791556400003],[121.92779255500011,13.257544702000075],[121.92671008100001,13.256467015000055],[121.92690364500004,13.256381616000056],[121.92841278000003,13.255841615000065],[121.93018165000001,13.255485988000032],[121.93147661900002,13.255160645000046],[121.93260116300007,13.255018680000035],[121.93324397900005,13.254872523000074],[121.93408097800011,13.254792848000022],[121.93549395000002,13.254512564000038],[121.93661319600005,13.25437445700004],[121.93902981000008,13.255670830000042],[121.93915561500012,13.255831702000023],[121.94044786000006,13.26446973000003]]]},"properties":{"psgc_code":1704002004,"name":"Caigangan","corr_code":174002004,"geo_level":"Bgy","city_class":"","inc_class":"","urb_rur":"","pop_2015":"R","pop_2020":"","status":"","adm4_pcode":"PH1704002004","adm4_en":"Caigangan","adm3_pcode":"PH1704002","adm2_pcode":"PH17040","adm1_pcode":"PH17","adm0_pcode":"PH","shape_len":0.0707247989051,"shape_area":0.000264886106582,"shape_sqkm":3.17573411186}},
{"type":"Feature","geometry":{"type":"Polygon","coordinates":[[[121.92907713000011,13.272048566000024],[121.92789126000002,13.27244963000004],[121.92449039000007,13.27309672000007],[121.92140015000007,13.289124680000043],[121.91829097000004,13.280262490000041],[121.91713393000009,13.279246520000072],[121.91085052000005,13.275728970000046],[121.90537110000002,13.274125600000048],[121.90421202200002,13.273116015000028],[121.90613071500002,13.272682273000044],[121.90689255100006,13.272571221000021],[121.90740916100003,13.272423985000046],[121.90790905000006,13.272134103000042],[121.90818481100007,13.271878406000042],[121.90845201600007,13.271402472000034],[121.9083491560001,13.270687129000066],[121.90820962700002,13.270416195000053],[121.90863867000007,13.269907119000038],[121.90975865600001,13.269405522000056],[121.91017756400004,13.269464679000066],[121.91080500300006,13.269314949000034],[121.91203925200011,13.268825125000035],[121.9127759380001,13.268403182000043],[121.91315332400006,13.267821741000034],[121.91340320100005,13.267029200000025],[121.9144286930001,13.265263574000073],[121.91479099800006,13.264975314000026],[121.91539601600005,13.264768477000075],[121.91858152500004,13.263805594000075],[121.91930337300005,13.26347535900004],[121.92020084600006,13.262970052000071],[121.92112166400011,13.262233609000077],[121.92199492000009,13.261316099000055],[121.92300926100006,13.260431671000049],[121.92430200900003,13.259071877000054],[121.92480461700006,13.258401245000073],[121.92520594900009,13.257749560000036],[121.92566398600002,13.257182650000061],[121.92625949700005,13.256688515000064],[121.92690364500004,13.256381616000056],[121.92671008100001,13.256467015000055],[121.92779255500011,13.257544702000075],[121.92804840100007,13.25791556400003],[121.92831355500005,13.25872642400003],[121.92831504100002,13.25983555700003],[121.92896634300007,13.260472286000038],[121.93020313000011,13.261240719000057],[121.93039103000001,13.261597730000062],[121.93040898200002,13.261902360000022],[121.92993890100001,13.263456202000043],[121.92961658100012,13.264024924000068],[121.92919072200004,13.264592998000069],[121.92880735800009,13.264958678000028],[121.92870444400012,13.265605925000045],[121.9288610860001,13.266070635000062],[121.92876299800002,13.267943036000077],[121.92835977400011,13.268926704000023],[121.92832116700004,13.269327719000046],[121.92806904200006,13.269797449000066],[121.92774959300004,13.270603967000056],[121.92790590700008,13.271005922000029],[121.92783393100001,13.271601374000056],[121.92789110900003,13.27182676800004],[121.92907713000011,13.272048566000024]]]},"properties":{"psgc_code":1704002005,"name":"Daykitin","corr_code":174002005,"geo_level":"Bgy","city_class":"","inc_class":"","urb_rur":"","pop_2015":"U","pop_2020":"","status":"","adm4_pcode":"PH1704002005","adm4_en":"Daykitin","adm3_pcode":"PH1704002","adm2_pcode":"PH17040","adm1_pcode":"PH17","adm0_pcode":"PH","shape_len":0.0959192781599,"shape_area":0.000306160203677,"shape_sqkm":3.67050268706}},
{"type":"Feature","geometry":{"type":"Polygon","coordinates":[[[121.95641479000005,13.254527280000048],[121.95201765000002,13.258278690000054],[121.95010753600002,13.256160611000041],[121.94978414500008,13.255722964000029],[121.94862047000004,13.254703826000025],[121.9483202890001,13.254351041000064],[121.94762535900009,13.253297087000021],[121.94749151000008,13.252963290000025],[121.94700832600006,13.252368568000065],[121.94663477600011,13.252084165000042],[121.94564772700005,13.251157478000039],[121.94592164500011,13.251118036000037],[121.94651498400003,13.251081105000026],[121.9470592990001,13.250942801000065],[121.94831687400006,13.250427800000068],[121.94864492400006,13.250384612000062],[121.9490588220001,13.250571781000076],[121.94916296500003,13.250094101000059],[121.94938441300008,13.249841427000035],[121.94990349400007,13.249633243000062],[121.95043491600006,13.24926662100006],[121.9507268100001,13.248849108000059],[121.95104317800008,13.248753733000058],[121.95188382600008,13.248108219000073],[121.9524302100001,13.247520714000075],[121.95284193300006,13.246533890000023],[121.95291865100012,13.245957388000022],[121.95323795700006,13.245170916000063],[121.95349393100003,13.244162439000036],[121.95417117900001,13.243330042000025],[121.95424791700009,13.243020470000033],[121.9551144730001,13.241856262000056],[121.9552421520001,13.241526467000028],[121.95517661300005,13.241138227000022],[121.95536162200005,13.240699345000053],[121.955546647,13.24058010300007],[121.95595059900006,13.240663794000056],[121.9567673460001,13.239242540000077],[121.95702251400007,13.238680533000036],[121.95742442900007,13.238233450000052],[121.95799965000003,13.237411596000072],[121.95792753500007,13.236973995000028],[121.95806824600004,13.236730450000039],[121.9583679320001,13.236595977000036],[121.95867344700002,13.236149499000021],[121.95902910100006,13.235449832000029],[121.95926609300011,13.234810481000068],[121.95917744500002,13.234439383000051],[121.95924264100006,13.234009646000061],[121.95904977100008,13.233725535000076],[121.95902368600002,13.233383065000055],[121.95920869800011,13.233185179000031],[121.95986238300009,13.232870803000026],[121.96016074700003,13.232071959000052],[121.96036602000004,13.231730639000034],[121.96107327800007,13.230793646000052],[121.96137468500001,13.229920476000075],[121.96157221100009,13.229614870000034],[121.96171750000008,13.229003293000062],[121.96196637500009,13.228419558000041],[121.9623003270001,13.22737350400007],[121.96228562200008,13.227207822000025],[121.96267376800006,13.227298983000026],[121.96765860700009,13.23113816800003],[121.96940431000007,13.245203420000053],[121.95565296000007,13.251943980000021],[121.95641479000005,13.254527280000048]]]},"properties":{"psgc_code":1704002006,"name":"Libas","corr_code":174002006,"geo_level":"Bgy","city_class":"","inc_class":"","urb_rur":"","pop_2015":"R","pop_2020":"","status":"","adm4_pcode":"PH1704002006","adm4_en":"Libas","adm3_pcode":"PH1704002","adm2_pcode":"PH17040","adm1_pcode":"PH17","adm0_pcode":"PH","shape_len":0.0873845203053,"shape_area":0.00029138225097,"shape_sqkm":3.49371874381}},
{"type":"Feature","geometry":{"type":"Polygon","coordinates":[[[121.98971166700005,13.290840923000076],[121.98150005000002,13.29448360300006],[121.97440507300007,13.298484158000065],[121.96814826700006,13.303481705000024],[121.96563363300004,13.307848324000076],[121.96343807900007,13.310091533000048],[121.9584424410001,13.310558007000054],[121.94004058000007,13.278328370000054],[121.94505500800005,13.271454919000064],[121.94448541100007,13.268281453000043],[121.94044786000006,13.26446973000003],[121.94393591000005,13.26182506200007],[121.9440533080001,13.261603180000066],[121.94449181400012,13.26131276700005],[121.94470517600007,13.260936564000076],[121.94524247000004,13.260474343000055],[121.9455432200001,13.259927790000063],[121.94579948400008,13.259630198000025],[121.94640079500005,13.258640017000062],[121.94608836400005,13.25793082000007],[121.94647602000009,13.257300258000043],[121.94672212700004,13.257217842000045],[121.94702413000005,13.257335390000037],[121.94858333800005,13.256927442000062],[121.94996953000009,13.257310910000058],[121.95201765000002,13.258278690000054],[121.95618635200003,13.260166092000077],[121.95944233900002,13.26140952000003],[121.96153278000008,13.266292040000053],[121.97321523500011,13.271420943000066],[121.98971166700005,13.290840923000076]]]},"properties":{"psgc_code":1704002007,"name":"Malbog","corr_code":174002007,"geo_level":"Bgy","city_class":"","inc_class":"","urb_rur":"","pop_2015":"R","pop_2020":"","status":"","adm4_pcode":"PH1704002007","adm4_en":"Malbog","adm3_pcode":"PH1704002","adm2_pcode":"PH17040","adm1_pcode":"PH17","adm0_pcode":"PH","shape_len":0.160293387678,"shape_area":0.00139126944985,"shape_sqkm":16.6788364038}},
{"type":"Feature","geometry":{"type":"Polygon","coordinates":[[[122.01279771700001,13.243593696000062],[122.01080818200012,13.250314381000067],[121.99856889000012,13.264707690000023],[121.99734127600004,13.26765866200003],[121.9959734570001,13.268968648000055],[121.99450849900006,13.271478725000065],[121.99145562500007,13.273758914000041],[121.99162396300005,13.281006188000049],[121.99223795000012,13.285734898000044],[121.98971166700005,13.290840923000076],[121.97321523500011,13.271420943000066],[121.98613568000007,13.270409140000027],[121.98676583000008,13.266936520000058],[121.9856455900001,13.265358960000071],[121.99326183100004,13.25546177900003],[122.00861360700003,13.241377673000045],[122.01279771700001,13.243593696000062]]]},"properties":{"psgc_code":1704002011,"name":"Sihi","corr_code":174002011,"geo_level":"Bgy","city_class":"","inc_class":"","urb_rur":"","pop_2015":"R","pop_2020":"","status":"","adm4_pcode":"PH1704002011","adm4_en":"Sihi","adm3_pcode":"PH1704002","adm2_pcode":"PH17040","adm1_pcode":"PH17","adm0_pcode":"PH","shape_len":0.137385483781,"shape_area":0.000527146108095,"shape_sqkm":6.3199994527}},
{"type":"Feature","geometry":{"type":"Polygon","coordinates":[[[121.99326183100004,13.25546177900003],[121.9856455900001,13.265358960000071],[121.98676583000008,13.266936520000058],[121.98613568000007,13.270409140000027],[121.97321523500011,13.271420943000066],[121.96153278000008,13.266292040000053],[121.95944233900002,13.26140952000003],[121.95618635200003,13.260166092000077],[121.95201765000002,13.258278690000054],[121.95641479000005,13.254527280000048],[121.9751843900001,13.257228850000047],[121.97775395000008,13.256608510000035],[121.99326183100004,13.25546177900003]]]},"properties":{"psgc_code":1704002012,"name":"Timbo","corr_code":174002012,"geo_level":"Bgy","city_class":"Sanggulong","inc_class":"","urb_rur":"","pop_2015":"R","pop_2020":"","status":"","adm4_pcode":"PH1704002012","adm4_en":"Timbo (Sanggulong)","adm3_pcode":"PH1704002","adm2_pcode":"PH17040","adm1_pcode":"PH17","adm0_pcode":"PH","shape_len":0.0999805604301,"shape_area":0.000416157557262,"shape_sqkm":4.98941078667}},
{"type":"Feature","geometry":{"type":"MultiPolygon","coordinates":[[[[121.99888218700005,13.194103033000033],[121.9988952000001,13.193915138000023],[121.99831345100006,13.193084509000073],[121.99802103600007,13.192838239000025],[121.9979591550001,13.192560184000058],[121.99752917400008,13.191854641000077],[121.99774291100005,13.19129765300005],[121.99756554900011,13.19114240500005],[121.99764217200004,13.190771083000072],[121.9982124920001,13.190103762000035],[121.99846239500005,13.190021586000057],[121.99896832700006,13.189601450000055],[121.99921443300002,13.189805765000074],[121.99995005000005,13.189782265000076],[122.00016127800006,13.189848958000027],[122.00068934700005,13.190247869000075],[122.00133649200006,13.190894854000021],[122.00178020600003,13.191521590000036],[122.00189971800012,13.192133236000075],[122.0018505480001,13.192668415000071],[122.00127499500002,13.193352656000059],[122.00092866900002,13.193471723000073],[122.00030476500001,13.193920810000066],[121.99965056500002,13.19405002700006],[121.99929040400002,13.193893183000057],[121.99888218700005,13.194103033000033]]],[[[122.03207156500002,13.20179130400004],[122.0322872800001,13.201982390000069],[122.03179518000002,13.202201580000064],[122.0252555300001,13.208200170000055],[122.02495513000008,13.20854324000004],[122.02446738000003,13.209563400000036],[122.0244220730001,13.215329575000055],[122.0174846860001,13.23703676200006],[121.997212364,13.22279332200003],[121.99025530000006,13.218360960000041],[121.98484897600008,13.207938482000031],[121.98439484500011,13.206933657000036],[121.98492198300005,13.206745354000077],[121.9862892860001,13.206448773000034],[121.9871641740001,13.206188624000049],[121.98830156400004,13.205933353000034],[121.98933254600001,13.205598544000054],[121.98985630200002,13.205539676000058],[121.9916253770001,13.20508108100006],[121.99223521800002,13.204879299000027],[121.99280675200009,13.205003422000061],[121.99359995500004,13.20499959600005],[121.99417569100001,13.204895573000044],[121.99568490900003,13.204946566000046],[121.99620399500009,13.204735167000024],[121.9965304430001,13.204890850000027],[121.99741725100012,13.204905267000072],[121.99777030200005,13.204784669000048],[121.9985798130001,13.204296508000027],[121.99898108900004,13.203931433000037],[121.99909109400005,13.203705120000052],[121.99946782400002,13.203447553000046],[121.99970713500011,13.202947289000065],[121.9996861090001,13.202500284000052],[122.00034676500002,13.201843218000022],[122.00062389600009,13.20168006800003],[122.00131877100011,13.201455193000072],[122.0021974230001,13.200932908000027],[122.00236939600006,13.200616657000069],[122.00379635900003,13.199821480000026],[122.00426165900001,13.199733430000038],[122.0052630240001,13.199371296000038],[122.00572547100012,13.199286431000075],[122.00709679500005,13.199220182000033],[122.00842676200011,13.19927479300003],[122.01131472800012,13.199524159000077],[122.01228559600008,13.199643524000066],[122.01330127000006,13.199996113000054],[122.01431623400003,13.200179178000042],[122.01522225300005,13.200231647000066],[122.01679537300004,13.200215313000058],[122.01902023200012,13.199836396000023],[122.02183936400002,13.199488857000063],[122.02202152500001,13.199417495000034],[122.02363880600001,13.199190561000023],[122.02403932700008,13.199033817000043],[122.025638834,13.198950266000054],[122.02632048900011,13.198969358000056],[122.02736520100007,13.199114343000076],[122.02818996000008,13.199323925000044],[122.02909661700005,13.19974553700007],[122.0300559100001,13.200344722000068],[122.03103248000002,13.201080668000031],[122.03207156500002,13.20179130400004]]]]},"properties":{"psgc_code":1704002013,"name":"Tungib-Lipata","corr_code":174002013,"geo_level":"Bgy","city_class":"","inc_class":"","urb_rur":"","pop_2015":"R","pop_2020":"","status":"","adm4_pcode":"PH1704002013","adm4_en":"Tungib-Lipata","adm3_pcode":"PH1704002","adm2_pcode":"PH17040","adm1_pcode":"PH17","adm0_pcode":"PH","shape_len":0.156401757501,"shape_area":0.000985133004805,"shape_sqkm":11.8132875683}},
{"type":"Feature","geometry":{"type":"Polygon","coordinates":[[[122.0174846860001,13.23703676200006],[122.01279771700001,13.243593696000062],[122.00861360700003,13.241377673000045],[121.99165372300001,13.23117865100005],[121.9842644680001,13.233727033000036],[121.9819077410001,13.234558819000029],[121.96765860700009,13.23113816800003],[121.96267376800006,13.227298983000026],[121.96228562200008,13.227207822000025],[121.96227169000008,13.22670441300005],[121.96216411400007,13.226372103000074],[121.96185417700008,13.22588881200005],[121.96175953600005,13.225505573000078],[121.96201205000011,13.224827193000067],[121.96277626300002,13.224624879000032],[121.96385764100012,13.224894435000067],[121.96453456000006,13.224861909000026],[121.96492001000001,13.22469854700006],[121.96516873700011,13.225048842000035],[121.96610040600001,13.224662752000029],[121.96694724800011,13.224141291000024],[121.96774815600008,13.223415192000061],[121.96739664200004,13.223074904000043],[121.96763409900007,13.22268186100007],[121.96770786700006,13.222323521000021],[121.96834835400011,13.222308416000033],[121.96834838400002,13.221700510000062],[121.96799163200001,13.22163867200004],[121.96767166900008,13.221441034000065],[121.96689656500007,13.221792766000021],[121.96641734700006,13.220932259000051],[121.96612287800008,13.220517589000053],[121.96601056600002,13.219675523000035],[121.96628913600011,13.219167758000026],[121.96696030900011,13.21909289000007],[121.96733060600002,13.21927626400003],[121.96734997700003,13.21951673500007],[121.96776554600001,13.21977299300005],[121.96823570600009,13.21985479500006],[121.96896632300002,13.219754893000072],[121.96942652700011,13.21962632900005],[121.97052041000006,13.219167835000064],[121.97080020300007,13.218991539000058],[121.97142022000003,13.218419205000032],[121.97176008200006,13.218000913000026],[121.97265712500007,13.21720672500004],[121.97291272400003,13.216866351000021],[121.97350574300003,13.216293965000034],[121.97395876500002,13.215956419000065],[121.97567502100003,13.215405090000047],[121.97645702300008,13.215063506000035],[121.97692776300005,13.214730444000054],[121.97828795500004,13.213569463000056],[121.97849038300001,13.212957252000024],[121.97849813500011,13.212544665000053],[121.97864926500006,13.211993350000057],[121.97939713100004,13.21088142800005],[121.98012558200003,13.209917689000065],[121.98097511100002,13.208557346000077],[121.98242081000001,13.207542885000066],[121.98299539600009,13.207397875000026],[121.98439484500011,13.206933657000036],[121.98484897600008,13.207938482000031],[121.99025530000006,13.218360960000041],[121.997212364,13.22279332200003],[122.0174846860001,13.23703676200006]]]},"properties":{"psgc_code":1704002014,"name":"Yook","corr_code":174002014,"geo_level":"Bgy","city_class":"","inc_class":"","urb_rur":"","pop_2015":"R","pop_2020":"","status":"","adm4_pcode":"PH1704002014","adm4_en":"Yook","adm3_pcode":"PH1704002","adm2_pcode":"PH17040","adm1_pcode":"PH17","adm0_pcode":"PH","shape_len":0.152522334264,"shape_area":0.000737546477756,"shape_sqkm":8.84389037588}},
{"type":"Feature","geometry":{"type":"Polygon","coordinates":[[[121.94702413000005,13.257335390000037],[121.94672212700004,13.257217842000045],[121.94647602000009,13.257300258000043],[121.94608836400005,13.25793082000007],[121.94640079500005,13.258640017000062],[121.94579948400008,13.259630198000025],[121.9455432200001,13.259927790000063],[121.94524247000004,13.260474343000055],[121.94470517600007,13.260936564000076],[121.94449181400012,13.26131276700005],[121.9440533080001,13.261603180000066],[121.94393591000005,13.26182506200007],[121.94044786000006,13.26446973000003],[121.93915561500012,13.255831702000023],[121.93902981000008,13.255670830000042],[121.93661319600005,13.25437445700004],[121.93821260900006,13.254013796000038],[121.94124844700002,13.253536327000063],[121.94175738900003,13.25333611600007],[121.94185930600008,13.253849925000054],[121.94233015600003,13.254875251000044],[121.94286537100004,13.254624001000025],[121.94411720000005,13.257009750000066],[121.94446828000002,13.257358531000023],[121.944816779,13.257398847000047],[121.94556048700008,13.257205131000035],[121.94650684700002,13.256926659000044],[121.94687569100006,13.257090962000063],[121.94702413000005,13.257335390000037]]]},"properties":{"psgc_code":1704002015,"name":"Barangay I","corr_code":174002015,"geo_level":"Bgy","city_class":"","inc_class":"","urb_rur":"","pop_2015":"R","pop_2020":"","status":"","adm4_pcode":"PH1704002015","adm4_en":"Barangay I (Pob.)","adm3_pcode":"PH1704002","adm2_pcode":"PH17040","adm1_pcode":"PH17","adm0_pcode":"PH","shape_len":0.0358408497718,"shape_area":0.000048712237929,"shape_sqkm":0.584031698288}},
{"type":"Feature","geometry":{"type":"Polygon","coordinates":[[[121.94556048700008,13.257205131000035],[121.944816779,13.257398847000047],[121.94446828000002,13.257358531000023],[121.94411720000005,13.257009750000066],[121.94286537100004,13.254624001000025],[121.94233015600003,13.254875251000044],[121.94185930600008,13.253849925000054],[121.94175738900003,13.25333611600007],[121.94261749500004,13.252931692000061],[121.94301774100006,13.253876457000047],[121.94329760100004,13.254405255000052],[121.94389340000009,13.255096410000021],[121.94556048700008,13.257205131000035]]]},"properties":{"psgc_code":1704002016,"name":"Barangay II","corr_code":174002016,"geo_level":"Bgy","city_class":"","inc_class":"","urb_rur":"","pop_2015":"R","pop_2020":"","status":"","adm4_pcode":"PH1704002016","adm4_en":"Barangay II (Pob.)","adm3_pcode":"PH1704002","adm2_pcode":"PH17040","adm1_pcode":"PH17","adm0_pcode":"PH","shape_len":0.012790829144,"shape_area":0.000004504248621,"shape_sqkm":0.0540040210604}},
{"type":"Feature","geometry":{"type":"Polygon","coordinates":[[[121.94687569100006,13.257090962000063],[121.94650684700002,13.256926659000044],[121.94556048700008,13.257205131000035],[121.94389340000009,13.255096410000021],[121.94329760100004,13.254405255000052],[121.94301774100006,13.253876457000047],[121.94261749500004,13.252931692000061],[121.94363468400002,13.25214722100003],[121.94459645100005,13.253738149000071],[121.94501767000008,13.254520240000033],[121.94687569100006,13.257090962000063]]]},"properties":{"psgc_code":1704002017,"name":"Barangay III","corr_code":174002017,"geo_level":"Bgy","city_class":"","inc_class":"","urb_rur":"","pop_2015":"R","pop_2020":"","status":"","adm4_pcode":"PH1704002017","adm4_en":"Barangay III (Pob.)","adm3_pcode":"PH1704002","adm2_pcode":"PH17040","adm1_pcode":"PH17","adm0_pcode":"PH","shape_len":0.0138394611569,"shape_area":0.000006911542984,"shape_sqkm":0.0828666261933}},
{"type":"Feature","geometry":{"type":"Polygon","coordinates":[[[121.94592164500011,13.251118036000037],[121.94564772700005,13.251157478000039],[121.94663477600011,13.252084165000042],[121.94700832600006,13.252368568000065],[121.94749151000008,13.252963290000025],[121.94762535900009,13.253297087000021],[121.9483202890001,13.254351041000064],[121.94862047000004,13.254703826000025],[121.94978414500008,13.255722964000029],[121.95010753600002,13.256160611000041],[121.95201765000002,13.258278690000054],[121.94996953000009,13.257310910000058],[121.94858333800005,13.256927442000062],[121.94702413000005,13.257335390000037],[121.94687569100006,13.257090962000063],[121.94501767000008,13.254520240000033],[121.94459645100005,13.253738149000071],[121.94363468400002,13.25214722100003],[121.94498003400008,13.251339018000067],[121.94592164500011,13.251118036000037]]]},"properties":{"psgc_code":1704002018,"name":"Barangay IV","corr_code":174002018,"geo_level":"Bgy","city_class":"","inc_class":"","urb_rur":"","pop_2015":"R","pop_2020":"","status":"","adm4_pcode":"PH1704002018","adm4_en":"Barangay IV (Pob.)","adm3_pcode":"PH1704002","adm2_pcode":"PH17040","adm1_pcode":"PH17","adm0_pcode":"PH","shape_len":0.0239657972119,"shape_area":0.000020311399628,"shape_sqkm":0.243525671689}},
{"type":"Feature","geometry":{"type":"Polygon","coordinates":[[[121.92140015000007,13.289124680000043],[121.91930065000008,13.300386100000026],[121.89988372000005,13.276014540000062],[121.8999817670001,13.275548928000035],[121.90021331600008,13.275295608000022],[121.90009279300011,13.274485999000035],[121.89943397000002,13.274326894000069],[121.89880697000001,13.273801417000072],[121.89915943800008,13.273740194000027],[121.90104138700008,13.27354557600006],[121.90170468000008,13.27344550600003],[121.90310060200011,13.27331663800004],[121.90421202200002,13.273116015000028],[121.90537110000002,13.274125600000048],[121.91085052000005,13.275728970000046],[121.91713393000009,13.279246520000072],[121.91829097000004,13.280262490000041],[121.92140015000007,13.289124680000043]]]},"properties":{"psgc_code":1704003001,"name":"Antipolo","corr_code":174003001,"geo_level":"Bgy","city_class":"","inc_class":"","urb_rur":"","pop_2015":"R","pop_2020":"","status":"","adm4_pcode":"PH1704003001","adm4_en":"Antipolo","adm3_pcode":"PH1704003","adm2_pcode":"PH17040","adm1_pcode":"PH17","adm0_pcode":"PH","shape_len":0.0766615377283,"shape_area":0.000255577511255,"shape_sqkm":3.06390781105}},
{"type":"Feature","geometry":{"type":"Polygon","coordinates":[[[121.86933419500008,13.303378881000071],[121.86637111000005,13.30431931000004],[121.86498198000004,13.306895230000066],[121.85617846000002,13.303893510000023],[121.85588981700005,13.30384680000003],[121.85670785100001,13.302230253000062],[121.85731923500009,13.300570866000044],[121.8578791110001,13.29854189200006],[121.85860936400002,13.296861656000033],[121.86041116000001,13.297998430000064],[121.8625016310001,13.299396953000041],[121.86933419500008,13.303378881000071]]]},"properties":{"psgc_code":1704003003,"name":"Bachao Ibaba","corr_code":174003003,"geo_level":"Bgy","city_class":"","inc_class":"","urb_rur":"","pop_2015":"R","pop_2020":"","status":"","adm4_pcode":"PH1704003003","adm4_en":"Bachao Ibaba","adm3_pcode":"PH1704003","adm2_pcode":"PH17040","adm1_pcode":"PH17","adm0_pcode":"PH","shape_len":0.0357353803403,"shape_area":0.000064211201164,"shape_sqkm":0.769719398526}},
{"type":"Feature","geometry":{"type":"Polygon","coordinates":[[[121.88969837000002,13.307640380000066],[121.89202191000004,13.322305450000044],[121.87029853000001,13.320180210000046],[121.86797256000011,13.311853130000031],[121.86498198000004,13.306895230000066],[121.86637111000005,13.30431931000004],[121.86933419500008,13.303378881000071],[121.88025087000005,13.300125670000057],[121.88969837000002,13.307640380000066]]]},"properties":{"psgc_code":1704003004,"name":"Bachao Ilaya","corr_code":174003004,"geo_level":"Bgy","city_class":"","inc_class":"","urb_rur":"","pop_2015":"R","pop_2020":"","status":"","adm4_pcode":"PH1704003004","adm4_en":"Bachao Ilaya","adm3_pcode":"PH1704003","adm2_pcode":"PH17040","adm1_pcode":"PH17","adm0_pcode":"PH","shape_len":0.0806091036818,"shape_area":0.000416956105643,"shape_sqkm":4.99799198275}},
{"type":"Feature","geometry":{"type":"Polygon","coordinates":[[[121.88473175000001,13.289140600000053],[121.88180345,13.294748850000076],[121.86302698000009,13.290935340000033],[121.86194640200006,13.290007613000057],[121.86246327000003,13.289324562000047],[121.86363286100004,13.287345102000074],[121.86439904500003,13.286245645000065],[121.8646601580001,13.285985984000035],[121.86601007500008,13.285019702000056],[121.86594229000002,13.28483886400005],[121.86707109700001,13.28457295800007],[121.86800466000011,13.284285841000042],[121.86871302400004,13.283963742000026],[121.86920286600002,13.28348457100003],[121.8693889650001,13.282833769000035],[121.8699181930001,13.282573378000052],[121.87066354700005,13.282947587000024],[121.88473175000001,13.289140600000053]]]},"properties":{"psgc_code":1704003005,"name":"Bacongbacong","corr_code":174003005,"geo_level":"Bgy","city_class":"","inc_class":"","urb_rur":"","pop_2015":"R","pop_2020":"","status":"","adm4_pcode":"PH1704003005","adm4_en":"Bacongbacong","adm3_pcode":"PH1704003","adm2_pcode":"PH17040","adm1_pcode":"PH17","adm0_pcode":"PH","shape_len":0.0547816241839,"shape_area":0.000155454962795,"shape_sqkm":1.86358610141}},
{"type":"Feature","geometry":{"type":"Polygon","coordinates":[[[121.84720421000009,13.37199312000007],[121.83771232900006,13.375790057000074],[121.82689964100007,13.375774023000076],[121.8261571160001,13.375168959000064],[121.82548929600011,13.37452614700004],[121.82500450100008,13.374377816000049],[121.824532051,13.374072941000065],[121.82389606900006,13.374016279000045],[121.82391278800003,13.373566090000054],[121.82360002900009,13.37314658300005],[121.8236328700001,13.37282973300006],[121.82343881700001,13.372451862000048],[121.82348236700011,13.372160620000045],[121.82378893400005,13.371913179000046],[121.82393996300004,13.371023187000048],[121.82387159100006,13.370325796000031],[121.82366955400005,13.369858716000067],[121.82331819000001,13.369355039000027],[121.8229613850001,13.369067163000068],[121.82265642400012,13.368993467000053],[121.82251560500004,13.368723483000053],[121.82288702500011,13.36794502400005],[121.8230479130001,13.367313435000028],[121.82287583100003,13.366382800000054],[121.82297937900012,13.365771551000023],[121.82289091100006,13.365231743000038],[121.82237965500008,13.363298964000023],[121.82244245400011,13.363518957000053],[121.82289627000011,13.363470150000069],[121.8366404200001,13.361119110000061],[121.84531501000004,13.367440490000035],[121.84644179000009,13.367683730000067],[121.84720421000009,13.37199312000007]]]},"properties":{"psgc_code":1704003006,"name":"Bahi","corr_code":174003006,"geo_level":"Bgy","city_class":"","inc_class":"","urb_rur":"","pop_2015":"R","pop_2020":"","status":"","adm4_pcode":"PH1704003006","adm4_en":"Bahi","adm3_pcode":"PH1704003","adm2_pcode":"PH17040","adm1_pcode":"PH17","adm0_pcode":"PH","shape_len":0.0684747332237,"shape_area":0.000272445112747,"shape_sqkm":3.26500629334}},
{"type":"Feature","geometry":{"type":"Polygon","coordinates":[[[121.85977506000006,13.344175840000048],[121.83732237000004,13.348739370000033],[121.83348346000002,13.345742340000072],[121.83284697300007,13.345353342000067],[121.8322564560001,13.345071899000061],[121.83053991300005,13.343907663000039],[121.83016817100008,13.343499961000077],[121.82950947400002,13.342985604000035],[121.82873161000009,13.342292890000067],[121.82834266800012,13.34201656600004],[121.82795788400006,13.341295651000053],[121.82758584700002,13.34098466100005],[121.8271356240001,13.340427248000026],[121.82784649000007,13.34003060200007],[121.82928514500009,13.339123535000056],[121.83020476900003,13.338642390000075],[121.83173391300011,13.338045158000057],[121.83296333500004,13.337429451000048],[121.83293403300002,13.33776365500006],[121.83324973200001,13.33810942200006],[121.83351281600005,13.338951288000032],[121.83365563200005,13.339161753000042],[121.83424193100007,13.33904900400006],[121.83435468100004,13.338500288000034],[121.8347154810001,13.338658137000039],[121.83472299700009,13.338966321000044],[121.83509131400001,13.339071554000043],[121.83543708100001,13.338725787000044],[121.83630901300012,13.338515321000045],[121.83648644000004,13.338372130000039],[121.85977506000006,13.344175840000048]]]},"properties":{"psgc_code":1704003007,"name":"Bangbang","corr_code":174003007,"geo_level":"Bgy","city_class":"","inc_class":"","urb_rur":"","pop_2015":"R","pop_2020":"","status":"","adm4_pcode":"PH1704003007","adm4_en":"Bangbang","adm3_pcode":"PH1704003","adm2_pcode":"PH17040","adm1_pcode":"PH17","adm0_pcode":"PH","shape_len":0.0733119994954,"shape_area":0.000176413058121,"shape_sqkm":2.11436921438}},
{"type":"Feature","geometry":{"type":"Polygon","coordinates":[[[121.86498198000004,13.306895230000066],[121.86797256000011,13.311853130000031],[121.87029853000001,13.320180210000046],[121.86350483000001,13.31456509000003],[121.85323181000001,13.31238890000003],[121.85267313300005,13.312360458000057],[121.8533283490001,13.311217362000036],[121.8538065140001,13.310148794000042],[121.85393377100002,13.309651407000047],[121.85381369400011,13.308847198000024],[121.85381869500009,13.308105653000041],[121.85438130200009,13.307162454000036],[121.85444913200001,13.306313125000031],[121.85463602100003,13.305787790000068],[121.85588981700005,13.30384680000003],[121.85617846000002,13.303893510000023],[121.86498198000004,13.306895230000066]]]},"properties":{"psgc_code":1704003008,"name":"Banot","corr_code":174003008,"geo_level":"Bgy","city_class":"","inc_class":"","urb_rur":"","pop_2015":"R","pop_2020":"","status":"","adm4_pcode":"PH1704003008","adm4_en":"Banot","adm3_pcode":"PH1704003","adm2_pcode":"PH17040","adm1_pcode":"PH17","adm0_pcode":"PH","shape_len":0.0533392436035,"shape_area":0.000124531882476,"shape_sqkm":1.49275208749}},
{"type":"Feature","geometry":{"type":"Polygon","coordinates":[[[121.91930065000008,13.300386100000026],[121.91216178000002,13.304828260000022],[121.90240682700005,13.294278188000021],[121.89296681000008,13.28058905000006],[121.8911362,13.27587415000005],[121.89087690300005,13.274800283000047],[121.89135069400004,13.274626586000068],[121.89367231300002,13.274390004000054],[121.8950319700001,13.274199470000042],[121.89748025100005,13.273909551000031],[121.89915943800008,13.273740194000027],[121.89880697000001,13.273801417000072],[121.89943397000002,13.274326894000069],[121.90009279300011,13.274485999000035],[121.90021331600008,13.275295608000022],[121.8999817670001,13.275548928000035],[121.89988372000005,13.276014540000062],[121.91930065000008,13.300386100000026]]]},"properties":{"psgc_code":1704003009,"name":"Banuyo","corr_code":174003009,"geo_level":"Bgy","city_class":"","inc_class":"","urb_rur":"","pop_2015":"R","pop_2020":"","status":"","adm4_pcode":"PH1704003009","adm4_en":"Banuyo","adm3_pcode":"PH1704003","adm2_pcode":"PH17040","adm1_pcode":"PH17","adm0_pcode":"PH","shape_len":0.0886971570614,"shape_area":0.000310895249747,"shape_sqkm":3.72699714416}},
{"type":"Feature","geometry":{"type":"Polygon","coordinates":[[[121.88025087000005,13.300125670000057],[121.86933419500008,13.303378881000071],[121.8625016310001,13.299396953000041],[121.86041116000001,13.297998430000064],[121.85860936400002,13.296861656000033],[121.85948191500006,13.294981568000026],[121.85968295600003,13.294393299000035],[121.86046472200007,13.293107416000055],[121.86081128100011,13.292472350000025],[121.861447913,13.290915256000062],[121.86194640200006,13.290007613000057],[121.86302698000009,13.290935340000033],[121.88180345,13.294748850000076],[121.88025087000005,13.300125670000057]]]},"properties":{"psgc_code":1704003010,"name":"Bognuyan","corr_code":174003010,"geo_level":"Bgy","city_class":"","inc_class":"","urb_rur":"","pop_2015":"R","pop_2020":"","status":"","adm4_pcode":"PH1704003010","adm4_en":"Bognuyan","adm3_pcode":"PH1704003","adm2_pcode":"PH17040","adm1_pcode":"PH17","adm0_pcode":"PH","shape_len":0.0577733034394,"shape_area":0.000184088616224,"shape_sqkm":2.20677545025}},
{"type":"Feature","geometry":{"type":"Polygon","coordinates":[[[121.86801547000005,13.35797849000005],[121.84721662000004,13.356921030000024],[121.84570502000008,13.357064700000024],[121.84610174000011,13.362264070000037],[121.83519304000004,13.350670232000027],[121.83732237000004,13.348739370000033],[121.85977506000006,13.344175840000048],[121.86388646000012,13.35031986000007],[121.86395997000011,13.350383230000034],[121.86801547000005,13.35797849000005]]]},"properties":{"psgc_code":1704003011,"name":"Cabugao","corr_code":174003011,"geo_level":"Bgy","city_class":"","inc_class":"","urb_rur":"","pop_2015":"R","pop_2020":"","status":"","adm4_pcode":"PH1704003011","adm4_en":"Cabugao","adm3_pcode":"PH1704003","adm2_pcode":"PH17040","adm1_pcode":"PH17","adm0_pcode":"PH","shape_len":0.0853638301895,"shape_area":0.000306729753393,"shape_sqkm":3.67612634681}},
{"type":"Feature","geometry":{"type":"Polygon","coordinates":[[[121.91216178000002,13.304828260000022],[121.88969837000002,13.307640380000066],[121.88025087000005,13.300125670000057],[121.88180345,13.294748850000076],[121.88473175000001,13.289140600000053],[121.88794941200001,13.284219810000025],[121.88999123000008,13.281117030000075],[121.89296681000008,13.28058905000006],[121.90240682700005,13.294278188000021],[121.91216178000002,13.304828260000022]]]},"properties":{"psgc_code":1704003012,"name":"Dawis","corr_code":174003012,"geo_level":"Bgy","city_class":"","inc_class":"","urb_rur":"","pop_2015":"R","pop_2020":"","status":"","adm4_pcode":"PH1704003012","adm4_en":"Dawis","adm3_pcode":"PH1704003","adm2_pcode":"PH17040","adm1_pcode":"PH17","adm0_pcode":"PH","shape_len":0.090246778154,"shape_area":0.00046250105619,"shape_sqkm":5.54427092012}},
{"type":"Feature","geometry":{"type":"Polygon","coordinates":[[[121.84671925900011,13.328786483000044],[121.85152366000011,13.334920380000028],[121.84261554000011,13.331873890000054],[121.84235922000005,13.331965930000024],[121.84142513400002,13.331222154000045],[121.84188666600005,13.330721925000034],[121.84284043600007,13.329424751000033],[121.84314322800003,13.32893238400004],[121.84347227,13.328237525000077],[121.84296411900004,13.32793362600006],[121.84338689100002,13.327415380000048],[121.844275476,13.326072258000067],[121.84468751000009,13.325045517000035],[121.84501696000007,13.324876665000033],[121.84547821900003,13.325128626000037],[121.84618723000006,13.326249325000049],[121.84628224900007,13.326677927000048],[121.84626606600011,13.327741632000027],[121.8464203530001,13.328372401000024],[121.84671925900011,13.328786483000044]]]},"properties":{"psgc_code":1704003013,"name":"Dili","corr_code":174003013,"geo_level":"Bgy","city_class":"","inc_class":"","urb_rur":"","pop_2015":"R","pop_2020":"","status":"","adm4_pcode":"PH1704003013","adm4_en":"Dili","adm3_pcode":"PH1704003","adm2_pcode":"PH17040","adm1_pcode":"PH17","adm0_pcode":"PH","shape_len":0.0313535737984,"shape_area":0.000036299073268,"shape_sqkm":0.435079100194}},
{"type":"Feature","geometry":{"type":"Polygon","coordinates":[[[121.83732237000004,13.348739370000033],[121.83519304000004,13.350670232000027],[121.8322635500001,13.35007268000004],[121.83101327200006,13.350381706000064],[121.82926094600009,13.349325683000075],[121.82874465300006,13.349245602000053],[121.82835364700009,13.349000782000076],[121.82783075500004,13.348939200000075],[121.82660063800006,13.349127725000073],[121.8262393010001,13.348811107000074],[121.82609818900005,13.348018163000063],[121.8258460300001,13.347343869000042],[121.82553640100002,13.346903225000062],[121.82478492900009,13.346288653000045],[121.82418991000009,13.346200501000055],[121.82379236600002,13.345890145000055],[121.8232930580001,13.345300793000035],[121.82325941500005,13.344892669000046],[121.8235216600001,13.344439774000023],[121.82337494800004,13.343992298000046],[121.82279317100006,13.343559257000038],[121.82231079600001,13.343322773000068],[121.82171960300002,13.343532640000035],[121.82119360000002,13.343813810000029],[121.8208133600001,13.344151086000068],[121.820431643,13.344638489000033],[121.82067585000004,13.343906188000062],[121.82119927400004,13.34329000200006],[121.82191761600006,13.342776522000065],[121.82465305800008,13.341485467000041],[121.82654937400002,13.340622881000058],[121.8271356240001,13.340427248000026],[121.82758584700002,13.34098466100005],[121.82795788400006,13.341295651000053],[121.82834266800012,13.34201656600004],[121.82873161000009,13.342292890000067],[121.82950947400002,13.342985604000035],[121.83016817100008,13.343499961000077],[121.83053991300005,13.343907663000039],[121.8322564560001,13.345071899000061],[121.83284697300007,13.345353342000067],[121.83348346000002,13.345742340000072],[121.83732237000004,13.348739370000033]]]},"properties":{"psgc_code":1704003014,"name":"Libtangin","corr_code":174003014,"geo_level":"Bgy","city_class":"","inc_class":"","urb_rur":"","pop_2015":"R","pop_2020":"","status":"","adm4_pcode":"PH1704003014","adm4_en":"Libtangin","adm3_pcode":"PH1704003","adm2_pcode":"PH17040","adm1_pcode":"PH17","adm0_pcode":"PH","shape_len":0.0439908317575,"shape_area":0.000075154504503,"shape_sqkm":0.900741753561}},
{"type":"Feature","geometry":{"type":"Polygon","coordinates":[[[121.86350483000001,13.31456509000003],[121.85591025500003,13.32107224400005],[121.85299554000005,13.320902784000054],[121.85102980300007,13.320479134000038],[121.84886105400005,13.319667166000045],[121.84834247700007,13.319578732000025],[121.84813280500009,13.320040787000039],[121.84774912000012,13.320532250000042],[121.84760426000003,13.320244844000058],[121.8475883100001,13.319654677000074],[121.84747665600003,13.319451308000055],[121.84694815000012,13.319534685000065],[121.84746782600007,13.318975430000023],[121.84911364800007,13.317620462000036],[121.84984000200006,13.316865316000076],[121.85049472800006,13.316061701000024],[121.85108862900006,13.315153099000042],[121.85208778300012,13.313447232000044],[121.85267313300005,13.312360458000057],[121.85323181000001,13.31238890000003],[121.86350483000001,13.31456509000003]]]},"properties":{"psgc_code":1704003015,"name":"Mahunig","corr_code":174003015,"geo_level":"Bgy","city_class":"","inc_class":"","urb_rur":"","pop_2015":"R","pop_2020":"","status":"","adm4_pcode":"PH1704003015","adm4_en":"Mahunig","adm3_pcode":"PH1704003","adm2_pcode":"PH17040","adm1_pcode":"PH17","adm0_pcode":"PH","shape_len":0.0409416653756,"shape_area":0.00007866571297,"shape_sqkm":0.942935199962}},
{"type":"Feature","geometry":{"type":"Polygon","coordinates":[[[121.84610174000011,13.362264070000037],[121.84531501000004,13.367440490000035],[121.8366404200001,13.361119110000061],[121.82973289000006,13.354182910000077],[121.83000717100003,13.353501383000037],[121.83063791000006,13.351703918000055],[121.83101327200006,13.350381706000064],[121.8322635500001,13.35007268000004],[121.83519304000004,13.350670232000027],[121.84610174000011,13.362264070000037]]]},"properties":{"psgc_code":1704003016,"name":"Mangiliol","corr_code":174003016,"geo_level":"Bgy","city_class":"","inc_class":"","urb_rur":"","pop_2015":"R","pop_2020":"","status":"","adm4_pcode":"PH1704003016","adm4_en":"Mangiliol","adm3_pcode":"PH1704003","adm2_pcode":"PH17040","adm1_pcode":"PH17","adm0_pcode":"PH","shape_len":0.049971739809,"shape_area":0.00011338212372,"shape_sqkm":1.35884154166}},
{"type":"Feature","geometry":{"type":"Polygon","coordinates":[[[121.8366404200001,13.361119110000061],[121.82289627000011,13.363470150000069],[121.82244245400011,13.363518957000053],[121.82237965500008,13.363298964000023],[121.82166835500004,13.361003058000051],[121.82112932200005,13.359389639000028],[121.8200756760001,13.356357438000032],[121.81950687100004,13.354435847000047],[121.81904211200003,13.352290757000048],[121.81887184300001,13.350516500000026],[121.8188790590001,13.348876003000044],[121.81921797000007,13.347491167000044],[121.82006069700003,13.345546992000038],[121.82017206300009,13.344810864000067],[121.820431643,13.344638489000033],[121.8208133600001,13.344151086000068],[121.82119360000002,13.343813810000029],[121.82171960300002,13.343532640000035],[121.82231079600001,13.343322773000068],[121.82279317100006,13.343559257000038],[121.82337494800004,13.343992298000046],[121.8235216600001,13.344439774000023],[121.82325941500005,13.344892669000046],[121.8232930580001,13.345300793000035],[121.82379236600002,13.345890145000055],[121.82418991000009,13.346200501000055],[121.82478492900009,13.346288653000045],[121.82553640100002,13.346903225000062],[121.8258460300001,13.347343869000042],[121.82609818900005,13.348018163000063],[121.8262393010001,13.348811107000074],[121.82660063800006,13.349127725000073],[121.82783075500004,13.348939200000075],[121.82835364700009,13.349000782000076],[121.82874465300006,13.349245602000053],[121.82926094600009,13.349325683000075],[121.83101327200006,13.350381706000064],[121.83063791000006,13.351703918000055],[121.83000717100003,13.353501383000037],[121.82973289000006,13.354182910000077],[121.8366404200001,13.361119110000061]]]},"properties":{"psgc_code":1704003017,"name":"Masiga","corr_code":174003017,"geo_level":"Bgy","city_class":"","inc_class":"","urb_rur":"","pop_2015":"R","pop_2020":"","status":"","adm4_pcode":"PH1704003017","adm4_en":"Masiga","adm3_pcode":"PH1704003","adm2_pcode":"PH17040","adm1_pcode":"PH17","adm0_pcode":"PH","shape_len":0.0633519077108,"shape_area":0.000190426648416,"shape_sqkm":2.28222040621}},
{"type":"Feature","geometry":{"type":"Polygon","coordinates":[[[121.89162184000008,13.327827030000037],[121.87464774000011,13.33132119000004],[121.85149214000012,13.32446555000007],[121.85034774400003,13.322673305000023],[121.84951433000003,13.322497850000047],[121.8490477790001,13.322605516000067],[121.84890422500007,13.322418097000025],[121.84870085600005,13.321297576000063],[121.84873674500011,13.320763235000072],[121.84848552500011,13.320519990000037],[121.84820639200007,13.320484102000023],[121.84795915900008,13.32065158100005],[121.84774912000012,13.320532250000042],[121.84813280500009,13.320040787000039],[121.84834247700007,13.319578732000025],[121.84886105400005,13.319667166000045],[121.85102980300007,13.320479134000038],[121.85299554000005,13.320902784000054],[121.85591025500003,13.32107224400005],[121.86350483000001,13.31456509000003],[121.87029853000001,13.320180210000046],[121.89202191000004,13.322305450000044],[121.89162184000008,13.327827030000037]]]},"properties":{"psgc_code":1704003018,"name":"Matandang Gasan","corr_code":174003018,"geo_level":"Bgy","city_class":"","inc_class":"","urb_rur":"","pop_2015":"R","pop_2020":"","status":"","adm4_pcode":"PH1704003018","adm4_en":"Matandang Gasan","adm3_pcode":"PH1704003","adm2_pcode":"PH17040","adm1_pcode":"PH17","adm0_pcode":"PH","shape_len":0.103193007662,"shape_area":0.000359138674332,"shape_sqkm":4.3047284201}},
{"type":"Feature","geometry":{"type":"Polygon","coordinates":[[[121.85152366000011,13.334920380000028],[121.85977506000006,13.344175840000048],[121.83648644000004,13.338372130000039],[121.83630901300012,13.338515321000045],[121.83543708100001,13.338725787000044],[121.83509131400001,13.339071554000043],[121.83472299700009,13.338966321000044],[121.8347154810001,13.338658137000039],[121.83435468100004,13.338500288000034],[121.83424193100007,13.33904900400006],[121.83365563200005,13.339161753000042],[121.83351281600005,13.338951288000032],[121.83324973200001,13.33810942200006],[121.83293403300002,13.33776365500006],[121.83296333500004,13.337429451000048],[121.83367882200002,13.337074097000027],[121.83590729100001,13.33581149400004],[121.83638275500005,13.335514794000062],[121.83707179800001,13.334967524000035],[121.83823354000003,13.334193674000062],[121.83886516000007,13.333536777000063],[121.83994413200003,13.332689254000059],[121.84075460000008,13.331829575000029],[121.84142513400002,13.331222154000045],[121.84235922000005,13.331965930000024],[121.84261554000011,13.331873890000054],[121.85152366000011,13.334920380000028]]]},"properties":{"psgc_code":1704003019,"name":"Pangi","corr_code":174003019,"geo_level":"Bgy","city_class":"","inc_class":"","urb_rur":"","pop_2015":"R","pop_2020":"","status":"","adm4_pcode":"PH1704003019","adm4_en":"Pangi","adm3_pcode":"PH1704003","adm2_pcode":"PH17040","adm1_pcode":"PH17","adm0_pcode":"PH","shape_len":0.064366860131,"shape_area":0.000142410518191,"shape_sqkm":1.70687665109}},
{"type":"Feature","geometry":{"type":"MultiPolygon","coordinates":[[[[121.81388893300004,13.22938937400005],[121.81316092700001,13.22932066900006],[121.8125410240001,13.229120244000057],[121.81217477900009,13.22892226600004],[121.81072395600006,13.228320095000072],[121.80930440000009,13.22788717900005],[121.80873534900002,13.227853157000027],[121.80818550800007,13.228198864000035],[121.80801446300006,13.228177987000038],[121.80783289600004,13.228606360000072],[121.80748296600007,13.228555559000029],[121.80664605700008,13.228273672000057],[121.80567227100005,13.227693885000065],[121.8048610300001,13.226793540000074],[121.80490588500004,13.226011680000056],[121.8052193420001,13.225631840000062],[121.80558933100008,13.225006626000038],[121.80613256900006,13.224371328000075],[121.80761404600003,13.223309912000047],[121.8081054700001,13.222746950000044],[121.80806766700005,13.222497419000035],[121.80886588100009,13.222028151000075],[121.80946939500006,13.221909281000023],[121.80991734100007,13.221928627000068],[121.81056070700004,13.221733129000029],[121.81115190500009,13.221388245000071],[121.81172123500005,13.221222776000047],[121.81194831000005,13.220940780000035],[121.81249218100004,13.220681776000049],[121.81311840700005,13.220664928000076],[121.81376910400002,13.221076827000047],[121.81432330200005,13.22183005200003],[121.81545480500006,13.222316531000047],[121.81582007600002,13.222725418000039],[121.81624494100004,13.222944231000042],[121.81657031500004,13.22343978300006],[121.81676940500006,13.224327507000055],[121.81675134500006,13.224655166000048],[121.81697708000002,13.225006331000031],[121.81735143000003,13.225150301000042],[121.81852928400008,13.226075625000021],[121.8189916010001,13.22691139400007],[121.81899736200012,13.227224982000052],[121.81879380700002,13.22757450000006],[121.81795299300006,13.227942780000035],[121.81773123400001,13.228187196000022],[121.81698955600007,13.228419357000064],[121.81612735800002,13.228836025000021],[121.81499656000005,13.229279868000049],[121.81427886300003,13.229288904000043],[121.81388893300004,13.22938937400005]]],[[[121.83063511300008,13.237275454000041],[121.82965772800003,13.237024044000066],[121.82885457800012,13.23663141700007],[121.82816567000009,13.236059856000054],[121.8279730490001,13.235584367000058],[121.82799755000008,13.234815604000062],[121.82820003100005,13.234493849000046],[121.82849357300006,13.23443669900007],[121.82848974300009,13.234172083000033],[121.82884401400008,13.233698526000069],[121.82903732300008,13.23367184500006],[121.82917983000004,13.233265752000023],[121.82974733700007,13.232614322000074],[121.83026134900001,13.232159018000061],[121.83050668800001,13.232044773000041],[121.83079753900006,13.231510377000063],[121.83186921700008,13.231520931000034],[121.83221439400006,13.23169265200005],[121.83255196200003,13.23164163000007],[121.832898236,13.231785735000074],[121.83360803800008,13.23187409600007],[121.83432934700011,13.232088475000069],[121.83466467000005,13.23211401900005],[121.83588880400009,13.231695363000028],[121.83654804000003,13.231863496000074],[121.83676079500003,13.232072337000034],[121.83692816000007,13.23280408200003],[121.83693381100011,13.233238194000023],[121.83678328300005,13.233492555000055],[121.83665220700004,13.234075545000053],[121.83628619900003,13.23449464500004],[121.8361219630001,13.234933462000072],[121.83587805600007,13.235183482000025],[121.8347355520001,13.235898611000039],[121.83389405900004,13.236136773000055],[121.83363989500003,13.236328189000062],[121.8328983130001,13.236640005000027],[121.83269621500006,13.236552695000057],[121.83136955500004,13.236774733000061],[121.83107524900004,13.236898447000044],[121.83063511300008,13.237275454000041]]],[[[121.86702630600007,13.252611216000048],[121.86738584600005,13.253599133000023],[121.86726389700004,13.253861302000075],[121.86689037500003,13.253817715000025],[121.8661895030001,13.253393661000075],[121.86509639200005,13.252923853000027],[121.86431063400005,13.252654604000043],[121.86392042300008,13.252605541000037],[121.86319608200006,13.252747140000054],[121.86246555100001,13.252813658000036],[121.86198113300009,13.253010194000069],[121.86114931200007,13.252965218000043],[121.86065596800006,13.252750518000028],[121.85962161200007,13.252596991000075],[121.85852604900003,13.252110309000045],[121.85820594500001,13.252034666000043],[121.8572830170001,13.251594140000066],[121.8563622040001,13.251395107000064],[121.85464756500005,13.25122714500003],[121.85384458700003,13.250980455000047],[121.85333972500007,13.250734814000054],[121.85041256400007,13.249763233000067],[121.84962013800009,13.249286531000052],[121.84923289000005,13.24886116500005],[121.8493641870001,13.248663983000029],[121.84900332200004,13.248056954000049],[121.8489729900001,13.247778193000045],[121.84922650500005,13.247680829000046],[121.84960877000003,13.247319351000044],[121.85114920600006,13.246587584000054],[121.85222109800009,13.246139846000062],[121.85298647900004,13.245956700000022],[121.85379964000003,13.245999814000072],[121.85432540300008,13.245930394000027],[121.85512508900001,13.246088979000035],[121.85610814900008,13.246895092000045],[121.85652383100012,13.246836126000062],[121.85669960000007,13.24708139300003],[121.85719236700004,13.246858714000041],[121.85743940000009,13.246881579000046],[121.85772404000011,13.247162006000053],[121.85867651300009,13.24767366900005],[121.85925523300011,13.247663271000022],[121.85955264200004,13.24739734600007],[121.85980429500012,13.247433785000055],[121.86011018300007,13.247267751000038],[121.86059320400011,13.247239790000037],[121.86090798500004,13.247089943000049],[121.86127042300006,13.24713799500006],[121.86143795500004,13.246990487000062],[121.86182876300006,13.247051858000077],[121.86248268200006,13.246770222000066],[121.86270870600003,13.246886286000063],[121.86302795900008,13.24677581900005],[121.86350949900009,13.246359695000024],[121.8643703250001,13.245929599000021],[121.86463943800004,13.24475187400003],[121.8655063000001,13.244367428000032],[121.86613786100008,13.244393761000026],[121.86655653800005,13.244531313000039],[121.86678276500004,13.244827884000074],[121.8671693010001,13.24504844200004],[121.86801912900012,13.245924896000076],[121.86808451500008,13.24645993300004],[121.86831755300011,13.247068176000028],[121.86820574100011,13.247346752000055],[121.86837965600012,13.247585256000036],[121.86823052400007,13.248509457000068],[121.86830828500001,13.248759130000053],[121.86793960900002,13.249337059000027],[121.86785628400003,13.249734376000049],[121.86747388000003,13.250218881000023],[121.86720382800002,13.250892914000076],[121.86709719900011,13.251425664000067],[121.86702630600007,13.252611216000048]]],[[[121.89087690300005,13.274800283000047],[121.8911362,13.27587415000005],[121.89296681000008,13.28058905000006],[121.88999123000008,13.281117030000075],[121.88794941200001,13.284219810000025],[121.88473175000001,13.289140600000053],[121.87066354700005,13.282947587000024],[121.8699181930001,13.282573378000052],[121.87175061900007,13.281997923000063],[121.87606593300006,13.280967702000055],[121.87645078900005,13.280901538000023],[121.87824312200007,13.280227525000043],[121.87898935700002,13.279838162000033],[121.87923178000005,13.279646231000072],[121.88099056800002,13.278014272000064],[121.88202148100004,13.277271853000059],[121.88286358100004,13.276723163000042],[121.88392440200005,13.276180046000036],[121.8844050240001,13.275885698000025],[121.88511380000011,13.275578018000033],[121.88536434600007,13.275561883000023],[121.88643014000002,13.275198728000078],[121.88749315000007,13.274676015000068],[121.88803037700006,13.274555174000056],[121.88888977800002,13.274639013000069],[121.88994548700009,13.274856922000026],[121.89087690300005,13.274800283000047]]]]},"properties":{"psgc_code":1704003020,"name":"Pinggan","corr_code":174003020,"geo_level":"Bgy","city_class":"","inc_class":"","urb_rur":"","pop_2015":"R","pop_2020":"","status":"","adm4_pcode":"PH1704003020","adm4_en":"Pinggan","adm3_pcode":"PH1704003","adm2_pcode":"PH17040","adm1_pcode":"PH17","adm0_pcode":"PH","shape_len":0.179199253392,"shape_area":0.000368781283313,"shape_sqkm":4.42151244578}},
{"type":"Feature","geometry":{"type":"Polygon","coordinates":[[[121.92391427700011,13.353788578000035],[121.91915257000005,13.356448839000052],[121.90738737000004,13.349082440000075],[121.89162184000008,13.327827030000037],[121.89202191000004,13.322305450000044],[121.88969837000002,13.307640380000066],[121.91216178000002,13.304828260000022],[121.91930065000008,13.300386100000026],[121.92140015000007,13.289124680000043],[121.9309952860001,13.29469423300003],[121.94165895700007,13.300834977000022],[121.9584424410001,13.310558007000054],[121.95436564400006,13.314560146000076],[121.95350408800005,13.320142375000046],[121.94861291400002,13.322643980000066],[121.93992635900008,13.331046431000061],[121.93018246700001,13.336618471000065],[121.92560221000008,13.347009377000063],[121.92391427700011,13.353788578000035]]]},"properties":{"psgc_code":1704003021,"name":"Tabionan","corr_code":174003021,"geo_level":"Bgy","city_class":"","inc_class":"","urb_rur":"","pop_2015":"R","pop_2020":"","status":"","adm4_pcode":"PH1704003021","adm4_en":"Tabionan","adm3_pcode":"PH1704003","adm2_pcode":"PH17040","adm1_pcode":"PH17","adm0_pcode":"PH","shape_len":0.209988954993,"shape_area":0.00238272204922,"shape_sqkm":28.5602311368}},
{"type":"Feature","geometry":{"type":"Polygon","coordinates":[[[121.86223171000006,13.374999870000067],[121.85416304000012,13.379103900000075],[121.85302185900002,13.378790922000064],[121.85275702900003,13.378626980000035],[121.85217497200006,13.378069221000032],[121.84720421000009,13.37199312000007],[121.84644179000009,13.367683730000067],[121.84531501000004,13.367440490000035],[121.84610174000011,13.362264070000037],[121.84570502000008,13.357064700000024],[121.84721662000004,13.356921030000024],[121.86801547000005,13.35797849000005],[121.87222285000007,13.365682970000023],[121.86558800000012,13.370956000000035],[121.86223171000006,13.374999870000067]]]},"properties":{"psgc_code":1704003022,"name":"Tapuyan","corr_code":174003022,"geo_level":"Bgy","city_class":"","inc_class":"","urb_rur":"","pop_2015":"R","pop_2020":"","status":"","adm4_pcode":"PH1704003022","adm4_en":"Tapuyan","adm3_pcode":"PH1704003","adm2_pcode":"PH17040","adm1_pcode":"PH17","adm0_pcode":"PH","shape_len":0.080035925656,"shape_area":0.000410271744422,"shape_sqkm":4.91678576888}},
{"type":"Feature","geometry":{"type":"Polygon","coordinates":[[[121.90738737000004,13.349082440000075],[121.89321030000008,13.358578550000061],[121.88448356000004,13.36434932000003],[121.87222285000007,13.365682970000023],[121.86801547000005,13.35797849000005],[121.86395997000011,13.350383230000034],[121.86388646000012,13.35031986000007],[121.85977506000006,13.344175840000048],[121.85152366000011,13.334920380000028],[121.84671925900011,13.328786483000044],[121.84724094100011,13.328832207000062],[121.84763554800008,13.32917943600006],[121.84811081900011,13.32917687400004],[121.84906240900011,13.328458934000025],[121.84915566100005,13.328042636000077],[121.84935265000001,13.327771666000046],[121.84957790900012,13.327837007000028],[121.84968699600006,13.328167767000025],[121.85042530100009,13.328548230000024],[121.85048623000012,13.328178900000069],[121.85084179000012,13.327289240000027],[121.85133825000003,13.32664015000006],[121.85149214000012,13.32446555000007],[121.87464774000011,13.33132119000004],[121.89162184000008,13.327827030000037],[121.90738737000004,13.349082440000075]]]},"properties":{"psgc_code":1704003023,"name":"Tiguion","corr_code":174003023,"geo_level":"Bgy","city_class":"","inc_class":"","urb_rur":"","pop_2015":"R","pop_2020":"","status":"","adm4_pcode":"PH1704003023","adm4_en":"Tiguion","adm3_pcode":"PH1704003","adm2_pcode":"PH17040","adm1_pcode":"PH17","adm0_pcode":"PH","shape_len":0.162173391139,"shape_area":0.00136464253483,"shape_sqkm":16.3556342177}},
{"type":"Feature","geometry":{"type":"Polygon","coordinates":[[[121.85149214000012,13.32446555000007],[121.85133825000003,13.32664015000006],[121.85084179000012,13.327289240000027],[121.85048623000012,13.328178900000069],[121.85042530100009,13.328548230000024],[121.84968699600006,13.328167767000025],[121.84957790900012,13.327837007000028],[121.84935265000001,13.327771666000046],[121.84915566100005,13.328042636000077],[121.84906240900011,13.328458934000025],[121.84811081900011,13.32917687400004],[121.84763554800008,13.32917943600006],[121.84724094100011,13.328832207000062],[121.84671925900011,13.328786483000044],[121.8464203530001,13.328372401000024],[121.84626606600011,13.327741632000027],[121.84628224900007,13.326677927000048],[121.84618723000006,13.326249325000049],[121.84547821900003,13.325128626000037],[121.84501696000007,13.324876665000033],[121.84497474000011,13.324612418000072],[121.84509629200011,13.324187083000027],[121.84596034000003,13.32439757000003],[121.84799161000001,13.32448960000005],[121.85149214000012,13.32446555000007]]]},"properties":{"psgc_code":1704003024,"name":"Barangay I","corr_code":174003024,"geo_level":"Bgy","city_class":"","inc_class":"","urb_rur":"","pop_2015":"R","pop_2020":"","status":"","adm4_pcode":"PH1704003024","adm4_en":"Barangay I (Pob.)","adm3_pcode":"PH1704003","adm2_pcode":"PH17040","adm1_pcode":"PH17","adm0_pcode":"PH","shape_len":0.0210290106211,"shape_area":0.000021502098219,"shape_sqkm":0.257727342243}},
{"type":"Feature","geometry":{"type":"Polygon","coordinates":[[[121.85149214000012,13.32446555000007],[121.84799161000001,13.32448960000005],[121.84596034000003,13.32439757000003],[121.84509629200011,13.324187083000027],[121.84542016600005,13.32314580700006],[121.84581423500003,13.322498420000045],[121.84699475000002,13.322582050000051],[121.84731435000003,13.322656150000057],[121.84815304000006,13.322566210000048],[121.84876869000004,13.323156710000035],[121.85149214000012,13.32446555000007]]]},"properties":{"psgc_code":1704003025,"name":"Barangay II","corr_code":174003025,"geo_level":"Bgy","city_class":"","inc_class":"","urb_rur":"","pop_2015":"R","pop_2020":"","status":"","adm4_pcode":"PH1704003025","adm4_en":"Barangay II (Pob.)","adm3_pcode":"PH1704003","adm2_pcode":"PH17040","adm1_pcode":"PH17","adm0_pcode":"PH","shape_len":0.0145824721961,"shape_area":0.000007950098186,"shape_sqkm":0.0952921010822}},
{"type":"Feature","geometry":{"type":"Polygon","coordinates":[[[121.84774912000012,13.320532250000042],[121.84795915900008,13.32065158100005],[121.84820639200007,13.320484102000023],[121.84848552500011,13.320519990000037],[121.84873674500011,13.320763235000072],[121.84870085600005,13.321297576000063],[121.84890422500007,13.322418097000025],[121.8490477790001,13.322605516000067],[121.84951433000003,13.322497850000047],[121.85034774400003,13.322673305000023],[121.85149214000012,13.32446555000007],[121.84876869000004,13.323156710000035],[121.84815304000006,13.322566210000048],[121.84731435000003,13.322656150000057],[121.84699475000002,13.322582050000051],[121.84581423500003,13.322498420000045],[121.84594757500008,13.322188697000058],[121.84610275900002,13.320803110000043],[121.84643304100007,13.320096716000023],[121.84694815000012,13.319534685000065],[121.84747665600003,13.319451308000055],[121.8475883100001,13.319654677000074],[121.84760426000003,13.320244844000058],[121.84774912000012,13.320532250000042]]]},"properties":{"psgc_code":1704003026,"name":"Barangay III","corr_code":174003026,"geo_level":"Bgy","city_class":"","inc_class":"","urb_rur":"","pop_2015":"R","pop_2020":"","status":"","adm4_pcode":"PH1704003026","adm4_en":"Barangay III (Pob.)","adm3_pcode":"PH1704003","adm2_pcode":"PH17040","adm1_pcode":"PH17","adm0_pcode":"PH","shape_len":0.0178522107163,"shape_area":0.00000916117382,"shape_sqkm":0.109809199466}},
{"type":"Feature","geometry":{"type":"Polygon","coordinates":[[[121.8638650900001,13.467831130000036],[121.86318913500008,13.468317822000074],[121.86272631800011,13.467697351000027],[121.86261423100007,13.467398453000044],[121.86226302600005,13.467368563000036],[121.86189687600006,13.467659989000026],[121.86197160100005,13.46851932100003],[121.86210002400003,13.468706789000066],[121.86003849500003,13.468706789000066],[121.85910769000009,13.472387780000076],[121.85886417500001,13.472241158000031],[121.85383208400003,13.469206233000023],[121.85368686600009,13.468718713000044],[121.85380096600011,13.468293429000028],[121.85355202000005,13.468231193000065],[121.85296077200007,13.468884678000052],[121.85251474300003,13.468749832000071],[121.85260809800002,13.468459394000035],[121.8528777900001,13.468241566000074],[121.85299189000011,13.467805909000049],[121.852908909,13.46735988100005],[121.85270433000005,13.467164350000076],[121.85460476000003,13.462311310000075],[121.85900342000002,13.462587910000025],[121.86120358000005,13.46246621000006],[121.86328062000007,13.462973900000065],[121.86361700000009,13.46493380000004],[121.8638650900001,13.467831130000036]]]},"properties":{"psgc_code":1704004001,"name":"Anapog-Sibucao","corr_code":174004001,"geo_level":"Bgy","city_class":"","inc_class":"","urb_rur":"","pop_2015":"R","pop_2020":"","status":"","adm4_pcode":"PH1704004001","adm4_en":"Anapog-Sibucao","adm3_pcode":"PH1704004","adm2_pcode":"PH17040","adm1_pcode":"PH17","adm0_pcode":"PH","shape_len":0.0392264947176,"shape_area":0.000074007275203,"shape_sqkm":0.886559073238}},
{"type":"Feature","geometry":{"type":"Polygon","coordinates":[[[121.88115782400007,13.554466274000049],[121.88032689600004,13.553824747000021],[121.8800131800001,13.55332530100003],[121.87972250400003,13.553214728000057],[121.87955536600009,13.552168945000062],[121.87939576100007,13.551902171000052],[121.8791595880001,13.551848524000036],[121.87797466900008,13.551918818000047],[121.87744885900008,13.552071284000021],[121.8774471160001,13.552272395000045],[121.87686882500009,13.552385456000025],[121.87638815700006,13.552290481000057],[121.87553915100011,13.552707935000058],[121.87518800900011,13.552674572000058],[121.87465828300003,13.553114205000043],[121.8743219690001,13.553194917000042],[121.87375774600002,13.553578544000061],[121.87362952800004,13.553951145000042],[121.87358358400002,13.554642786000045],[121.87404085900005,13.55459425500004],[121.87474963600005,13.554927386000031],[121.87493377200008,13.555265924000025],[121.87489353500007,13.555734942000072],[121.8750349930001,13.556239706000042],[121.87548173200003,13.556371591000072],[121.87630746800005,13.556371131000049],[121.87655272100005,13.556598780000058],[121.87683892300004,13.55715281700003],[121.87736733200006,13.557398426000077],[121.87815068400005,13.557670130000076],[121.87870391500007,13.558316025000067],[121.87885490000008,13.558766258000048],[121.87874047500009,13.559310465000067],[121.87857758000007,13.55953904100005],[121.87788903800003,13.559549299000025],[121.87784359600005,13.559729061000041],[121.87716613900011,13.559914083000024],[121.87639071900003,13.560532755000054],[121.87612752300004,13.561050098000067],[121.87233520100006,13.557329018000075],[121.86773276000008,13.55724725500005],[121.86537894000003,13.557455970000035],[121.86266229000012,13.554496990000075],[121.86146084300003,13.553507800000034],[121.86190962800003,13.553077572000063],[121.86205568500009,13.552807693000034],[121.86265764300003,13.552507928000068],[121.86347171600005,13.552217860000042],[121.8641972470001,13.552060898000036],[121.86444824400007,13.551857765000022],[121.86481600200011,13.551782168000045],[121.86510025300004,13.55146294800005],[121.8652794730001,13.551054874000044],[121.86522533300001,13.550745181000025],[121.86526304600011,13.549928168000065],[121.86490214800006,13.549337631000071],[121.86455911600001,13.548358023000048],[121.8642936230001,13.54792171500003],[121.86327585900005,13.546739348000074],[121.86274290200004,13.546021057000075],[121.86245972100005,13.545352678000029],[121.86209936400007,13.54497019300004],[121.86187915200003,13.544323637000048],[121.861671709,13.544196260000035],[121.86103086300011,13.544116944000052],[121.86092580900004,13.544010351000054],[121.86079081900004,13.543090878000044],[121.86105626200003,13.542627922000065],[121.86086710300003,13.541619256000047],[121.860382576,13.54059688500007],[121.85979422000003,13.539693337000074],[121.85931287500011,13.53928445300005],[121.85899435200008,13.539386003000061],[121.85736435800004,13.539550336000048],[121.85655671800009,13.539797020000037],[121.85610437500009,13.539811722000024],[121.85556130900011,13.540536920000022],[121.85517878700011,13.539835525000058],[121.85546440900009,13.539177689000041],[121.85605374700003,13.538695047000033],[121.85628139100004,13.538193154000055],[121.85679923200007,13.537560128000052],[121.85747226800004,13.536895853000033],[121.85840084600011,13.534810803000028],[121.85871188500005,13.533895224000048],[121.85926883200011,13.532946916000071],[121.85970248300009,13.53247742800005],[121.86062213200012,13.531912835000071],[121.86142663600003,13.531901515000072],[121.8616893190001,13.532098501000064],[121.86259309900004,13.532275973000026],[121.86314329000004,13.532714403000057],[121.86318889100005,13.53345615400002],[121.86359655900003,13.534358460000021],[121.86376608800003,13.53561026500006],[121.86356322300003,13.535908345000053],[121.86327170600009,13.53595561700007],[121.86285403200009,13.535826575000044],[121.8625231640001,13.535969944000044],[121.8621042210001,13.535852005000038],[121.86192765900012,13.53617676600004],[121.86142775500002,13.53628838800006],[121.86098589100004,13.53655315800006],[121.86088817600012,13.536396472000035],[121.86020491700003,13.536830811000073],[121.8599960040001,13.536610904000042],[121.85958481400007,13.53677897800003],[121.8601420440001,13.537312992000068],[121.86031486400009,13.53787763400004],[121.86023717300009,13.538198135000073],[121.86069109400012,13.538309870000035],[121.8612785360001,13.538693114000068],[121.86168992500006,13.53909797700004],[121.86176865200002,13.539311180000027],[121.86236294000003,13.539732728000047],[121.86265931800006,13.539671202000022],[121.86338431400009,13.540168368000025],[121.8642475050001,13.540378755000063],[121.86466286200005,13.539945914000043],[121.86505240100007,13.540070282000045],[121.86532433700006,13.53979565000003],[121.86555544900011,13.53936574100004],[121.86619545100007,13.539056291000065],[121.866314697,13.539303553000025],[121.86615105600004,13.539674096000056],[121.86627262600007,13.540059115000076],[121.86653042700004,13.540284642000074],[121.86756324500004,13.540455439000027],[121.86762161700005,13.540609106000034],[121.86806741800001,13.54054805000004],[121.8684930710001,13.540692988000046],[121.86864140900002,13.541106274000072],[121.8685170760001,13.541815702000065],[121.86829146700006,13.542073034000055],[121.86854427500009,13.542333603000031],[121.86877584000001,13.543045214000074],[121.86921937000011,13.543367231000047],[121.86990246900007,13.543539163000048],[121.87044101000004,13.543776803000071],[121.87039156700007,13.543378033000067],[121.87069857800009,13.542914580000058],[121.8711484260001,13.542825845000038],[121.87159437300011,13.543177720000074],[121.87189681600012,13.542699134000031],[121.87209852300009,13.542785648000063],[121.8727356600001,13.542687560000047],[121.87671279000006,13.541160630000036],[121.87855379000007,13.54099098000006],[121.88115980000009,13.543950120000034],[121.88147170000002,13.544773810000038],[121.8801080400001,13.545921710000073],[121.87859343000002,13.547687110000027],[121.8798794700001,13.548856810000075],[121.88115782400007,13.554466274000049]]]},"properties":{"psgc_code":1704004002,"name":"Argao","corr_code":174004002,"geo_level":"Bgy","city_class":"","inc_class":"","urb_rur":"","pop_2015":"R","pop_2020":"","status":"","adm4_pcode":"PH1704004002","adm4_en":"Argao","adm3_pcode":"PH1704004","adm2_pcode":"PH17040","adm1_pcode":"PH17","adm0_pcode":"PH","shape_len":0.133077096135,"shape_area":0.00029452023022,"shape_sqkm":3.52699250833}},
{"type":"Feature","geometry":{"type":"MultiPolygon","coordinates":[[[[121.86094156400009,13.529369092000024],[121.86101160300007,13.529626437000047],[121.8608667310001,13.529914503000043],[121.86071433100005,13.530588149000039],[121.86047075800002,13.530837078000047],[121.85993318700002,13.531096434000062],[121.85945882200008,13.53112433900003],[121.85885423700006,13.530697920000023],[121.85897882900008,13.530292885000051],[121.85942081700011,13.530003689000068],[121.86001293300001,13.52936548200006],[121.8603809220001,13.529220054000064],[121.86077410700011,13.529230701000074],[121.86094156400009,13.529369092000024]]],[[[121.85157545200002,13.532831713000064],[121.85123070200007,13.532792779000033],[121.85093336000011,13.532148752000069],[121.85136819400009,13.532142419000024],[121.85178236500008,13.532681832000037],[121.85157545200002,13.532831713000064]]],[[[121.85283554800003,13.535886465000033],[121.85254536500008,13.535476361000065],[121.8525582210001,13.534925219000058],[121.85266214600006,13.534606714000063],[121.8532606760001,13.53466502300006],[121.85323611800004,13.535287904000029],[121.85343716800003,13.535494552000046],[121.8533754340001,13.53576103100005],[121.85283554800003,13.535886465000033]]],[[[121.87855379000007,13.54099098000006],[121.87671279000006,13.541160630000036],[121.8727356600001,13.542687560000047],[121.87209852300009,13.542785648000063],[121.8726318040001,13.542427719000045],[121.87246415100003,13.54220932800007],[121.87249402400005,13.541913194000074],[121.87274529700005,13.54159080200003],[121.87319730900003,13.54140837500006],[121.87385501200004,13.541275421000023],[121.87475019600004,13.540924373000053],[121.8747741740001,13.54045652600007],[121.87455235900006,13.540033848000064],[121.87323080400006,13.53915862100007],[121.87307312900009,13.538937460000056],[121.87322362000009,13.53863079000007],[121.87292108500003,13.538231359000065],[121.87342012500005,13.537723285000027],[121.87335049900003,13.537470050000024],[121.87297815800002,13.537496695000073],[121.87276545800012,13.537286219000066],[121.872129545,13.537414235000028],[121.87189903100011,13.536803623000026],[121.8715251750001,13.53666705300003],[121.8720122950001,13.53604505800007],[121.87173256000005,13.535608359000037],[121.87140714000009,13.53545451900004],[121.87101098200003,13.534885531000043],[121.87036379200003,13.534891474000062],[121.87020339200001,13.535231702000033],[121.87018370900012,13.535632011000075],[121.8700103870001,13.536220164000042],[121.8697512110001,13.536255901000061],[121.86936600400009,13.53607061300005],[121.86885059100007,13.536076433000062],[121.86845400100003,13.535767787000054],[121.86818082800005,13.53530445900003],[121.86760328700007,13.53519843500004],[121.86741697800005,13.534976045000064],[121.8674019020001,13.534434653000062],[121.86696548200007,13.53380300200007],[121.8665707460001,13.53397794500006],[121.86606378700003,13.533971633000021],[121.86559816200008,13.534246092000046],[121.86504318800007,13.534034690000055],[121.86507610100011,13.533467962000032],[121.86532008600011,13.533155829000066],[121.865197222,13.53277423000003],[121.86547954700006,13.532784655000057],[121.86604414600004,13.531517588000042],[121.8664414650001,13.53074706700005],[121.86650057700001,13.530264112000054],[121.86703665300001,13.528829675000054],[121.86698471300008,13.527546218000055],[121.8670481470001,13.527266397000062],[121.86755769000001,13.52694206700005],[121.86747232400012,13.526707909000038],[121.86704055300004,13.527028486000063],[121.86637950300008,13.527248720000046],[121.86664149900002,13.526754311000047],[121.86714063600004,13.526687078000066],[121.86695637100001,13.526324447000036],[121.86638495700004,13.525937273000068],[121.86601017500004,13.526361434000023],[121.86574588300005,13.526495092000062],[121.86549251200006,13.526119976000075],[121.86512513500008,13.525792239000054],[121.86496754500001,13.525882369000044],[121.86426656900005,13.525276007000059],[121.86397082000008,13.525106048000055],[121.86356943700002,13.525195926000038],[121.86333234400001,13.525839129000076],[121.86275132200001,13.526082205000023],[121.86211307300005,13.526027320000026],[121.86206932100004,13.52571763800006],[121.86151998700007,13.52513846200003],[121.86133221400007,13.524678903000051],[121.86087379900005,13.52431346800006],[121.86048597000001,13.524260686000048],[121.85943182900007,13.52455690000005],[121.85939571600011,13.524376934000031],[121.85877317600011,13.52373209600006],[121.8587306500001,13.523263797000027],[121.85900825300007,13.522435395000059],[121.85891211,13.521881978000067],[121.8584149300001,13.521258488000058],[121.857780993,13.520950583000058],[121.8574955360001,13.52119112500003],[121.85683181200011,13.521578098000077],[121.85628839100002,13.521054950000064],[121.85568409600012,13.52059373700007],[121.85502470100005,13.520299622000039],[121.85452781300012,13.520307524000032],[121.853857919,13.520499345000076],[121.85223898400011,13.52202856200006],[121.85185313800002,13.52191872000003],[121.85162684700003,13.521447498000043],[121.85132369000007,13.521353698000041],[121.85007719600003,13.521471616000042],[121.84969821400011,13.521445675000052],[121.84960042300008,13.521069707000038],[121.84963857700006,13.52062619700007],[121.84977650000008,13.520497694000028],[121.8504733640001,13.520409452000024],[121.85076497200009,13.520234816000027],[121.85097276900001,13.519671991000052],[121.85088953600007,13.519008776000021],[121.8507356130001,13.518809131000069],[121.84959726500006,13.51795871400003],[121.84942611200006,13.51763750400005],[121.84959223600003,13.517255627000054],[121.85027889800006,13.517172909000067],[121.85126943700004,13.517429593000031],[121.85158174700007,13.517179922000025],[121.85177807800005,13.51652692600004],[121.85181750900006,13.516472030000045],[121.85949468000001,13.518690250000077],[121.8716893400001,13.517979720000028],[121.881292013,13.517773249000072],[121.89640522700006,13.515837566000073],[121.89717362300007,13.517147788000045],[121.89678355300009,13.518396015000064],[121.89779773800001,13.518630058000042],[121.89834383700008,13.519800271000065],[121.89842185100008,13.520970483000042],[121.89748568100003,13.522452753000039],[121.89592539700004,13.524013037000032],[121.89491121200001,13.526119420000043],[121.89092028000005,13.53257295000003],[121.88168823100011,13.535301850000053],[121.87855379000007,13.54099098000006]]]]},"properties":{"psgc_code":1704004003,"name":"Balanacan","corr_code":174004003,"geo_level":"Bgy","city_class":"","inc_class":"","urb_rur":"","pop_2015":"R","pop_2020":"","status":"","adm4_pcode":"PH1704004003","adm4_en":"Balanacan","adm3_pcode":"PH1704004","adm2_pcode":"PH17040","adm1_pcode":"PH17","adm0_pcode":"PH","shape_len":0.183475754015,"shape_area":0.000625156671881,"shape_sqkm":7.48715125857}},
{"type":"Feature","geometry":{"type":"Polygon","coordinates":[[[121.91538588000003,13.46293920000005],[121.91495067800008,13.463883613000064],[121.91476515900001,13.46455611700003],[121.91499705800004,13.46497353500007],[121.91529852500003,13.46522862300003],[121.91543766400002,13.465831558000048],[121.91522895600008,13.466550443000074],[121.91441731200007,13.466782342000045],[121.9141158440001,13.467153379000024],[121.91402308500005,13.467825884000035],[121.91425498300009,13.468637529000034],[121.91423179300011,13.469170895000047],[121.91404627400004,13.469773830000065],[121.91360566700007,13.47051590500007],[121.91314187100011,13.470910133000075],[121.91274764400009,13.471373929000038],[121.91284040300002,13.472185574000036],[121.91265488400006,13.472742130000029],[121.91156496200006,13.473321875000067],[121.91107797500001,13.47376248200004],[121.91091564700002,13.474063950000073],[121.91085261,13.474680230000047],[121.91101108100008,13.474886687000037],[121.91116274000001,13.475432420000061],[121.9109853000001,13.476180760000034],[121.91106903000002,13.476572200000021],[121.91089268000007,13.476971430000049],[121.91098136000005,13.47767852000004],[121.91095579000012,13.478506650000043],[121.91063133000011,13.478443710000022],[121.90949726000008,13.47988539000005],[121.90827074000003,13.479812300000049],[121.90823453000007,13.480550250000022],[121.90864650000003,13.480979060000038],[121.90897647800011,13.48198807500006],[121.91009162800003,13.482649473000038],[121.91007548000005,13.482929955000031],[121.90953264500001,13.483599107000032],[121.90854245500009,13.484179037000047],[121.90775806400006,13.484453574000042],[121.90683640400005,13.483963329000062],[121.90690686900007,13.48289002000007],[121.90602198600004,13.481452861000037],[121.90543320200004,13.480633887000067],[121.90528048800002,13.48022400700006],[121.90487386000007,13.479844289000027],[121.90398751800001,13.480125617000056],[121.90331716000003,13.480047562000038],[121.90309217800007,13.479817988000036],[121.9029131100001,13.478931700000032],[121.90303741000002,13.478596340000024],[121.90418162000003,13.476316710000049],[121.90368340000009,13.476186120000023],[121.90377841500003,13.475119274000065],[121.90356154900007,13.474215666000077],[121.90366998100001,13.47363735700003],[121.90392299200005,13.472986761000072],[121.90446515700012,13.472191586000065],[121.90439286700007,13.471360268000069],[121.90374227100006,13.470456660000025],[121.90356154900007,13.469878351000034],[121.90366651400007,13.469350062000046],[121.90428713200004,13.468530429000054],[121.90675353000006,13.466561600000034],[121.9088731600001,13.465845419000061],[121.90941966000003,13.464455197000063],[121.91069483000001,13.46440725900004],[121.91117421600006,13.464570250000065],[121.91301036400012,13.464474668000037],[121.91394666200006,13.464226492000023],[121.91473631200006,13.463617333000059],[121.91538588000003,13.46293920000005]]]},"properties":{"psgc_code":1704004004,"name":"Banto","corr_code":174004004,"geo_level":"Bgy","city_class":"","inc_class":"","urb_rur":"","pop_2015":"R","pop_2020":"","status":"","adm4_pcode":"PH1704004004","adm4_en":"Banto","adm3_pcode":"PH1704004","adm2_pcode":"PH17040","adm1_pcode":"PH17","adm0_pcode":"PH","shape_len":0.0639919612489,"shape_area":0.000136271405634,"shape_sqkm":1.6323997995}},
{"type":"Feature","geometry":{"type":"Polygon","coordinates":[[[121.89640522700006,13.515837566000073],[121.881292013,13.517773249000072],[121.88158981000004,13.512115099000027],[121.87971551600003,13.511521554000069],[121.87993688400002,13.509252531000072],[121.87682505300006,13.504000123000026],[121.8732514840001,13.501394395000034],[121.86622082000008,13.499016920000031],[121.86521538000011,13.497777949000067],[121.8636484750001,13.49771527200005],[121.86239495100006,13.497840625000038],[121.8609533990001,13.497151187000043],[121.85995754400005,13.496489605000022],[121.85917757400011,13.495765347000031],[121.85769423700003,13.495834987000023],[121.85664267000004,13.496183188000032],[121.85522249600001,13.49558406500006],[121.85500654900011,13.494962929000053],[121.85516386200004,13.49342451700005],[121.8557113380001,13.493321197000057],[121.85594658900004,13.493144811000036],[121.8563429730001,13.49248736900006],[121.85640940600001,13.492241786000022],[121.85640009400004,13.49126823100005],[121.8565527290001,13.491050286000075],[121.85715008800003,13.490939960000048],[121.85791803000006,13.490178750000041],[121.85829199300008,13.489978971000028],[121.85901648400011,13.490206253000053],[121.8597691110001,13.490168826000058],[121.86060264700006,13.489784444000065],[121.86738364000007,13.486951000000033],[121.86856204100002,13.487191666000058],[121.86954031500011,13.487793680000038],[121.87085722300003,13.488470948000042],[121.87187312300011,13.488583825000035],[121.87255039000001,13.488771955000061],[121.87300190100007,13.489336344000037],[121.87315240500004,13.48990073300007],[121.8735286640001,13.490389871000048],[121.87424355700011,13.490653252000072],[121.87488319800002,13.490803756000048],[121.87548521300005,13.490803756000048],[121.87597435100008,13.491029512000068],[121.87724422600002,13.491311706000033],[121.87876807700002,13.491311706000033],[121.88065454000002,13.490917240000044],[121.89044683500003,13.487596522000047],[121.89133796500005,13.487240069000052],[121.89163626600009,13.488144528000078],[121.89195889500002,13.488513247000071],[121.89226308900004,13.488531683000076],[121.89300521200005,13.488356883000051],[121.89333261500008,13.48812804000005],[121.89365136900005,13.488227651000045],[121.89397012200004,13.488546404000033],[121.89399004400002,13.489562431000024],[121.89428887600002,13.489821418000076],[121.89466739500006,13.48996087300003],[121.89494630500008,13.490379236000024],[121.8950259930001,13.49103666600007],[121.8956281400001,13.491366420000077],[121.89604681700007,13.491898265000032],[121.89639640900009,13.492510050000021],[121.89632166100012,13.493875685000035],[121.89716863400008,13.496295610000061],[121.89795511000011,13.496900591000042],[121.89825760100007,13.499018024000065],[121.89977005300011,13.498413043000028],[121.90196867600002,13.499390746000074],[121.90436426200006,13.503298375000043],[121.90482783400012,13.504457307000052],[121.90456293500006,13.505483790000028],[121.90403313900003,13.506477160000031],[121.90380135200007,13.507934103000025],[121.9037181000001,13.509830580000028],[121.90049845300007,13.515102762000026],[121.89640522700006,13.515837566000073]]]},"properties":{"psgc_code":1704004005,"name":"Bintakay","corr_code":174004005,"geo_level":"Bgy","city_class":"","inc_class":"","urb_rur":"","pop_2015":"R","pop_2020":"","status":"","adm4_pcode":"PH1704004005","adm4_en":"Bintakay","adm3_pcode":"PH1704004","adm2_pcode":"PH17040","adm1_pcode":"PH17","adm0_pcode":"PH","shape_len":0.14045634668,"shape_area":0.000817515165638,"shape_sqkm":9.79192071659}},
{"type":"Feature","geometry":{"type":"Polygon","coordinates":[[[121.95905356100002,13.470398954000075],[121.9589484170001,13.470711936000043],[121.94564704700008,13.487784217000069],[121.94322750700007,13.479339407000055],[121.93891263000012,13.481716920000054],[121.93652865000001,13.483444770000062],[121.93087530000003,13.481487260000051],[121.93040047000011,13.48144921000005],[121.9295409,13.480178680000051],[121.92172107100009,13.476182780000045],[121.92138506000003,13.47503252000007],[121.92043325000009,13.473613666000062],[121.92034804200011,13.47225032700004],[121.92128533700009,13.47046094600006],[121.92222263100007,13.469779277000043],[121.92247825700008,13.46773427000005],[121.92367117800006,13.466115307000052],[121.92622743600009,13.463899883000067],[121.9270795220001,13.460832373000073],[121.92699431400001,13.459298618000048],[121.92575505000002,13.45782582000004],[121.92491574600001,13.456710680000072],[121.9237176900001,13.455564714000047],[121.92288426100004,13.454852825000046],[121.92166391400008,13.453941198000052],[121.92643142000009,13.453468120000025],[121.93134477000001,13.449381550000055],[121.93907049600011,13.455288734000021],[121.9413949100001,13.460176645000047],[121.94126739900003,13.463088139000035],[121.94006916000001,13.46701188000003],[121.93993089300011,13.467195848000074],[121.93944302900002,13.467251833000034],[121.93953900200006,13.467587738000077],[121.94013083700008,13.468083600000057],[121.93998687700002,13.468339529000048],[121.94033795400003,13.468599667000035],[121.94195832800006,13.468419507000021],[121.94231822800009,13.468311537000034],[121.9427907700001,13.467802960000029],[121.94411772500007,13.466943918000027],[121.94469356500008,13.466691988000036],[121.94516143400006,13.466620009000053],[121.94537737400003,13.46564827900005],[121.94588123400001,13.465468329000032],[121.94627712300007,13.465432340000064],[121.94703291300004,13.465144420000058],[121.9474288020001,13.465252390000046],[121.94800464200011,13.465540309000062],[121.94894038100006,13.465612289000035],[121.94951622000008,13.465468329000032],[121.95012804900011,13.46496447000004],[121.95066789900011,13.46471254000005],[121.95178358800001,13.465360360000034],[121.9522514570001,13.465828229000067],[121.95300724700007,13.466368079000063],[121.95340313600002,13.466835948000039],[121.95372704600004,13.467591738000067],[121.95520263500009,13.468743417000042],[121.95595842300008,13.470075046000034],[121.95721807200005,13.469607176000068],[121.95779391200006,13.469319256000063],[121.95847772100001,13.469499206000023],[121.95872965100011,13.47000306600006],[121.95905356100002,13.470398954000075]]]},"properties":{"psgc_code":1704004006,"name":"Bocboc","corr_code":174004006,"geo_level":"Bgy","city_class":"","inc_class":"","urb_rur":"","pop_2015":"R","pop_2020":"","status":"","adm4_pcode":"PH1704004006","adm4_en":"Bocboc","adm3_pcode":"PH1704004","adm2_pcode":"PH17040","adm1_pcode":"PH17","adm0_pcode":"PH","shape_len":0.142155670277,"shape_area":0.000715023976009,"shape_sqkm":8.56541324293}},
{"type":"Feature","geometry":{"type":"Polygon","coordinates":[[[121.9136386460001,13.49949538900006],[121.91357438000011,13.500111850000053],[121.91266746000008,13.499880510000025],[121.91209741000011,13.499429980000059],[121.91163230000006,13.49954942000005],[121.91100509300009,13.499460032000059],[121.9100840430001,13.498966086000053],[121.90960245300005,13.498098545000062],[121.90932396100004,13.497478786000045],[121.90877406700008,13.497348277000071],[121.90859233300012,13.497531618000039],[121.90861762300005,13.498060085000077],[121.90852258300004,13.498366652000072],[121.90759650000007,13.498567230000049],[121.90753891000008,13.498444100000029],[121.90764567500003,13.497471964000056],[121.90748107000002,13.496061067000028],[121.90729295000006,13.495355618000076],[121.9076691890001,13.494344475000048],[121.9075516150001,13.49352145100005],[121.90759864500001,13.491169956000022],[121.90773973400007,13.49015881300005],[121.90804542900003,13.489429850000022],[121.90860978800004,13.488959550000061],[121.90821003300005,13.487948407000033],[121.9077867640001,13.487595683000052],[121.9075516150001,13.486749145000033],[121.90748107000002,13.485879092000062],[121.90775806400006,13.484453574000042],[121.90854245500009,13.484179037000047],[121.90953264500001,13.483599107000032],[121.91007548000005,13.482929955000031],[121.91009162800003,13.482649473000038],[121.90897647800011,13.48198807500006],[121.90864650000003,13.480979060000038],[121.90823453000007,13.480550250000022],[121.90827074000003,13.479812300000049],[121.90949726000008,13.47988539000005],[121.91063133000011,13.478443710000022],[121.91095579000012,13.478506650000043],[121.91098136000005,13.47767852000004],[121.91089268000007,13.476971430000049],[121.91106903000002,13.476572200000021],[121.9109853000001,13.476180760000034],[121.91116274000001,13.475432420000061],[121.91101108100008,13.474886687000037],[121.91085261,13.474680230000047],[121.91091564700002,13.474063950000073],[121.91107797500001,13.47376248200004],[121.91156496200006,13.473321875000067],[121.91265488400006,13.472742130000029],[121.91284040300002,13.472185574000036],[121.91274764400009,13.471373929000038],[121.91314187100011,13.470910133000075],[121.91360566700007,13.47051590500007],[121.91404627400004,13.469773830000065],[121.91423179300011,13.469170895000047],[121.91425498300009,13.468637529000034],[121.91402308500005,13.467825884000035],[121.9141158440001,13.467153379000024],[121.91441731200007,13.466782342000045],[121.91522895600008,13.466550443000074],[121.91543766400002,13.465831558000048],[121.91529852500003,13.46522862300003],[121.91499705800004,13.46497353500007],[121.91476515900001,13.46455611700003],[121.91495067800008,13.463883613000064],[121.91538588000003,13.46293920000005],[121.91627772000004,13.46217426000004],[121.91700334000006,13.461650400000053],[121.91728220000005,13.460990320000064],[121.9176396900001,13.460535600000071],[121.9178707000001,13.460785130000033],[121.91978241200002,13.458758957000043],[121.92057343500005,13.456984499000043],[121.92102640500002,13.455755708000027],[121.92166391400008,13.453941198000052],[121.92288426100004,13.454852825000046],[121.9237176900001,13.455564714000047],[121.92491574600001,13.456710680000072],[121.92575505000002,13.45782582000004],[121.92699431400001,13.459298618000048],[121.9270795220001,13.460832373000073],[121.92622743600009,13.463899883000067],[121.92367117800006,13.466115307000052],[121.92247825700008,13.46773427000005],[121.92222263100007,13.469779277000043],[121.92128533700009,13.47046094600006],[121.92034804200011,13.47225032700004],[121.92043325000009,13.473613666000062],[121.92138506000003,13.47503252000007],[121.92172107100009,13.476182780000045],[121.9295409,13.480178680000051],[121.92909591000011,13.481061630000056],[121.92886222000004,13.48137637000002],[121.92833785000005,13.481562440000062],[121.92772161000005,13.48101913000005],[121.92703430000006,13.480650160000039],[121.9261488300001,13.480553930000042],[121.92192678000004,13.48090639000003],[121.92231212200011,13.481817843000044],[121.92243466100001,13.482330782000076],[121.92287688600004,13.48252130800006],[121.92311420800002,13.482735868000077],[121.92323792400009,13.483181739000031],[121.92303694200007,13.483320622000065],[121.92245011400007,13.483123542000044],[121.92229329400004,13.483269208000024],[121.92229917000009,13.483659100000068],[121.92165029400007,13.484058832000073],[121.9216356170001,13.484281193000072],[121.92287068700011,13.485185729000023],[121.92313281000008,13.48611995500005],[121.92263537100007,13.48657640600004],[121.92239336800003,13.487234196000031],[121.92242337700009,13.487614826000026],[121.92181186500011,13.488068128000066],[121.92100116600011,13.488509673000067],[121.91938274400002,13.48820640300005],[121.91867723600001,13.48788571800003],[121.91813207200005,13.488174334000064],[121.91781138600004,13.488751568000055],[121.91787552300002,13.489873966000062],[121.91746112600003,13.490397561000066],[121.91676213500011,13.490767615000038],[121.91548750400011,13.491672192000067],[121.9144184590001,13.492206714000076],[121.91392505300007,13.492987938000056],[121.91343164800003,13.494509272000073],[121.91343164800003,13.495496083000035],[121.91260930600004,13.49627730800006],[121.91228037000008,13.497017416000062],[121.91199255000004,13.497510821000049],[121.91201387000001,13.49856040700007],[121.9122791850001,13.499020648000055],[121.91273942600003,13.49930762200006],[121.9136386460001,13.49949538900006]]]},"properties":{"psgc_code":1704004007,"name":"Butansapa","corr_code":174004007,"geo_level":"Bgy","city_class":"","inc_class":"","urb_rur":"","pop_2015":"R","pop_2020":"","status":"","adm4_pcode":"PH1704004007","adm4_en":"Butansapa","adm3_pcode":"PH1704004","adm2_pcode":"PH17040","adm1_pcode":"PH17","adm0_pcode":"PH","shape_len":0.139591784225,"shape_area":0.000426579645178,"shape_sqkm":5.10991641498}},
{"type":"Feature","geometry":{"type":"Polygon","coordinates":[[[121.88065454000002,13.490917240000044],[121.87876807700002,13.491311706000033],[121.87724422600002,13.491311706000033],[121.87597435100008,13.491029512000068],[121.87548521300005,13.490803756000048],[121.87488319800002,13.490803756000048],[121.87424355700011,13.490653252000072],[121.8735286640001,13.490389871000048],[121.87315240500004,13.48990073300007],[121.87300190100007,13.489336344000037],[121.87255039000001,13.488771955000061],[121.87187312300011,13.488583825000035],[121.87085722300003,13.488470948000042],[121.86954031500011,13.487793680000038],[121.86856204100002,13.487191666000058],[121.86738364000007,13.486951000000033],[121.86139266100008,13.482342673000062],[121.86123345400006,13.481633221000038],[121.86176391000004,13.480120420000048],[121.8617145400001,13.478908060000037],[121.8621066500001,13.478968080000072],[121.86220857,13.478638080000053],[121.86313536000011,13.478298110000026],[121.86287040600007,13.477725207000049],[121.86289296000007,13.477462440000068],[121.86256373700007,13.477213533000054],[121.86231988000009,13.477255570000068],[121.86230463000004,13.47677772000003],[121.86265160200003,13.476153623000073],[121.86261396700002,13.475957924000056],[121.86221696000007,13.475797460000024],[121.86277913000004,13.475000760000057],[121.86307241000009,13.475446840000075],[121.86337575000005,13.475409210000066],[121.86384447000012,13.476017980000051],[121.86513788000002,13.476302880000048],[121.86558438000009,13.477299580000022],[121.86737224000001,13.478855430000067],[121.86891820000005,13.477793190000057],[121.87284362000003,13.481636620000074],[121.87324134000005,13.481475360000047],[121.87367418000008,13.481585830000029],[121.87395363000007,13.481978610000056],[121.8739947900001,13.482358060000024],[121.87445470000011,13.482922320000057],[121.87538467000002,13.482616720000067],[121.87590879000004,13.482583110000064],[121.87645888300005,13.482921610000062],[121.87683189000006,13.483118040000022],[121.87685913000007,13.484253870000032],[121.87671086000012,13.485159200000055],[121.87665579000009,13.485876610000048],[121.87698176000004,13.486548170000049],[121.87729275600009,13.487721801000077],[121.88065454000002,13.490917240000044]]]},"properties":{"psgc_code":1704004008,"name":"Candahon","corr_code":174004008,"geo_level":"Bgy","city_class":"","inc_class":"","urb_rur":"","pop_2015":"R","pop_2020":"","status":"","adm4_pcode":"PH1704004008","adm4_en":"Candahon","adm3_pcode":"PH1704004","adm2_pcode":"PH17040","adm1_pcode":"PH17","adm0_pcode":"PH","shape_len":0.0604995723924,"shape_area":0.000132490403497,"shape_sqkm":1.58703633865}},
{"type":"Feature","geometry":{"type":"Polygon","coordinates":[[[121.881292013,13.517773249000072],[121.8716893400001,13.517979720000028],[121.87202199500007,13.51667236700007],[121.87181423600009,13.516023118000021],[121.87155453600008,13.515555660000075],[121.87137274700001,13.514828501000068],[121.87137274700001,13.513841644000024],[121.87178826500008,13.511010921000036],[121.87186617500004,13.510076003000052],[121.87176229500005,13.509348845000034],[121.87158050500011,13.508959295000068],[121.87095894000004,13.508800110000038],[121.8702735820001,13.50874628300005],[121.86966074800011,13.508820566000054],[121.86860221600011,13.50863485900004],[121.86600231500006,13.508764854000049],[121.86401524700011,13.507576328000027],[121.86343955400002,13.506963494000047],[121.86267815500003,13.506944923000049],[121.86156391100008,13.506257806000065],[121.8607345470001,13.506067376000033],[121.86119938600007,13.505958882000073],[121.86140390300011,13.506049482000037],[121.86189148000005,13.505966264000051],[121.8623991070001,13.506318018000059],[121.86281844900009,13.506102863000024],[121.8637292840001,13.505916822000074],[121.86389709500008,13.505672143000027],[121.86421347900011,13.505554102000076],[121.86440088900008,13.505012812000075],[121.86423649400001,13.504100035000022],[121.86371091900003,13.503709096000023],[121.86330204500007,13.503179628000055],[121.86314273900007,13.503096386000038],[121.86271675700004,13.50332934100004],[121.8618626650001,13.503120435000028],[121.86136861300008,13.502748395000026],[121.86121278700011,13.50292771900007],[121.86079036600006,13.50294509500003],[121.86060133000001,13.503252112000041],[121.86017549400003,13.503444734000027],[121.85970024800008,13.503780697000025],[121.85925830600002,13.504588845000058],[121.85907825800007,13.505040559000065],[121.85915337100005,13.505433629000038],[121.85818404000008,13.50475357700003],[121.85712550900007,13.504400734000058],[121.8560858400001,13.50382176000005],[121.85562786000003,13.50369138700006],[121.85541542700003,13.503363886000045],[121.85517185600008,13.503248582000026],[121.85484008900005,13.503416995000066],[121.85455684500005,13.503337332000058],[121.85427360200003,13.503717940000058],[121.85390184500011,13.503363886000045],[121.8534327220001,13.503293076000034],[121.85260954600005,13.502770845000043],[121.85260069500009,13.501956520000022],[121.85247677600012,13.501859155000034],[121.85204305900004,13.502151250000054],[121.85177751800006,13.501868007000041],[121.85135265400004,13.50172638500004],[121.85102515300002,13.502000777000035],[121.85067109900001,13.50201848000006],[121.85047636900003,13.502372534000074],[121.85046751700008,13.503054089000045],[121.8503701520001,13.503266521000057],[121.84968859800006,13.503806454000028],[121.84923717900006,13.503797603000066],[121.84864413700006,13.503576319000047],[121.84822812400012,13.503585170000065],[121.84789177200003,13.503850711000041],[121.84787716000005,13.504367654000077],[121.8476180030001,13.504270962000021],[121.84751517200004,13.504723541000033],[121.84754102600004,13.50527454400003],[121.847845,13.505828050000048],[121.84777036000003,13.50617769400003],[121.84746907600004,13.506391258000065],[121.84663579400001,13.505613680000067],[121.8457070180001,13.505310331000032],[121.8453971880001,13.505130646000055],[121.84493168000006,13.50458605600005],[121.8446790380001,13.504041494000035],[121.84424581200005,13.503390913000032],[121.8440912640001,13.502855855000064],[121.84422195800005,13.501921493000054],[121.84420385800001,13.501182520000043],[121.84430361600005,13.500315669000031],[121.84417820500005,13.499450983000031],[121.84384944900012,13.49866716200006],[121.84351374300002,13.498218144000077],[121.84279484100011,13.497539559000074],[121.84253132900005,13.497469798000054],[121.84164948800003,13.497510172000034],[121.84121580100009,13.497594225000057],[121.84020986200005,13.497985065000023],[121.83984085100008,13.497836195000048],[121.83971343700011,13.497509655000044],[121.83911533300011,13.497518269000068],[121.83878381600005,13.497286086000031],[121.8392879480001,13.49717068800004],[121.84095579000007,13.497010473000046],[121.84120893400006,13.496842808000054],[121.84140093500002,13.496493250000071],[121.84190963000003,13.49599273800004],[121.8424492470001,13.49588039200006],[121.8424050960001,13.495148287000063],[121.84270479500003,13.495288860000073],[121.84276129800003,13.495712583000056],[121.84239929500006,13.496118326000044],[121.84230075500011,13.496381282000073],[121.84280430800004,13.49649789800003],[121.84324646900006,13.495764694000059],[121.84359583000003,13.495473092000054],[121.84386516500001,13.495393965000062],[121.84454304600001,13.49537932100003],[121.84498032300007,13.495198091000077],[121.84576582900002,13.495156770000051],[121.84627483200006,13.495223826000029],[121.8465135560001,13.49506201500003],[121.84706047600002,13.494062189000033],[121.847602058,13.493752659000052],[121.84805861500001,13.493192157000067],[121.84812798700011,13.492432138000026],[121.84860625300007,13.49231257100007],[121.84919080300006,13.49255170400005],[121.84990820500002,13.493282391000037],[121.85041304200001,13.49354809600004],[121.85109058700004,13.493667662000064],[121.85451365100005,13.495674493000024],[121.85522249600001,13.49558406500006],[121.85664267000004,13.496183188000032],[121.85769423700003,13.495834987000023],[121.85917757400011,13.495765347000031],[121.85995754400005,13.496489605000022],[121.8609533990001,13.497151187000043],[121.86239495100006,13.497840625000038],[121.8636484750001,13.49771527200005],[121.86521538000011,13.497777949000067],[121.86622082000008,13.499016920000031],[121.8732514840001,13.501394395000034],[121.87682505300006,13.504000123000026],[121.87993688400002,13.509252531000072],[121.87971551600003,13.511521554000069],[121.88158981000004,13.512115099000027],[121.881292013,13.517773249000072]]]},"properties":{"psgc_code":1704004009,"name":"Capayang","corr_code":174004009,"geo_level":"Bgy","city_class":"","inc_class":"","urb_rur":"","pop_2015":"R","pop_2020":"","status":"","adm4_pcode":"PH1704004009","adm4_en":"Capayang","adm3_pcode":"PH1704004","adm2_pcode":"PH17040","adm1_pcode":"PH17","adm0_pcode":"PH","shape_len":0.141630202358,"shape_area":0.000371266871628,"shape_sqkm":4.44685093618}},
{"type":"Feature","geometry":{"type":"Polygon","coordinates":[[[121.87982010200005,13.467620343000021],[121.8738076200001,13.467462910000052],[121.87263566000001,13.467719230000057],[121.87246475000006,13.468548200000043],[121.86598454000011,13.467633310000053],[121.86569628000007,13.467631470000072],[121.86462382000002,13.46796616000006],[121.86443238000004,13.46831485000007],[121.8638650900001,13.467831130000036],[121.86361700000009,13.46493380000004],[121.86328062000007,13.462973900000065],[121.86237772000004,13.46071573000006],[121.86477646100002,13.459280662000026],[121.86967811600005,13.460017398000048],[121.87070569600007,13.459637641000029],[121.87305125800003,13.459503608000034],[121.87706599700005,13.459911852000062],[121.88021864100006,13.459832611000024],[121.88067527100009,13.461242069000036],[121.88089242000001,13.46172290000004],[121.88083819000008,13.462254140000027],[121.88048950000007,13.463335910000069],[121.88004451000006,13.463845780000042],[121.87962541000002,13.463919290000035],[121.87906978000001,13.464210230000049],[121.8787174900001,13.46457040000007],[121.87982010200005,13.467620343000021]]]},"properties":{"psgc_code":1704004010,"name":"Danao","corr_code":174004010,"geo_level":"Bgy","city_class":"","inc_class":"","urb_rur":"","pop_2015":"R","pop_2020":"","status":"","adm4_pcode":"PH1704004010","adm4_en":"Danao","adm3_pcode":"PH1704004","adm2_pcode":"PH17040","adm1_pcode":"PH17","adm0_pcode":"PH","shape_len":0.0520322358738,"shape_area":0.000134659289359,"shape_sqkm":1.6131489607}},
{"type":"Feature","geometry":{"type":"Polygon","coordinates":[[[121.8680589700001,13.47249867000005],[121.86768992000009,13.47370232000003],[121.86604665000004,13.47334365000006],[121.86558213100011,13.47386625100006],[121.86508876800008,13.474730300000033],[121.86486198000011,13.475521405000052],[121.86384447000012,13.476017980000051],[121.86337575000005,13.475409210000066],[121.86307241000009,13.475446840000075],[121.86277913000004,13.475000760000057],[121.86226490000001,13.474777880000033],[121.86279765000006,13.473867690000077],[121.86256573000003,13.473710530000062],[121.86277309000002,13.473451530000034],[121.86294341000007,13.473108210000078],[121.86337827000011,13.47307292000005],[121.86489372000005,13.472242270000038],[121.8680589700001,13.47249867000005]]]},"properties":{"psgc_code":1704004011,"name":"Dulong Bayan","corr_code":174004011,"geo_level":"Bgy","city_class":"","inc_class":"","urb_rur":"","pop_2015":"R","pop_2020":"","status":"","adm4_pcode":"PH1704004011","adm4_en":"Dulong Bayan (Pob.)","adm3_pcode":"PH1704004","adm2_pcode":"PH17040","adm1_pcode":"PH17","adm0_pcode":"PH","shape_len":0.0169693504393,"shape_area":0.000010647550247,"shape_sqkm":0.127546899944}},
{"type":"Feature","geometry":{"type":"Polygon","coordinates":[[[121.86221696000007,13.475797460000024],[121.86181504000001,13.475543150000021],[121.8615669400001,13.475817150000069],[121.86072431000002,13.475202010000032],[121.86107601000003,13.474630020000063],[121.86079480000001,13.474459540000055],[121.8612725700001,13.473622850000027],[121.85988871000006,13.472834200000023],[121.86033237000004,13.472666480000044],[121.86161011000002,13.472816430000023],[121.8620143600001,13.472958510000069],[121.86277309000002,13.473451530000034],[121.86256573000003,13.473710530000062],[121.86279765000006,13.473867690000077],[121.86226490000001,13.474777880000033],[121.86277913000004,13.475000760000057],[121.86221696000007,13.475797460000024]]]},"properties":{"psgc_code":1704004012,"name":"Gitnang Bayan","corr_code":174004012,"geo_level":"Bgy","city_class":"","inc_class":"","urb_rur":"","pop_2015":"R","pop_2020":"","status":"","adm4_pcode":"PH1704004012","adm4_en":"Gitnang Bayan (Pob.)","adm3_pcode":"PH1704004","adm2_pcode":"PH17040","adm1_pcode":"PH17","adm0_pcode":"PH","shape_len":0.0118858824045,"shape_area":0.000004800266322,"shape_sqkm":0.0575022614497}},
{"type":"Feature","geometry":{"type":"Polygon","coordinates":[[[121.8954672860001,13.537633736000032],[121.89494245100002,13.538486813000077],[121.89447118700002,13.538183399000047],[121.89383983200003,13.538713700000073],[121.89366697800006,13.539181717000076],[121.8937408920001,13.539455194000027],[121.89331960100003,13.539491154000075],[121.89413420500011,13.541162920000033],[121.8942274200001,13.541020131000039],[121.89542153200011,13.541139989000044],[121.89571638000007,13.540791077000051],[121.8961807180001,13.540570160000073],[121.89649838200012,13.540741411000056],[121.89756701400006,13.540335807000076],[121.8981834220001,13.540593314000034],[121.89791651000007,13.541154780000056],[121.89757149800005,13.541379266000035],[121.89685293700006,13.542257603000053],[121.89685438100003,13.542564841000058],[121.89638246100003,13.543064784000023],[121.89615433200004,13.54314465400006],[121.89547920300004,13.543895104000057],[121.89504781300002,13.544077436000066],[121.89486281100005,13.544023631000073],[121.89471260200003,13.543556307000074],[121.89436697000008,13.543453945000067],[121.89366309100001,13.544113433000064],[121.89338795900005,13.54405655000005],[121.89304603500011,13.544293210000035],[121.89316778500006,13.544542246000049],[121.89312982700005,13.544885049000072],[121.89227507300006,13.545616427000027],[121.89182480000011,13.546296270000028],[121.8913069250001,13.546628076000047],[121.8911867380001,13.547005961000025],[121.89120254500006,13.547415991000037],[121.89139620000003,13.547653231000027],[121.8921139900001,13.547474537000028],[121.89300391400002,13.548434357000076],[121.8929558750001,13.548937075000026],[121.89262132600004,13.54937423900003],[121.8921503040001,13.549587462000034],[121.8921476590001,13.549871159000077],[121.89174546100003,13.550201553000022],[121.89161980500012,13.550485880000053],[121.8911468550001,13.551082063000024],[121.89075628800003,13.55093693200007],[121.89046697800006,13.551681100000053],[121.88988108100011,13.552098801000056],[121.88978476200009,13.552594351000039],[121.88960737000002,13.55273235900006],[121.88920046400006,13.553449250000028],[121.88926740000011,13.554251260000058],[121.88955466300001,13.55493429300003],[121.89003319000005,13.555666705000021],[121.8902591430001,13.556413191000047],[121.89059401400004,13.556678957000031],[121.89062499400006,13.55742318800003],[121.89050188800002,13.557899460000044],[121.89016297100011,13.558561827000062],[121.88962193400005,13.558360328000049],[121.88904322000008,13.558326886000032],[121.88885922300005,13.558025835000024],[121.8885059800001,13.557820560000039],[121.88839736200009,13.557504710000046],[121.88782352700002,13.557330136000076],[121.88736605000008,13.556787993000057],[121.88728791500012,13.555420895000054],[121.88743662600007,13.555051186000071],[121.88770712500002,13.554765382000028],[121.88831216200003,13.55457989200005],[121.88847345900001,13.55441122700006],[121.8886009580001,13.553959509000038],[121.8886023660001,13.553435251000053],[121.88870523500009,13.552690101000053],[121.88843011300003,13.552136288000042],[121.88798008800006,13.551468667000051],[121.88778727800002,13.550797295000052],[121.8878612850001,13.550339114000053],[121.88714063300006,13.549958900000036],[121.88692785800004,13.550196303000064],[121.88627129000008,13.550428139000076],[121.88575091400003,13.550376734000054],[121.88520519400004,13.550817111000072],[121.88491014500005,13.550866347000067],[121.88468003900005,13.55108556500005],[121.88413598200009,13.551168906000044],[121.8837520410001,13.55147807800006],[121.88374822100002,13.551632019000067],[121.88289952200012,13.552188568000076],[121.88235093100002,13.552895999000043],[121.88190754800007,13.553268139000068],[121.88182276700002,13.553805431000058],[121.88191584300012,13.554041741000049],[121.88177273500003,13.554356803000076],[121.88142357800007,13.554600659000073],[121.88115782400007,13.554466274000049],[121.8798794700001,13.548856810000075],[121.87859343000002,13.547687110000027],[121.8801080400001,13.545921710000073],[121.88147170000002,13.544773810000038],[121.88115980000009,13.543950120000034],[121.87855379000007,13.54099098000006],[121.88168823100011,13.535301850000053],[121.89092028000005,13.53257295000003],[121.89457730000004,13.536569770000028],[121.8954672860001,13.537633736000032]]]},"properties":{"psgc_code":1704004013,"name":"Guisian","corr_code":174004013,"geo_level":"Bgy","city_class":"","inc_class":"","urb_rur":"","pop_2015":"R","pop_2020":"","status":"","adm4_pcode":"PH1704004013","adm4_en":"Guisian","adm3_pcode":"PH1704004","adm2_pcode":"PH17040","adm1_pcode":"PH17","adm0_pcode":"PH","shape_len":0.104381035282,"shape_area":0.000252022449102,"shape_sqkm":3.01811820588}},
{"type":"Feature","geometry":{"type":"Polygon","coordinates":[[[121.93552134800007,13.507064945000025],[121.93412220000005,13.51242252000003],[121.93231649000006,13.522461100000044],[121.92974886500008,13.521749946000057],[121.92965990900007,13.521406832000025],[121.92851531500003,13.52032768500004],[121.92736691900006,13.519544687000064],[121.92697542000008,13.519205388000046],[121.92645342200001,13.518892190000031],[121.92585312400001,13.51831799100006],[121.92533112600006,13.518109192000054],[121.92496572700009,13.517848193000077],[121.92460556000003,13.517334730000073],[121.92419459000007,13.51711479000005],[121.92392847000008,13.516574160000062],[121.92395853000005,13.516148604000023],[121.92423172300005,13.515229684000076],[121.92413238000006,13.514931656000044],[121.92433106600004,13.514658464000036],[121.92435590100001,13.514211422000074],[121.92423172300005,13.513764379000065],[121.9237350090001,13.51329250200007],[121.92415721600003,13.512696445000074],[121.92403303700007,13.511951375000024],[121.92405336000002,13.51109273000003],[121.9242813940001,13.510212878000061],[121.92438073700009,13.509517479000067],[121.92433106600004,13.508822080000073],[121.92418205100012,13.507977667000034],[121.92445524400011,13.507580297000061],[121.9247532710001,13.507480954000073],[121.92500162800002,13.507108419000076],[121.92485261400009,13.506388185000048],[121.92495195700008,13.505518936000044],[121.92486726400011,13.504939960000058],[121.92504866500008,13.503488750000031],[121.9258246600001,13.503534820000027],[121.92599742300001,13.504214355000045],[121.92633143100011,13.504294978000075],[121.92678061600009,13.504168285000048],[121.92766746600012,13.504225872000063],[121.92804754400004,13.504191320000075],[121.92869936500006,13.504266184000073],[121.93039028400005,13.505257412000049],[121.93161474200008,13.506015410000032],[121.93260597000005,13.505607258000055],[121.93380127600005,13.506404127000053],[121.93552134800007,13.507064945000025]]]},"properties":{"psgc_code":1704004014,"name":"Hinadharan","corr_code":174004014,"geo_level":"Bgy","city_class":"","inc_class":"","urb_rur":"","pop_2015":"R","pop_2020":"","status":"","adm4_pcode":"PH1704004014","adm4_en":"Hinadharan","adm3_pcode":"PH1704004","adm2_pcode":"PH17040","adm1_pcode":"PH17","adm0_pcode":"PH","shape_len":0.052434044043,"shape_area":0.000148909972327,"shape_sqkm":1.78350988485}},
{"type":"Feature","geometry":{"type":"Polygon","coordinates":[[[121.87612752300004,13.561050098000067],[121.87591475300007,13.56217803900006],[121.87625192500002,13.562829785000076],[121.87572695900008,13.562632510000071],[121.8754803700001,13.562055309000073],[121.87512331000005,13.562069786000052],[121.87470125200002,13.562235318000035],[121.87405244600006,13.562804688000028],[121.87402370600012,13.563095217000068],[121.87431314100002,13.563554711000052],[121.87425984300012,13.564150196000071],[121.87468549200003,13.564482914000052],[121.87412384400011,13.564635561000046],[121.87399218500002,13.564808666000033],[121.87339012000007,13.564833661000023],[121.87315354200007,13.565332952000063],[121.87339063000002,13.565678379000076],[121.87334830000009,13.565959991000057],[121.87282736800012,13.566238327000065],[121.87232555800006,13.566933469000048],[121.87221866700008,13.56734033600003],[121.87247903000002,13.567558125000062],[121.87273660700009,13.568422374000022],[121.87274693400002,13.568737095000074],[121.87245513700009,13.569142072000034],[121.87170756000012,13.569635530000028],[121.87135909100004,13.570090336000021],[121.87104658400006,13.570057337000037],[121.87039853100009,13.570308493000027],[121.8697787750001,13.570095665000053],[121.86954175500011,13.57018673500005],[121.8691537420001,13.570098019000056],[121.86851561200001,13.570345933000056],[121.86783374700008,13.57004375200006],[121.86748295500001,13.568969207000066],[121.86733779300005,13.568160444000057],[121.86737926800004,13.567621269000028],[121.86702673000002,13.566812507000066],[121.86698525500003,13.566045220000035],[121.86632165500009,13.565236458000072],[121.86553363000007,13.564448433000052],[121.86532625600012,13.56318344600004],[121.86530551800001,13.56173182200007],[121.85851348100005,13.561392488000024],[121.8565544380001,13.561098228000048],[121.85673554400012,13.560372011000027],[121.8571710550001,13.559127329000034],[121.8570259070001,13.55796110700004],[121.85737205400005,13.55745100200005],[121.85830751000003,13.556419111000025],[121.85837832200002,13.55618546200003],[121.85890837600004,13.556010836000041],[121.85927653600004,13.555690647000063],[121.85962731400002,13.555056165000053],[121.85989791100008,13.554324026000074],[121.85984107100012,13.554115582000065],[121.86020082200002,13.55397049800007],[121.86065182200002,13.554007682000076],[121.86115979800002,13.553808404000051],[121.86146084300003,13.553507800000034],[121.86266229000012,13.554496990000075],[121.86537894000003,13.557455970000035],[121.86773276000008,13.55724725500005],[121.87233520100006,13.557329018000075],[121.87612752300004,13.561050098000067]]]},"properties":{"psgc_code":1704004015,"name":"Hinanggayon","corr_code":174004015,"geo_level":"Bgy","city_class":"","inc_class":"","urb_rur":"","pop_2015":"R","pop_2020":"","status":"","adm4_pcode":"PH1704004015","adm4_en":"Hinanggayon","adm3_pcode":"PH1704004","adm2_pcode":"PH17040","adm1_pcode":"PH17","adm0_pcode":"PH","shape_len":0.0655263354419,"shape_area":0.000148957881953,"shape_sqkm":1.78372595426}},
{"type":"Feature","geometry":{"type":"Polygon","coordinates":[[[121.8716893400001,13.517979720000028],[121.85949468000001,13.518690250000077],[121.85181750900006,13.516472030000045],[121.85177807800005,13.51652692600004],[121.85224687000004,13.51525274900007],[121.85320357900002,13.51509973900005],[121.85322779600006,13.515352950000022],[121.85417017300006,13.515410813000074],[121.85454005500003,13.51522146900004],[121.85395998500007,13.514625967000029],[121.8541075500001,13.514423736000026],[121.85376697000004,13.51406841100004],[121.85386836100008,13.513726692000034],[121.85347641800001,13.513093476000051],[121.85349870300001,13.51262269700004],[121.85381576400005,13.51248157200007],[121.85357053300004,13.510924579000061],[121.85339148500009,13.510597606000033],[121.85297959100001,13.509522429000071],[121.85264886000004,13.508966646000033],[121.85230900600004,13.508718716000033],[121.85194911100007,13.50873475800006],[121.85147562100008,13.509048746000076],[121.85112696800002,13.509163368000031],[121.85073630300008,13.509131539000066],[121.85023146700007,13.508775164000042],[121.84986828900003,13.50869122000006],[121.84863578200009,13.509311643000046],[121.8481035640001,13.509323512000037],[121.84730810400004,13.508972419000031],[121.84704716300007,13.508748225000033],[121.8468894450001,13.50825459400005],[121.84702890200003,13.507845458000077],[121.84733584000003,13.507649625000056],[121.84736428300005,13.508046424000042],[121.84770027700006,13.508002932000068],[121.84795206600006,13.507814370000062],[121.84869104000006,13.507496328000059],[121.84946936800009,13.507352448000063],[121.85016264800004,13.506913478000058],[121.85063126200009,13.507102778000046],[121.8507111130001,13.506491899000025],[121.85098989100004,13.505753436000077],[121.85069773600003,13.505542125000034],[121.85020825900006,13.50570392700007],[121.85005800800002,13.505515266000032],[121.84902144900002,13.505045685000027],[121.8488538360001,13.504874415000074],[121.84819717300002,13.504679920000058],[121.84787716000005,13.504367654000077],[121.84789177200003,13.503850711000041],[121.84822812400012,13.503585170000065],[121.84864413700006,13.503576319000047],[121.84923717900006,13.503797603000066],[121.84968859800006,13.503806454000028],[121.8503701520001,13.503266521000057],[121.85046751700008,13.503054089000045],[121.85047636900003,13.502372534000074],[121.85067109900001,13.50201848000006],[121.85102515300002,13.502000777000035],[121.85135265400004,13.50172638500004],[121.85177751800006,13.501868007000041],[121.85204305900004,13.502151250000054],[121.85247677600012,13.501859155000034],[121.85260069500009,13.501956520000022],[121.85260954600005,13.502770845000043],[121.8534327220001,13.503293076000034],[121.85390184500011,13.503363886000045],[121.85427360200003,13.503717940000058],[121.85455684500005,13.503337332000058],[121.85484008900005,13.503416995000066],[121.85517185600008,13.503248582000026],[121.85541542700003,13.503363886000045],[121.85562786000003,13.50369138700006],[121.8560858400001,13.50382176000005],[121.85712550900007,13.504400734000058],[121.85818404000008,13.50475357700003],[121.85915337100005,13.505433629000038],[121.85954005000008,13.505378291000056],[121.859583455,13.505662768000036],[121.86009017600009,13.505776150000031],[121.8607345470001,13.506067376000033],[121.86156391100008,13.506257806000065],[121.86267815500003,13.506944923000049],[121.86343955400002,13.506963494000047],[121.86401524700011,13.507576328000027],[121.86600231500006,13.508764854000049],[121.86860221600011,13.50863485900004],[121.86966074800011,13.508820566000054],[121.8702735820001,13.50874628300005],[121.87095894000004,13.508800110000038],[121.87158050500011,13.508959295000068],[121.87176229500005,13.509348845000034],[121.87186617500004,13.510076003000052],[121.87178826500008,13.511010921000036],[121.87137274700001,13.513841644000024],[121.87137274700001,13.514828501000068],[121.87155453600008,13.515555660000075],[121.87181423600009,13.516023118000021],[121.87202199500007,13.51667236700007],[121.8716893400001,13.517979720000028]]]},"properties":{"psgc_code":1704004016,"name":"Ino","corr_code":174004016,"geo_level":"Bgy","city_class":"","inc_class":"","urb_rur":"","pop_2015":"R","pop_2020":"","status":"","adm4_pcode":"PH1704004016","adm4_en":"Ino","adm3_pcode":"PH1704004","adm2_pcode":"PH17040","adm1_pcode":"PH17","adm0_pcode":"PH","shape_len":0.0906012283698,"shape_area":0.000240549657964,"shape_sqkm":2.88109870091}},
{"type":"Feature","geometry":{"type":"Polygon","coordinates":[[[121.85364269000002,13.475697790000027],[121.85315761800007,13.475841899000045],[121.85241673700011,13.475743618000024],[121.85213701600003,13.475781418000054],[121.85169097500011,13.475433658000043],[121.85127517400008,13.475380737000023],[121.85098033300005,13.474791056000072],[121.85096521300011,13.474496215000045],[121.85111641300011,13.473914094000065],[121.85053429200002,13.473687294000058],[121.84988413100007,13.473573894000026],[121.8495439300001,13.473740214000031],[121.84918105000008,13.474193815000035],[121.84882888000004,13.475622360000045],[121.84897692900006,13.47699102100006],[121.84880304900003,13.477195142000028],[121.84834944800002,13.477429502000064],[121.84808484700011,13.477754583000035],[121.84729104500002,13.477966263000042],[121.84707936500001,13.477792383000065],[121.84682988400004,13.47793602300004],[121.8472078850001,13.47855594500004],[121.84715496500007,13.478812985000047],[121.8472322450001,13.479358146000038],[121.84710960400002,13.480052828000055],[121.84642920300007,13.480415709000056],[121.84592268200004,13.48049886900003],[121.84583612000006,13.480832380000038],[121.84646700400003,13.481247311000061],[121.84647456300002,13.481625311000073],[121.8462890720001,13.48191057300005],[121.84569667400001,13.481830656000056],[121.84482241500007,13.481887983000036],[121.84414815000002,13.481647605000035],[121.84367031200009,13.481912587000068],[121.84360490400002,13.48268844100005],[121.84334554400004,13.482757552000066],[121.8430452770001,13.482593740000027],[121.84284621000006,13.482099704000063],[121.8426890500001,13.481967144000066],[121.84224770100002,13.482048224000039],[121.84177903000011,13.481912640000075],[121.84169671000006,13.480096870000068],[121.84494688000007,13.471609860000058],[121.8470808300001,13.472853980000025],[121.84992984000007,13.468095490000053],[121.85270433000005,13.467164350000076],[121.852908909,13.46735988100005],[121.85299189000011,13.467805909000049],[121.8528777900001,13.468241566000074],[121.85260809800002,13.468459394000035],[121.85251474300003,13.468749832000071],[121.85296077200007,13.468884678000052],[121.85355202000005,13.468231193000065],[121.85380096600011,13.468293429000028],[121.85368686600009,13.468718713000044],[121.85383208400003,13.469206233000023],[121.85886417500001,13.472241158000031],[121.85761948200002,13.473019296000075],[121.85692970100001,13.473019296000075],[121.85650693200012,13.473219555000071],[121.85609528900011,13.47316392700003],[121.85558343000002,13.472916680000026],[121.85597532100007,13.474037636000048],[121.85598493000009,13.47438167000007],[121.85533490300008,13.474813736000044],[121.85487374200011,13.475577298000076],[121.85459402100003,13.47535805700005],[121.85364269000002,13.475697790000027]]]},"properties":{"psgc_code":1704004017,"name":"Janagdong","corr_code":174004017,"geo_level":"Bgy","city_class":"","inc_class":"","urb_rur":"","pop_2015":"R","pop_2020":"","status":"","adm4_pcode":"PH1704004017","adm4_en":"Janagdong","adm3_pcode":"PH1704004","adm2_pcode":"PH17040","adm1_pcode":"PH17","adm0_pcode":"PH","shape_len":0.0637667929066,"shape_area":0.000099877729282,"shape_sqkm":1.19643136615}},
{"type":"Feature","geometry":{"type":"Polygon","coordinates":[[[121.93989649000002,13.495347410000022],[121.93421390000003,13.49603355000005],[121.93420091000007,13.495756780000022],[121.93365080000001,13.494556320000072],[121.93350633800003,13.493521754000028],[121.93315740100002,13.49263355200003],[121.9327855250001,13.491907618000027],[121.93197546500005,13.491709572000048],[121.93120505800005,13.49140691100007],[121.93062725200002,13.491241825000031],[121.93006320500001,13.491214310000032],[121.92872875000012,13.491021708000062],[121.928426091,13.490829107000025],[121.92812492400003,13.489801149000073],[121.92756646500004,13.488664635000077],[121.92730193200009,13.48836091100003],[121.9268218520001,13.488184556000022],[121.92594987200005,13.488076783000054],[121.92544040100006,13.488204150000058],[121.92491133400006,13.488008200000024],[121.92465659900006,13.487822047000066],[121.92378461800001,13.487773059000062],[121.9228840180001,13.487982421000027],[121.92255070600004,13.488304622000044],[121.92179038000006,13.488669819000052],[121.92100116600011,13.488509673000067],[121.92181186500011,13.488068128000066],[121.92242337700009,13.487614826000026],[121.92239336800003,13.487234196000031],[121.92263537100007,13.48657640600004],[121.92313281000008,13.48611995500005],[121.92287068700011,13.485185729000023],[121.9216356170001,13.484281193000072],[121.92165029400007,13.484058832000073],[121.92229917000009,13.483659100000068],[121.92229329400004,13.483269208000024],[121.92245011400007,13.483123542000044],[121.92303694200007,13.483320622000065],[121.92323792400009,13.483181739000031],[121.92311420800002,13.482735868000077],[121.92287688600004,13.48252130800006],[121.92243466100001,13.482330782000076],[121.92231212200011,13.481817843000044],[121.92192678000004,13.48090639000003],[121.9261488300001,13.480553930000042],[121.92703430000006,13.480650160000039],[121.92772161000005,13.48101913000005],[121.92833785000005,13.481562440000062],[121.92886222000004,13.48137637000002],[121.92909591000011,13.481061630000056],[121.9295409,13.480178680000051],[121.93040047000011,13.48144921000005],[121.93087530000003,13.481487260000051],[121.93652865000001,13.483444770000062],[121.93891263000012,13.481716920000054],[121.94322750700007,13.479339407000055],[121.94564704700008,13.487784217000069],[121.94369467000001,13.491879980000022],[121.94255088000011,13.493776300000036],[121.93989649000002,13.495347410000022]]]},"properties":{"psgc_code":1704004018,"name":"Lamesa","corr_code":174004018,"geo_level":"Bgy","city_class":"","inc_class":"","urb_rur":"","pop_2015":"R","pop_2020":"","status":"","adm4_pcode":"PH1704004018","adm4_en":"Lamesa","adm3_pcode":"PH1704004","adm2_pcode":"PH17040","adm1_pcode":"PH17","adm0_pcode":"PH","shape_len":0.0786076842494,"shape_area":0.000242542743861,"shape_sqkm":2.90525836312}},
{"type":"Feature","geometry":{"type":"Polygon","coordinates":[[[121.85522249600001,13.49558406500006],[121.85451365100005,13.495674493000024],[121.85109058700004,13.493667662000064],[121.85041304200001,13.49354809600004],[121.84990820500002,13.493282391000037],[121.84919080300006,13.49255170400005],[121.84860625300007,13.49231257100007],[121.84812798700011,13.492432138000026],[121.84779585600006,13.491143472000033],[121.84751686700008,13.490798057000063],[121.84729101800008,13.49085119800003],[121.8469323170001,13.491223184000035],[121.84660018700004,13.491302895000047],[121.8458296450001,13.491156758000045],[121.84563036700001,13.49050578300006],[121.84560379700008,13.490054086000043],[121.84578979000003,13.489562532000036],[121.84608206400003,13.489110836000066],[121.8466400430001,13.489137406000054],[121.84709631500004,13.489014905000033],[121.84725312400008,13.488689925000074],[121.84781260700004,13.488274989000047],[121.84725265800012,13.48806604500004],[121.84688869000001,13.487832067000056],[121.84688002500002,13.487537427000063],[121.84740671700001,13.487099427000032],[121.847569539,13.48661325300003],[121.84730382200007,13.485855752000077],[121.84725672400009,13.485420090000048],[121.84733914600008,13.485007979000045],[121.84771593400001,13.484678289000044],[121.8481515950001,13.484454571000072],[121.84927152000012,13.484184640000024],[121.84970277000002,13.483918350000067],[121.84989925000002,13.483522390000076],[121.85015707000002,13.483348800000044],[121.85021365000011,13.483102790000032],[121.84996404000003,13.48238764000007],[121.8497918700001,13.482295020000038],[121.84963631400001,13.481813819000024],[121.84924292900007,13.48143716800007],[121.84946650100005,13.481306446000076],[121.85045956900001,13.480402224000045],[121.85197883800004,13.479503886000032],[121.85301864300004,13.479037817000062],[121.85385986500012,13.479088971000067],[121.85442269800001,13.47931495000006],[121.8556331850001,13.479303431000062],[121.85766161800007,13.479185245000053],[121.85816227400005,13.478888365000046],[121.85845598900005,13.478508564000037],[121.85876184400001,13.478342308000038],[121.8589695600001,13.47855630500004],[121.85903719500004,13.479231741000035],[121.85932670700004,13.480190890000074],[121.86004621400002,13.48096352500005],[121.86034159700012,13.481360578000022],[121.86072692100004,13.481603539000048],[121.86123345400006,13.481633221000038],[121.86139266100008,13.482342673000062],[121.86738364000007,13.486951000000033],[121.86060264700006,13.489784444000065],[121.8597691110001,13.490168826000058],[121.85901648400011,13.490206253000053],[121.85829199300008,13.489978971000028],[121.85791803000006,13.490178750000041],[121.85715008800003,13.490939960000048],[121.8565527290001,13.491050286000075],[121.85640009400004,13.49126823100005],[121.85640940600001,13.492241786000022],[121.8563429730001,13.49248736900006],[121.85594658900004,13.493144811000036],[121.8557113380001,13.493321197000057],[121.85516386200004,13.49342451700005],[121.85500654900011,13.494962929000053],[121.85522249600001,13.49558406500006]]]},"properties":{"psgc_code":1704004019,"name":"Laon","corr_code":174004019,"geo_level":"Bgy","city_class":"","inc_class":"","urb_rur":"","pop_2015":"R","pop_2020":"","status":"","adm4_pcode":"PH1704004019","adm4_en":"Laon","adm3_pcode":"PH1704004","adm2_pcode":"PH17040","adm1_pcode":"PH17","adm0_pcode":"PH","shape_len":0.0669337022929,"shape_area":0.00019204709806,"shape_sqkm":2.30041087379}},
{"type":"Feature","geometry":{"type":"Polygon","coordinates":[[[121.89333261500008,13.48812804000005],[121.89300521200005,13.488356883000051],[121.89226308900004,13.488531683000076],[121.89195889500002,13.488513247000071],[121.89163626600009,13.488144528000078],[121.89133796500005,13.487240069000052],[121.89121914700002,13.486705391000044],[121.89035772200009,13.485784556000056],[121.88993587200002,13.485448079000037],[121.88865403300008,13.484586515000046],[121.88781348300006,13.483514814000046],[121.88737219400002,13.482380072000069],[121.88735118000011,13.481329385000038],[121.88674178200006,13.480804040000066],[121.88530994000007,13.480326950000062],[121.88520122000011,13.48005119000004],[121.8848402100001,13.47982471000006],[121.88411610000003,13.479698730000052],[121.8840532800001,13.479573455000036],[121.88318227000002,13.478631380000024],[121.88130735200002,13.477683502000048],[121.88154758900009,13.477069564000033],[121.8825750100001,13.474888100000044],[121.88205876000006,13.474643350000065],[121.88241294900001,13.473302132000072],[121.88174345900006,13.472447301000045],[121.88218902400001,13.470605631000069],[121.88215932000003,13.469447160000072],[121.88174345900006,13.469001596000055],[121.88057756300009,13.469402604000038],[121.87982010200005,13.467620343000021],[121.8787174900001,13.46457040000007],[121.87906978000001,13.464210230000049],[121.87962541000002,13.463919290000035],[121.88004451000006,13.463845780000042],[121.88076976700006,13.463856299000042],[121.88129403100004,13.463780418000056],[121.8817286200001,13.463566574000026],[121.88205283500008,13.463283747000048],[121.88250122000011,13.463152680000064],[121.88312895800004,13.462683601000037],[121.88426026600007,13.462435266000057],[121.88462765000008,13.462544070000035],[121.88520935000008,13.46325285000006],[121.8857029510001,13.463192720000052],[121.88593290800009,13.463059197000064],[121.88673405000009,13.462265473000059],[121.88784674700003,13.461820394000029],[121.88842535000003,13.461746214000073],[121.88892977300009,13.461775886000055],[121.89016857600006,13.46207260500006],[121.89068041700011,13.46207260500006],[121.8911193670001,13.461962672000027],[121.8921910680001,13.461017054000024],[121.89370405800003,13.461395302000028],[121.89914737000004,13.460078790000068],[121.90093682000008,13.463533890000065],[121.90163780000012,13.464187510000045],[121.90256584000008,13.464318610000078],[121.9063316700001,13.465629870000043],[121.90675353000006,13.466561600000034],[121.90428713200004,13.468530429000054],[121.90366651400007,13.469350062000046],[121.90293119000012,13.469610312000043],[121.90242640800011,13.46949012600004],[121.90228218400011,13.469874722000043],[121.901705289,13.469778572000052],[121.90122454400012,13.470091057000047],[121.90045535200011,13.469634349000046],[121.8999986440001,13.469153604000041],[121.89959001000011,13.469610312000043],[121.8994457870001,13.470067020000045],[121.89968615900011,13.470836212000052],[121.89850833300011,13.471725591000052],[121.8973545450001,13.47232652300005],[121.8969459110001,13.47242267200005],[121.89675361200011,13.472855343000049],[121.8966574640001,13.473816833000058],[121.89623491000009,13.474293240000065],[121.89633214000003,13.475066550000065],[121.89614279000011,13.475416670000072],[121.89531131000001,13.476259630000072],[121.89332505000004,13.476767580000057],[121.89313958200012,13.477051417000041],[121.89296904300011,13.477689719000068],[121.89301289700006,13.478181845000051],[121.89320779800005,13.478518049000058],[121.89314445500008,13.479073518000064],[121.89295272000004,13.479876430000047],[121.89264267200008,13.480329226000038],[121.89284983800007,13.482003812000073],[121.89366123500008,13.48429989500005],[121.89271172700012,13.483781982000039],[121.89200391200006,13.48438621400004],[121.89240097900006,13.48542204000006],[121.89297068400003,13.48602627300005],[121.89343680500008,13.486078064000026],[121.89367129100003,13.486275285000033],[121.89369121300001,13.48687294900003],[121.89339238200012,13.487251468000068],[121.89317323800003,13.487749521000069],[121.89333261500008,13.48812804000005]]]},"properties":{"psgc_code":1704004020,"name":"Magapua","corr_code":174004020,"geo_level":"Bgy","city_class":"","inc_class":"","urb_rur":"","pop_2015":"R","pop_2020":"","status":"","adm4_pcode":"PH1704004020","adm4_en":"Magapua","adm3_pcode":"PH1704004","adm2_pcode":"PH17040","adm1_pcode":"PH17","adm0_pcode":"PH","shape_len":0.102117262698,"shape_area":0.000361752138192,"shape_sqkm":4.33347858747}},
{"type":"Feature","geometry":{"type":"Polygon","coordinates":[[[121.91538588000003,13.46293920000005],[121.91473631200006,13.463617333000059],[121.91394666200006,13.464226492000023],[121.91301036400012,13.464474668000037],[121.91117421600006,13.464570250000065],[121.91069483000001,13.46440725900004],[121.90941966000003,13.464455197000063],[121.9088731600001,13.465845419000061],[121.90675353000006,13.466561600000034],[121.9063316700001,13.465629870000043],[121.90256584000008,13.464318610000078],[121.90163780000012,13.464187510000045],[121.90093682000008,13.463533890000065],[121.89914737000004,13.460078790000068],[121.89928542000007,13.458490420000032],[121.89904796000008,13.455186940000033],[121.90002167700004,13.453989300000046],[121.90591131000008,13.452671284000076],[121.90818416500008,13.453753597000059],[121.91013232700004,13.454186521000054],[121.9119722580001,13.453212441000062],[121.9136548030001,13.451993035000044],[121.91478627000004,13.452021897000066],[121.91542679500003,13.452682433000064],[121.91571328700002,13.453333551000071],[121.916781119,13.454140937000034],[121.91816148800001,13.454245115000049],[121.91909909800006,13.454375339000023],[121.91941163400008,13.454739964000055],[121.91956790200004,13.455208769000023],[121.92102640500002,13.455755708000027],[121.92057343500005,13.456984499000043],[121.91978241200002,13.458758957000043],[121.9178707000001,13.460785130000033],[121.9176396900001,13.460535600000071],[121.91728220000005,13.460990320000064],[121.91700334000006,13.461650400000053],[121.91627772000004,13.46217426000004],[121.91538588000003,13.46293920000005]]]},"properties":{"psgc_code":1704004021,"name":"Malayak","corr_code":174004021,"geo_level":"Bgy","city_class":"","inc_class":"","urb_rur":"","pop_2015":"R","pop_2020":"","status":"","adm4_pcode":"PH1704004021","adm4_en":"Malayak","adm3_pcode":"PH1704004","adm2_pcode":"PH17040","adm1_pcode":"PH17","adm0_pcode":"PH","shape_len":0.0609346836929,"shape_area":0.000213432368028,"shape_sqkm":2.55686119019}},
{"type":"Feature","geometry":{"type":"Polygon","coordinates":[[[121.9029131100001,13.478931700000032],[121.89680433600006,13.479711211000051],[121.8964589950001,13.480056552000065],[121.8959656510001,13.480179887000077],[121.89401694300011,13.480204555000057],[121.89332626100008,13.480081219000056],[121.89295272000004,13.479876430000047],[121.89314445500008,13.479073518000064],[121.89320779800005,13.478518049000058],[121.89301289700006,13.478181845000051],[121.89296904300011,13.477689719000068],[121.89313958200012,13.477051417000041],[121.89332505000004,13.476767580000057],[121.89531131000001,13.476259630000072],[121.89614279000011,13.475416670000072],[121.89633214000003,13.475066550000065],[121.89623491000009,13.474293240000065],[121.8966574640001,13.473816833000058],[121.89675361200011,13.472855343000049],[121.8969459110001,13.47242267200005],[121.8973545450001,13.47232652300005],[121.89850833300011,13.471725591000052],[121.89968615900011,13.470836212000052],[121.8994457870001,13.470067020000045],[121.89959001000011,13.469610312000043],[121.8999986440001,13.469153604000041],[121.90045535200011,13.469634349000046],[121.90122454400012,13.470091057000047],[121.901705289,13.469778572000052],[121.90228218400011,13.469874722000043],[121.90242640800011,13.46949012600004],[121.90293119000012,13.469610312000043],[121.90366651400007,13.469350062000046],[121.90356154900007,13.469878351000034],[121.90374227100006,13.470456660000025],[121.90439286700007,13.471360268000069],[121.90446515700012,13.472191586000065],[121.90392299200005,13.472986761000072],[121.90366998100001,13.47363735700003],[121.90356154900007,13.474215666000077],[121.90377841500003,13.475119274000065],[121.90368340000009,13.476186120000023],[121.90418162000003,13.476316710000049],[121.90303741000002,13.478596340000024],[121.9029131100001,13.478931700000032]]]},"properties":{"psgc_code":1704004022,"name":"Malusak","corr_code":174004022,"geo_level":"Bgy","city_class":"","inc_class":"","urb_rur":"","pop_2015":"R","pop_2020":"","status":"","adm4_pcode":"PH1704004022","adm4_en":"Malusak","adm3_pcode":"PH1704004","adm2_pcode":"PH17040","adm1_pcode":"PH17","adm0_pcode":"PH","shape_len":0.0403081485276,"shape_area":0.000076764980836,"shape_sqkm":0.919560958432}},
{"type":"Feature","geometry":{"type":"Polygon","coordinates":[[[121.89914737000004,13.460078790000068],[121.89370405800003,13.461395302000028],[121.8921910680001,13.461017054000024],[121.8911193670001,13.461962672000027],[121.89068041700011,13.46207260500006],[121.89016857600006,13.46207260500006],[121.88892977300009,13.461775886000055],[121.88842535000003,13.461746214000073],[121.88784674700003,13.461820394000029],[121.88673405000009,13.462265473000059],[121.88593290800009,13.463059197000064],[121.8857029510001,13.463192720000052],[121.88520935000008,13.46325285000006],[121.88462765000008,13.462544070000035],[121.88426026600007,13.462435266000057],[121.88312895800004,13.462683601000037],[121.88250122000011,13.463152680000064],[121.88205283500008,13.463283747000048],[121.8817286200001,13.463566574000026],[121.88129403100004,13.463780418000056],[121.88076976700006,13.463856299000042],[121.88004451000006,13.463845780000042],[121.88048950000007,13.463335910000069],[121.88083819000008,13.462254140000027],[121.88089242000001,13.46172290000004],[121.88067527100009,13.461242069000036],[121.88021864100006,13.459832611000024],[121.88061001900007,13.458269346000066],[121.88245053000003,13.455752300000029],[121.88363018600012,13.454818338000052],[121.88550357000008,13.455150333000063],[121.88743898200005,13.455190654000035],[121.8883663680001,13.454626160000032],[121.88917279000009,13.453698774000031],[121.89106788100003,13.453174600000068],[121.89344682500007,13.453416526000069],[121.89707633600005,13.45399816400004],[121.90002167700004,13.453989300000046],[121.89904796000008,13.455186940000033],[121.89928542000007,13.458490420000032],[121.89914737000004,13.460078790000068]]]},"properties":{"psgc_code":1704004023,"name":"Mampaitan","corr_code":174004023,"geo_level":"Bgy","city_class":"","inc_class":"","urb_rur":"","pop_2015":"R","pop_2020":"","status":"","adm4_pcode":"PH1704004023","adm4_en":"Mampaitan","adm3_pcode":"PH1704004","adm2_pcode":"PH17040","adm1_pcode":"PH17","adm0_pcode":"PH","shape_len":0.0550642119196,"shape_area":0.000138465021933,"shape_sqkm":1.65877694283}},
{"type":"Feature","geometry":{"type":"Polygon","coordinates":[[[121.89133796500005,13.487240069000052],[121.89044683500003,13.487596522000047],[121.88065454000002,13.490917240000044],[121.87729275600009,13.487721801000077],[121.87698176000004,13.486548170000049],[121.87665579000009,13.485876610000048],[121.87671086000012,13.485159200000055],[121.87685913000007,13.484253870000032],[121.87683189000006,13.483118040000022],[121.87645888300005,13.482921610000062],[121.87661493000007,13.482874942000024],[121.8768109350001,13.48241292800003],[121.8770862770001,13.48219825600006],[121.87753429100007,13.48090088300006],[121.87773963000006,13.480541538000068],[121.87845218600012,13.478938980000066],[121.87903745900007,13.478468753000072],[121.87845032900009,13.478090739000038],[121.87748246400008,13.477226733000066],[121.87717151000004,13.476590976000068],[121.87704407400008,13.475887141000044],[121.87693814300007,13.474475974000029],[121.87774251300004,13.47399695300004],[121.87881231500012,13.472734236000065],[121.88057756300009,13.469402604000038],[121.88174345900006,13.469001596000055],[121.88215932000003,13.469447160000072],[121.88218902400001,13.470605631000069],[121.88174345900006,13.472447301000045],[121.88241294900001,13.473302132000072],[121.88205876000006,13.474643350000065],[121.8825750100001,13.474888100000044],[121.88154758900009,13.477069564000033],[121.88130735200002,13.477683502000048],[121.88318227000002,13.478631380000024],[121.8840532800001,13.479573455000036],[121.88411610000003,13.479698730000052],[121.8848402100001,13.47982471000006],[121.88520122000011,13.48005119000004],[121.88530994000007,13.480326950000062],[121.88674178200006,13.480804040000066],[121.88735118000011,13.481329385000038],[121.88737219400002,13.482380072000069],[121.88781348300006,13.483514814000046],[121.88865403300008,13.484586515000046],[121.88993587200002,13.485448079000037],[121.89035772200009,13.485784556000056],[121.89121914700002,13.486705391000044],[121.89133796500005,13.487240069000052]]]},"properties":{"psgc_code":1704004024,"name":"Mangyan-Mababad","corr_code":174004024,"geo_level":"Bgy","city_class":"","inc_class":"","urb_rur":"","pop_2015":"R","pop_2020":"","status":"","adm4_pcode":"PH1704004024","adm4_en":"Mangyan-Mababad","adm3_pcode":"PH1704004","adm2_pcode":"PH17040","adm1_pcode":"PH17","adm0_pcode":"PH","shape_len":0.0635385784743,"shape_area":0.000151184358983,"shape_sqkm":1.8109723448}},
{"type":"Feature","geometry":{"type":"Polygon","coordinates":[[[121.86072431000002,13.475202010000032],[121.86050956000008,13.475048620000052],[121.86025484000004,13.47569025000007],[121.85962561000008,13.476076910000074],[121.85946543000011,13.476014380000038],[121.85908799000003,13.476567000000045],[121.85821854000005,13.47612427000007],[121.8579130710001,13.476099686000055],[121.85656973000005,13.476372870000034],[121.8563439080001,13.476007029000073],[121.85665133000009,13.475896920000025],[121.85661525000012,13.475145510000061],[121.85669992700002,13.474866888000065],[121.85598493000009,13.47438167000007],[121.85597532100007,13.474037636000048],[121.85558343000002,13.472916680000026],[121.85609528900011,13.47316392700003],[121.85650693200012,13.473219555000071],[121.85692970100001,13.473019296000075],[121.85761948200002,13.473019296000075],[121.85886417500001,13.472241158000031],[121.85910769000009,13.472387780000076],[121.86105682000004,13.471905400000026],[121.86133476000009,13.472162060000073],[121.86020488000008,13.472481070000072],[121.86033237000004,13.472666480000044],[121.85988871000006,13.472834200000023],[121.8612725700001,13.473622850000027],[121.86079480000001,13.474459540000055],[121.86107601000003,13.474630020000063],[121.86072431000002,13.475202010000032]]]},"properties":{"psgc_code":1704004025,"name":"Market Site","corr_code":174004025,"geo_level":"Bgy","city_class":"","inc_class":"","urb_rur":"","pop_2015":"R","pop_2020":"","status":"","adm4_pcode":"PH1704004025","adm4_en":"Market Site (Pob.)","adm3_pcode":"PH1704004","adm2_pcode":"PH17040","adm1_pcode":"PH17","adm0_pcode":"PH","shape_len":0.021367622204,"shape_area":0.000015871324182,"shape_sqkm":0.190122045553}},
{"type":"Feature","geometry":{"type":"Polygon","coordinates":[[[121.8680589700001,13.47249867000005],[121.86489372000005,13.472242270000038],[121.86337827000011,13.47307292000005],[121.86294341000007,13.473108210000078],[121.86277309000002,13.473451530000034],[121.8620143600001,13.472958510000069],[121.86161011000002,13.472816430000023],[121.86033237000004,13.472666480000044],[121.86020488000008,13.472481070000072],[121.86133476000009,13.472162060000073],[121.86105682000004,13.471905400000026],[121.85910769000009,13.472387780000076],[121.86003849500003,13.468706789000066],[121.86210002400003,13.468706789000066],[121.86197160100005,13.46851932100003],[121.86189687600006,13.467659989000026],[121.86226302600005,13.467368563000036],[121.86261423100007,13.467398453000044],[121.86272631800011,13.467697351000027],[121.86318913500008,13.468317822000074],[121.8638650900001,13.467831130000036],[121.86443238000004,13.46831485000007],[121.86462382000002,13.46796616000006],[121.86569628000007,13.467631470000072],[121.86598454000011,13.467633310000053],[121.86612795000008,13.468080240000063],[121.86600834000001,13.468444850000026],[121.86605377000001,13.469751920000022],[121.86722774000009,13.47005149000006],[121.8674005800001,13.472057950000021],[121.8680589700001,13.47249867000005]]]},"properties":{"psgc_code":1704004026,"name":"Mataas Na Bayan","corr_code":174004026,"geo_level":"Bgy","city_class":"","inc_class":"","urb_rur":"","pop_2015":"R","pop_2020":"","status":"","adm4_pcode":"PH1704004026","adm4_en":"Mataas Na Bayan","adm3_pcode":"PH1704004","adm2_pcode":"PH17040","adm1_pcode":"PH17","adm0_pcode":"PH","shape_len":0.0308928561918,"shape_area":0.00003220448567,"shape_sqkm":0.385782388505}},
{"type":"Feature","geometry":{"type":"Polygon","coordinates":[[[121.91357438000011,13.500111850000053],[121.913091054,13.501390556000047],[121.91368541500003,13.50235639400006],[121.91301675900002,13.50254213200003],[121.91260813500003,13.503396526000074],[121.91297961100008,13.504028036000022],[121.91353682500005,13.504399511000031],[121.91409403900002,13.50614544800004],[121.91487413800007,13.507482762000052],[121.91286816800005,13.51331493400005],[121.91406799000004,13.518831910000074],[121.91086485000005,13.521565580000072],[121.90649747200007,13.51842780000004],[121.90049845300007,13.515102762000026],[121.9037181000001,13.509830580000028],[121.90380135200007,13.507934103000025],[121.90403313900003,13.506477160000031],[121.90456293500006,13.505483790000028],[121.90482783400012,13.504457307000052],[121.90436426200006,13.503298375000043],[121.90196867600002,13.499390746000074],[121.9024566170001,13.499058356000035],[121.90294657700008,13.499500516000069],[121.90347238800007,13.499500516000069],[121.90359189000003,13.499261510000053],[121.90434475500001,13.499285411000074],[121.90561148100005,13.499153958000022],[121.90666310200004,13.498831301000052],[121.90710526100008,13.49860424700006],[121.90759650000007,13.498567230000049],[121.90852258300004,13.498366652000072],[121.90861762300005,13.498060085000077],[121.90859233300012,13.497531618000039],[121.90877406700008,13.497348277000071],[121.90932396100004,13.497478786000045],[121.90960245300005,13.498098545000062],[121.9100840430001,13.498966086000053],[121.91100509300009,13.499460032000059],[121.91163230000006,13.49954942000005],[121.91209741000011,13.499429980000059],[121.91266746000008,13.499880510000025],[121.91357438000011,13.500111850000053]]]},"properties":{"psgc_code":1704004027,"name":"Mendez","corr_code":174004027,"geo_level":"Bgy","city_class":"","inc_class":"","urb_rur":"","pop_2015":"R","pop_2020":"","status":"","adm4_pcode":"PH1704004027","adm4_en":"Mendez","adm3_pcode":"PH1704004","adm2_pcode":"PH17040","adm1_pcode":"PH17","adm0_pcode":"PH","shape_len":0.0690824028783,"shape_area":0.00021347002488,"shape_sqkm":2.55678290136}},
{"type":"Feature","geometry":{"type":"Polygon","coordinates":[[[121.8617145400001,13.478908060000037],[121.86176391000004,13.480120420000048],[121.86123345400006,13.481633221000038],[121.86072692100004,13.481603539000048],[121.86034159700012,13.481360578000022],[121.86004621400002,13.48096352500005],[121.85932670700004,13.480190890000074],[121.85903719500004,13.479231741000035],[121.8589695600001,13.47855630500004],[121.85876184400001,13.478342308000038],[121.85845598900005,13.478508564000037],[121.85816227400005,13.478888365000046],[121.85766161800007,13.479185245000053],[121.8556331850001,13.479303431000062],[121.85442269800001,13.47931495000006],[121.85385986500012,13.479088971000067],[121.85301864300004,13.479037817000062],[121.8528528600001,13.478150170000049],[121.85349165000002,13.478094770000041],[121.85364269000002,13.475697790000027],[121.85459402100003,13.47535805700005],[121.85487374200011,13.475577298000076],[121.85533490300008,13.474813736000044],[121.85598493000009,13.47438167000007],[121.85669992700002,13.474866888000065],[121.85661525000012,13.475145510000061],[121.85665133000009,13.475896920000025],[121.8563439080001,13.476007029000073],[121.85656973000005,13.476372870000034],[121.8579130710001,13.476099686000055],[121.85821854000005,13.47612427000007],[121.85908799000003,13.476567000000045],[121.86001696000005,13.477198240000064],[121.85981571000002,13.47752631000003],[121.86016398000004,13.47849769000004],[121.86074778000011,13.478266930000075],[121.86088172000007,13.477933000000064],[121.86135965000005,13.478062410000064],[121.8610874100001,13.478537420000066],[121.8617145400001,13.478908060000037]]]},"properties":{"psgc_code":1704004028,"name":"Nangka I","corr_code":174004028,"geo_level":"Bgy","city_class":"","inc_class":"","urb_rur":"","pop_2015":"R","pop_2020":"","status":"","adm4_pcode":"PH1704004028","adm4_en":"Nangka I","adm3_pcode":"PH1704004","adm2_pcode":"PH17040","adm1_pcode":"PH17","adm0_pcode":"PH","shape_len":0.0315708704267,"shape_area":0.000028020519121,"shape_sqkm":0.335651839625}},
{"type":"Feature","geometry":{"type":"Polygon","coordinates":[[[121.84812798700011,13.492432138000026],[121.84805861500001,13.493192157000067],[121.847602058,13.493752659000052],[121.84706047600002,13.494062189000033],[121.8465135560001,13.49506201500003],[121.84627483200006,13.495223826000029],[121.84576582900002,13.495156770000051],[121.84498032300007,13.495198091000077],[121.84454304600001,13.49537932100003],[121.84386516500001,13.495393965000062],[121.84359583000003,13.495473092000054],[121.84324646900006,13.495764694000059],[121.84280430800004,13.49649789800003],[121.84230075500011,13.496381282000073],[121.84239929500006,13.496118326000044],[121.84276129800003,13.495712583000056],[121.84270479500003,13.495288860000073],[121.8424050960001,13.495148287000063],[121.84262683300005,13.494119150000074],[121.84252748600011,13.493773990000022],[121.84241546700002,13.492621592000035],[121.84226341500005,13.491992645000039],[121.84165719300006,13.490645589000053],[121.84111561500004,13.489535992000071],[121.84070668700008,13.48884567500005],[121.83977064200008,13.487394809000023],[121.83903301900011,13.48656739300003],[121.83845372500002,13.485791640000059],[121.83824589000005,13.48537963800004],[121.83790290200011,13.485584552000034],[121.83774584900004,13.485467651000022],[121.83821413700002,13.484937388000048],[121.8382214830001,13.48460099500005],[121.83868260700001,13.484420555000042],[121.8385544250001,13.484198755000023],[121.83946686800004,13.483838003000074],[121.8403911260001,13.483826966000038],[121.84140479500002,13.484129661000054],[121.84185155600005,13.484102352000036],[121.84222310500002,13.483930480000026],[121.84240659300008,13.48371091100006],[121.8424343370001,13.48326877200003],[121.84206254800006,13.482757482000068],[121.8420631780001,13.482476653000049],[121.84224770100002,13.482048224000039],[121.8426890500001,13.481967144000066],[121.84284621000006,13.482099704000063],[121.8430452770001,13.482593740000027],[121.84334554400004,13.482757552000066],[121.84360490400002,13.48268844100005],[121.84367031200009,13.481912587000068],[121.84414815000002,13.481647605000035],[121.84482241500007,13.481887983000036],[121.84569667400001,13.481830656000056],[121.8462890720001,13.48191057300005],[121.84647456300002,13.481625311000073],[121.84646700400003,13.481247311000061],[121.84583612000006,13.480832380000038],[121.84592268200004,13.48049886900003],[121.84642920300007,13.480415709000056],[121.84710960400002,13.480052828000055],[121.8472322450001,13.479358146000038],[121.84715496500007,13.478812985000047],[121.8472078850001,13.47855594500004],[121.84682988400004,13.47793602300004],[121.84707936500001,13.477792383000065],[121.84729104500002,13.477966263000042],[121.84808484700011,13.477754583000035],[121.84834944800002,13.477429502000064],[121.84880304900003,13.477195142000028],[121.84897692900006,13.47699102100006],[121.84882888000004,13.475622360000045],[121.84918105000008,13.474193815000035],[121.8495439300001,13.473740214000031],[121.84988413100007,13.473573894000026],[121.85053429200002,13.473687294000058],[121.85111641300011,13.473914094000065],[121.85096521300011,13.474496215000045],[121.85098033300005,13.474791056000072],[121.85127517400008,13.475380737000023],[121.85169097500011,13.475433658000043],[121.85213701600003,13.475781418000054],[121.85241673700011,13.475743618000024],[121.85315761800007,13.475841899000045],[121.85364269000002,13.475697790000027],[121.85349165000002,13.478094770000041],[121.8528528600001,13.478150170000049],[121.85301864300004,13.479037817000062],[121.85197883800004,13.479503886000032],[121.85045956900001,13.480402224000045],[121.84946650100005,13.481306446000076],[121.84924292900007,13.48143716800007],[121.84963631400001,13.481813819000024],[121.8497918700001,13.482295020000038],[121.84996404000003,13.48238764000007],[121.85021365000011,13.483102790000032],[121.85015707000002,13.483348800000044],[121.84989925000002,13.483522390000076],[121.84970277000002,13.483918350000067],[121.84927152000012,13.484184640000024],[121.8481515950001,13.484454571000072],[121.84771593400001,13.484678289000044],[121.84733914600008,13.485007979000045],[121.84725672400009,13.485420090000048],[121.84730382200007,13.485855752000077],[121.847569539,13.48661325300003],[121.84740671700001,13.487099427000032],[121.84688002500002,13.487537427000063],[121.84688869000001,13.487832067000056],[121.84725265800012,13.48806604500004],[121.84781260700004,13.488274989000047],[121.84725312400008,13.488689925000074],[121.84709631500004,13.489014905000033],[121.8466400430001,13.489137406000054],[121.84608206400003,13.489110836000066],[121.84578979000003,13.489562532000036],[121.84560379700008,13.490054086000043],[121.84563036700001,13.49050578300006],[121.8458296450001,13.491156758000045],[121.84660018700004,13.491302895000047],[121.8469323170001,13.491223184000035],[121.84729101800008,13.49085119800003],[121.84751686700008,13.490798057000063],[121.84779585600006,13.491143472000033],[121.84812798700011,13.492432138000026]]]},"properties":{"psgc_code":1704004029,"name":"Nangka II","corr_code":174004029,"geo_level":"Bgy","city_class":"","inc_class":"","urb_rur":"","pop_2015":"R","pop_2020":"","status":"","adm4_pcode":"PH1704004029","adm4_en":"Nangka II","adm3_pcode":"PH1704004","adm2_pcode":"PH17040","adm1_pcode":"PH17","adm0_pcode":"PH","shape_len":0.0788855381894,"shape_area":0.000122400162028,"shape_sqkm":1.46616223586}},
{"type":"Feature","geometry":{"type":"Polygon","coordinates":[[[121.90628339900002,13.532276488000036],[121.9061569700001,13.532474657000023],[121.9057957010001,13.532620480000048],[121.90548948800006,13.533115122000027],[121.9050072550001,13.533291385000041],[121.90474248500004,13.533186907000072],[121.90454559500006,13.532839017000072],[121.90428483700009,13.532731674000047],[121.90395704700006,13.532297889000063],[121.9035959580001,13.532072241000037],[121.90291098400007,13.532201283000063],[121.9026153430001,13.532487604000039],[121.90217849900012,13.532528958000057],[121.9017838200001,13.532316144000049],[121.90171945800012,13.531887784000048],[121.90107327300007,13.531814627000074],[121.90018472600002,13.531995616000074],[121.89927871200007,13.532392582000057],[121.89879503700001,13.533425989000023],[121.8982142000001,13.533464275000028],[121.89813087100003,13.53393989600005],[121.89839508900002,13.534226201000024],[121.89819558600004,13.534656061000021],[121.89781024800004,13.53466540200003],[121.89765601800002,13.534408030000066],[121.8971808980001,13.534588909000036],[121.89670820300012,13.535044724000045],[121.89676696900005,13.535683907000077],[121.89660937000008,13.535950568000032],[121.89624854300007,13.53712119000005],[121.8954672860001,13.537633736000032],[121.89457730000004,13.536569770000028],[121.89092028000005,13.53257295000003],[121.89491121200001,13.526119420000043],[121.89592539700004,13.524013037000032],[121.89748568100003,13.522452753000039],[121.89842185100008,13.520970483000042],[121.89834383700008,13.519800271000065],[121.89779773800001,13.518630058000042],[121.89678355300009,13.518396015000064],[121.89717362300007,13.517147788000045],[121.89640522700006,13.515837566000073],[121.90049845300007,13.515102762000026],[121.90649747200007,13.51842780000004],[121.91086485000005,13.521565580000072],[121.90827237700012,13.521734145000039],[121.90781271100002,13.522820628000034],[121.90680980400009,13.524324989000036],[121.90534723100006,13.524868230000038],[121.90268286000003,13.528579560000026],[121.90269710000007,13.52878357000003],[121.90630778200011,13.532134214000052],[121.90628339900002,13.532276488000036]]]},"properties":{"psgc_code":1704004030,"name":"Paye","corr_code":174004030,"geo_level":"Bgy","city_class":"","inc_class":"","urb_rur":"","pop_2015":"R","pop_2020":"","status":"","adm4_pcode":"PH1704004030","adm4_en":"Paye","adm3_pcode":"PH1704004","adm2_pcode":"PH17040","adm1_pcode":"PH17","adm0_pcode":"PH","shape_len":0.0795165340687,"shape_area":0.000193643444372,"shape_sqkm":2.31916103091}},
{"type":"Feature","geometry":{"type":"Polygon","coordinates":[[[121.90759650000007,13.498567230000049],[121.90710526100008,13.49860424700006],[121.90666310200004,13.498831301000052],[121.90561148100005,13.499153958000022],[121.90434475500001,13.499285411000074],[121.90359189000003,13.499261510000053],[121.90347238800007,13.499500516000069],[121.90294657700008,13.499500516000069],[121.9024566170001,13.499058356000035],[121.90196867600002,13.499390746000074],[121.89977005300011,13.498413043000028],[121.89825760100007,13.499018024000065],[121.89795511000011,13.496900591000042],[121.89716863400008,13.496295610000061],[121.89632166100012,13.493875685000035],[121.89639640900009,13.492510050000021],[121.89604681700007,13.491898265000032],[121.8956281400001,13.491366420000077],[121.8950259930001,13.49103666600007],[121.89494630500008,13.490379236000024],[121.89466739500006,13.48996087300003],[121.89428887600002,13.489821418000076],[121.89399004400002,13.489562431000024],[121.89397012200004,13.488546404000033],[121.89365136900005,13.488227651000045],[121.89333261500008,13.48812804000005],[121.89317323800003,13.487749521000069],[121.89339238200012,13.487251468000068],[121.89369121300001,13.48687294900003],[121.89367129100003,13.486275285000033],[121.89343680500008,13.486078064000026],[121.89297068400003,13.48602627300005],[121.89240097900006,13.48542204000006],[121.89200391200006,13.48438621400004],[121.89271172700012,13.483781982000039],[121.89366123500008,13.48429989500005],[121.89284983800007,13.482003812000073],[121.89264267200008,13.480329226000038],[121.89295272000004,13.479876430000047],[121.89332626100008,13.480081219000056],[121.89401694300011,13.480204555000057],[121.8959656510001,13.480179887000077],[121.8964589950001,13.480056552000065],[121.89680433600006,13.479711211000051],[121.9029131100001,13.478931700000032],[121.90309217800007,13.479817988000036],[121.90331716000003,13.480047562000038],[121.90398751800001,13.480125617000056],[121.90487386000007,13.479844289000027],[121.90528048800002,13.48022400700006],[121.90543320200004,13.480633887000067],[121.90602198600004,13.481452861000037],[121.90690686900007,13.48289002000007],[121.90683640400005,13.483963329000062],[121.90775806400006,13.484453574000042],[121.90748107000002,13.485879092000062],[121.9075516150001,13.486749145000033],[121.9077867640001,13.487595683000052],[121.90821003300005,13.487948407000033],[121.90860978800004,13.488959550000061],[121.90804542900003,13.489429850000022],[121.90773973400007,13.49015881300005],[121.90759864500001,13.491169956000022],[121.9075516150001,13.49352145100005],[121.9076691890001,13.494344475000048],[121.90729295000006,13.495355618000076],[121.90748107000002,13.496061067000028],[121.90764567500003,13.497471964000056],[121.90753891000008,13.498444100000029],[121.90759650000007,13.498567230000049]]]},"properties":{"psgc_code":1704004032,"name":"Pili","corr_code":174004032,"geo_level":"Bgy","city_class":"","inc_class":"","urb_rur":"","pop_2015":"R","pop_2020":"","status":"","adm4_pcode":"PH1704004032","adm4_en":"Pili","adm3_pcode":"PH1704004","adm2_pcode":"PH17040","adm1_pcode":"PH17","adm0_pcode":"PH","shape_len":0.068361548525,"shape_area":0.000242003398392,"shape_sqkm":2.8987798955}},
{"type":"Feature","geometry":{"type":"Polygon","coordinates":[[[121.96254420800005,13.464206377000039],[121.96241619000011,13.464901330000032],[121.96210529000007,13.465724300000034],[121.96098970900005,13.466839881000055],[121.96051421600009,13.467534833000059],[121.96003872300003,13.46835780300006],[121.95958151700006,13.46930879000007],[121.95916088800004,13.47004031800003],[121.95905356100002,13.470398954000075],[121.95872965100011,13.47000306600006],[121.95847772100001,13.469499206000023],[121.95779391200006,13.469319256000063],[121.95721807200005,13.469607176000068],[121.95595842300008,13.470075046000034],[121.95520263500009,13.468743417000042],[121.95372704600004,13.467591738000067],[121.95340313600002,13.466835948000039],[121.95300724700007,13.466368079000063],[121.9522514570001,13.465828229000067],[121.95178358800001,13.465360360000034],[121.95066789900011,13.46471254000005],[121.95012804900011,13.46496447000004],[121.94951622000008,13.465468329000032],[121.94894038100006,13.465612289000035],[121.94800464200011,13.465540309000062],[121.9474288020001,13.465252390000046],[121.94703291300004,13.465144420000058],[121.94627712300007,13.465432340000064],[121.94588123400001,13.465468329000032],[121.94537737400003,13.46564827900005],[121.94516143400006,13.466620009000053],[121.94469356500008,13.466691988000036],[121.94411772500007,13.466943918000027],[121.9427907700001,13.467802960000029],[121.94231822800009,13.468311537000034],[121.94195832800006,13.468419507000021],[121.94033795400003,13.468599667000035],[121.93998687700002,13.468339529000048],[121.94013083700008,13.468083600000057],[121.93953900200006,13.467587738000077],[121.93944302900002,13.467251833000034],[121.93993089300011,13.467195848000074],[121.94006916000001,13.46701188000003],[121.94126739900003,13.463088139000035],[121.9413949100001,13.460176645000047],[121.93907049600011,13.455288734000021],[121.93134477000001,13.449381550000055],[121.92740420700011,13.448402805000057],[121.92747002100009,13.445967732000042],[121.93060467100008,13.442345895000074],[121.93272330400009,13.443704169000057],[121.93515213600006,13.444423823000022],[121.93707868800004,13.447283987000048],[121.93898725800011,13.447218175000046],[121.93956801000002,13.448602450000067],[121.94010638000009,13.448417720000066],[121.94076612000003,13.448508160000074],[121.94168109000009,13.448737320000077],[121.94239288000006,13.449317850000057],[121.94280996000009,13.448917030000075],[121.94302169000002,13.449441730000046],[121.94401746000005,13.449251630000049],[121.94515731000001,13.448635310000043],[121.94628602000012,13.448630280000032],[121.94664124000008,13.448116560000074],[121.9470854000001,13.44671468000007],[121.9495246780001,13.445734780000066],[121.95156687600002,13.448821070000065],[121.95103654800005,13.452343966000058],[121.958347505,13.45310157800003],[121.95990061000009,13.454465280000022],[121.96126431100004,13.454465280000022],[121.96153293600003,13.456708063000065],[121.96159322100004,13.458024962000025],[121.96122745700006,13.458427302000075],[121.96073367500003,13.458683338000071],[121.96025818100009,13.459030813000027],[121.95976439900005,13.459268560000055],[121.95950836400004,13.459524595000062],[121.95943521100003,13.460109818000035],[121.95994728200003,13.460640176000027],[121.96014845200011,13.461060805000045],[121.96013016300003,13.461700892000067],[121.96055079200005,13.462834762000057],[121.96093484500011,13.463182238000059],[121.96157493200008,13.463566290000074],[121.96217844400007,13.463804037000045],[121.96254420800005,13.464206377000039]]]},"properties":{"psgc_code":1704004033,"name":"Puting Buhangin","corr_code":174004033,"geo_level":"Bgy","city_class":"","inc_class":"","urb_rur":"","pop_2015":"R","pop_2020":"","status":"","adm4_pcode":"PH1704004033","adm4_en":"Puting Buhangin","adm3_pcode":"PH1704004","adm2_pcode":"PH17040","adm1_pcode":"PH17","adm0_pcode":"PH","shape_len":0.121522947276,"shape_area":0.000431763989946,"shape_sqkm":5.17245656826}},
{"type":"Feature","geometry":{"type":"Polygon","coordinates":[[[121.93231649000006,13.522461100000044],[121.93037775000005,13.53423642000007],[121.92914951300008,13.538687538000033],[121.92896529200004,13.538187656000048],[121.92870402900007,13.537841610000044],[121.9287253330001,13.537336482000057],[121.92891815900009,13.536718724000025],[121.92854309100005,13.536705723000068],[121.92837201900011,13.536440169000059],[121.92857992800009,13.536047034000035],[121.92788299100005,13.535900501000071],[121.9274205160001,13.535355541000058],[121.92734978300007,13.535120815000028],[121.9269293970001,13.534750518000067],[121.925959551,13.53423540700004],[121.92556654900011,13.53414781400005],[121.92522185100006,13.53447116700005],[121.92487234300006,13.534606195000038],[121.92395943200006,13.533951868000031],[121.92347212200002,13.533377384000062],[121.92295420200003,13.533031662000042],[121.92346972900009,13.532587216000024],[121.92366867900012,13.53269707000004],[121.92445938600008,13.53232853000003],[121.92458236900006,13.532062622000069],[121.92518755800006,13.531300753000039],[121.92519406600002,13.53088600600006],[121.92491466500007,13.530762289000052],[121.92495050700006,13.530403247000038],[121.92514389900009,13.529982352000047],[121.9251432640001,13.529497608000042],[121.92525470600003,13.529313881000064],[121.92521159000012,13.528898304000052],[121.92543109200005,13.528622338000048],[121.92510502000005,13.528245217000062],[121.9248221900001,13.528447414000027],[121.92467871300005,13.528212111000073],[121.92427376900002,13.527887614000065],[121.92350429500004,13.52710085900003],[121.9233372650001,13.527075642000057],[121.92269326000007,13.526648710000075],[121.92170356800011,13.52628874900006],[121.92128593600012,13.52650088300004],[121.9208221880001,13.526376491000065],[121.92050365400007,13.52607275300005],[121.91974804200004,13.52582725800005],[121.91957872600005,13.525694977000057],[121.91875796500005,13.52551866500005],[121.91881524600001,13.525143361000062],[121.91834942600008,13.525369456000021],[121.91756802700002,13.525552722000043],[121.91695442200012,13.525576743000045],[121.91650939100009,13.52630709300007],[121.91622022900003,13.526278211000033],[121.91626859900009,13.525954954000042],[121.91577176900012,13.525931361000062],[121.91442616300003,13.526608624000062],[121.91439865000007,13.527099263000025],[121.91373747500006,13.527356762000068],[121.91293870200002,13.527499613000032],[121.91252912800007,13.527833742000041],[121.91204316900007,13.527630144000057],[121.91182396600004,13.527668108000057],[121.91144504100009,13.528115123000077],[121.91188991800004,13.528463600000066],[121.91212358900009,13.528793536000023],[121.91211121700007,13.529008455000053],[121.91235352700005,13.52946799600005],[121.91237599900012,13.52973731000003],[121.91190097900005,13.530438076000053],[121.9112604280001,13.53069891900003],[121.91095376400006,13.530912624000052],[121.91068116300005,13.530935617000068],[121.91013562600006,13.531180538000058],[121.90992351900002,13.531425583000043],[121.90961306600002,13.531326014000058],[121.90916530400011,13.531349840000075],[121.90855706800005,13.531631270000048],[121.90764060800007,13.531360487000029],[121.90677826000001,13.531537037000021],[121.90653345900012,13.531644670000048],[121.90628339900002,13.532276488000036],[121.90630778200011,13.532134214000052],[121.90269710000007,13.52878357000003],[121.90268286000003,13.528579560000026],[121.90534723100006,13.524868230000038],[121.90680980400009,13.524324989000036],[121.90781271100002,13.522820628000034],[121.90827237700012,13.521734145000039],[121.91086485000005,13.521565580000072],[121.91406799000004,13.518831910000074],[121.91286816800005,13.51331493400005],[121.91487413800007,13.507482762000052],[121.91409403900002,13.50614544800004],[121.91353682500005,13.504399511000031],[121.91297961100008,13.504028036000022],[121.91260813500003,13.503396526000074],[121.91301675900002,13.50254213200003],[121.91368541500003,13.50235639400006],[121.913091054,13.501390556000047],[121.91357438000011,13.500111850000053],[121.9136386460001,13.49949538900006],[121.91512892100002,13.499741309000058],[121.9204784310001,13.500377952000065],[121.9215401560001,13.501216156000055],[121.92222398900003,13.502244855000072],[121.92279410700007,13.502737231000026],[121.9234937980001,13.503151862000038],[121.92416757300009,13.503229605000058],[121.92465994800011,13.503203691000067],[121.92504866500008,13.503488750000031],[121.92486726400011,13.504939960000058],[121.92495195700008,13.505518936000044],[121.92485261400009,13.506388185000048],[121.92500162800002,13.507108419000076],[121.9247532710001,13.507480954000073],[121.92445524400011,13.507580297000061],[121.92418205100012,13.507977667000034],[121.92433106600004,13.508822080000073],[121.92438073700009,13.509517479000067],[121.9242813940001,13.510212878000061],[121.92405336000002,13.51109273000003],[121.92403303700007,13.511951375000024],[121.92415721600003,13.512696445000074],[121.9237350090001,13.51329250200007],[121.92423172300005,13.513764379000065],[121.92435590100001,13.514211422000074],[121.92433106600004,13.514658464000036],[121.92413238000006,13.514931656000044],[121.92423172300005,13.515229684000076],[121.92395853000005,13.516148604000023],[121.92392847000008,13.516574160000062],[121.92419459000007,13.51711479000005],[121.92460556000003,13.517334730000073],[121.92496572700009,13.517848193000077],[121.92533112600006,13.518109192000054],[121.92585312400001,13.51831799100006],[121.92645342200001,13.518892190000031],[121.92697542000008,13.519205388000046],[121.92736691900006,13.519544687000064],[121.92851531500003,13.52032768500004],[121.92965990900007,13.521406832000025],[121.92974886500008,13.521749946000057],[121.93231649000006,13.522461100000044]]]},"properties":{"psgc_code":1704004034,"name":"Sayao","corr_code":174004034,"geo_level":"Bgy","city_class":"","inc_class":"","urb_rur":"","pop_2015":"R","pop_2020":"","status":"","adm4_pcode":"PH1704004034","adm4_en":"Sayao","adm3_pcode":"PH1704004","adm2_pcode":"PH17040","adm1_pcode":"PH17","adm0_pcode":"PH","shape_len":0.147035562258,"shape_area":0.000460109407848,"shape_sqkm":5.51063109354}},
{"type":"Feature","geometry":{"type":"Polygon","coordinates":[[[121.86783374700008,13.57004375200006],[121.86735527200005,13.570132943000033],[121.86705043400002,13.57056828800006],[121.86680305000004,13.57048973600007],[121.86650869800008,13.570692178000058],[121.8655489360001,13.570342789000051],[121.86511661300005,13.570370507000064],[121.86503864600002,13.569863377000047],[121.86524724000003,13.569076902000063],[121.86521607600002,13.568803480000042],[121.86482010200007,13.568018314000028],[121.86447908100001,13.567580245000045],[121.86393311500001,13.567092418000072],[121.8635920160001,13.566907507000053],[121.86343510200004,13.566427676000046],[121.86296382000012,13.566156651000028],[121.86261311400006,13.565747459000022],[121.86223557700009,13.565516354000067],[121.8622091200001,13.565220901000032],[121.86151741100002,13.564901621000047],[121.86047597000004,13.564791073000038],[121.85955816300009,13.56493109400003],[121.85815440500005,13.564793961000078],[121.85771655000008,13.56440847500005],[121.85539629300001,13.564641202000075],[121.8553024140001,13.56485256600007],[121.85491316900004,13.564966684000069],[121.85485864100008,13.564678761000039],[121.85509917700006,13.564388747000066],[121.85609780100003,13.562389404000044],[121.8565544380001,13.561098228000048],[121.85851348100005,13.561392488000024],[121.86530551800001,13.56173182200007],[121.86532625600012,13.56318344600004],[121.86553363000007,13.564448433000052],[121.86632165500009,13.565236458000072],[121.86698525500003,13.566045220000035],[121.86702673000002,13.566812507000066],[121.86737926800004,13.567621269000028],[121.86733779300005,13.568160444000057],[121.86748295500001,13.568969207000066],[121.86783374700008,13.57004375200006]]]},"properties":{"psgc_code":1704004035,"name":"Silangan","corr_code":174004035,"geo_level":"Bgy","city_class":"","inc_class":"","urb_rur":"","pop_2015":"R","pop_2020":"","status":"","adm4_pcode":"PH1704004035","adm4_en":"Silangan","adm3_pcode":"PH1704004","adm2_pcode":"PH17040","adm1_pcode":"PH17","adm0_pcode":"PH","shape_len":0.0412008317417,"shape_area":0.000049491005276,"shape_sqkm":0.592631985959}},
{"type":"Feature","geometry":{"type":"Polygon","coordinates":[[[121.87645888300005,13.482921610000062],[121.87590879000004,13.482583110000064],[121.87538467000002,13.482616720000067],[121.87445470000011,13.482922320000057],[121.8739947900001,13.482358060000024],[121.87395363000007,13.481978610000056],[121.87367418000008,13.481585830000029],[121.87324134000005,13.481475360000047],[121.87284362000003,13.481636620000074],[121.86891820000005,13.477793190000057],[121.86737224000001,13.478855430000067],[121.86558438000009,13.477299580000022],[121.86513788000002,13.476302880000048],[121.86384447000012,13.476017980000051],[121.86486198000011,13.475521405000052],[121.86508876800008,13.474730300000033],[121.86558213100011,13.47386625100006],[121.86604665000004,13.47334365000006],[121.86768992000009,13.47370232000003],[121.8680589700001,13.47249867000005],[121.8674005800001,13.472057950000021],[121.86722774000009,13.47005149000006],[121.86605377000001,13.469751920000022],[121.86600834000001,13.468444850000026],[121.86612795000008,13.468080240000063],[121.86598454000011,13.467633310000053],[121.87246475000006,13.468548200000043],[121.87263566000001,13.467719230000057],[121.8738076200001,13.467462910000052],[121.87982010200005,13.467620343000021],[121.88057756300009,13.469402604000038],[121.87881231500012,13.472734236000065],[121.87774251300004,13.47399695300004],[121.87693814300007,13.474475974000029],[121.87704407400008,13.475887141000044],[121.87717151000004,13.476590976000068],[121.87748246400008,13.477226733000066],[121.87845032900009,13.478090739000038],[121.87903745900007,13.478468753000072],[121.87845218600012,13.478938980000066],[121.87773963000006,13.480541538000068],[121.87753429100007,13.48090088300006],[121.8770862770001,13.48219825600006],[121.8768109350001,13.48241292800003],[121.87661493000007,13.482874942000024],[121.87645888300005,13.482921610000062]]]},"properties":{"psgc_code":1704004036,"name":"Sumangga","corr_code":174004036,"geo_level":"Bgy","city_class":"","inc_class":"","urb_rur":"","pop_2015":"R","pop_2020":"","status":"","adm4_pcode":"PH1704004036","adm4_en":"Sumangga","adm3_pcode":"PH1704004","adm2_pcode":"PH17040","adm1_pcode":"PH17","adm0_pcode":"PH","shape_len":0.063276173048,"shape_area":0.000156530545347,"shape_sqkm":1.87507552773}},
{"type":"Feature","geometry":{"type":"Polygon","coordinates":[[[121.93989649000002,13.495347410000022],[121.93849496000007,13.500681230000055],[121.93552134800007,13.507064945000025],[121.93380127600005,13.506404127000053],[121.93260597000005,13.505607258000055],[121.93161474200008,13.506015410000032],[121.93039028400005,13.505257412000049],[121.92869936500006,13.504266184000073],[121.92804754400004,13.504191320000075],[121.92766746600012,13.504225872000063],[121.92678061600009,13.504168285000048],[121.92633143100011,13.504294978000075],[121.92599742300001,13.504214355000045],[121.9258246600001,13.503534820000027],[121.92504866500008,13.503488750000031],[121.92465994800011,13.503203691000067],[121.92416757300009,13.503229605000058],[121.9234937980001,13.503151862000038],[121.92279410700007,13.502737231000026],[121.92222398900003,13.502244855000072],[121.9215401560001,13.501216156000055],[121.9204784310001,13.500377952000065],[121.91512892100002,13.499741309000058],[121.9136386460001,13.49949538900006],[121.91273942600003,13.49930762200006],[121.9122791850001,13.499020648000055],[121.91201387000001,13.49856040700007],[121.91199255000004,13.497510821000049],[121.91228037000008,13.497017416000062],[121.91260930600004,13.49627730800006],[121.91343164800003,13.495496083000035],[121.91343164800003,13.494509272000073],[121.91392505300007,13.492987938000056],[121.9144184590001,13.492206714000076],[121.91548750400011,13.491672192000067],[121.91676213500011,13.490767615000038],[121.91746112600003,13.490397561000066],[121.91787552300002,13.489873966000062],[121.91781138600004,13.488751568000055],[121.91813207200005,13.488174334000064],[121.91867723600001,13.48788571800003],[121.91938274400002,13.48820640300005],[121.92100116600011,13.488509673000067],[121.92179038000006,13.488669819000052],[121.92255070600004,13.488304622000044],[121.9228840180001,13.487982421000027],[121.92378461800001,13.487773059000062],[121.92465659900006,13.487822047000066],[121.92491133400006,13.488008200000024],[121.92544040100006,13.488204150000058],[121.92594987200005,13.488076783000054],[121.9268218520001,13.488184556000022],[121.92730193200009,13.48836091100003],[121.92756646500004,13.488664635000077],[121.92812492400003,13.489801149000073],[121.928426091,13.490829107000025],[121.92872875000012,13.491021708000062],[121.93006320500001,13.491214310000032],[121.93062725200002,13.491241825000031],[121.93120505800005,13.49140691100007],[121.93197546500005,13.491709572000048],[121.9327855250001,13.491907618000027],[121.93315740100002,13.49263355200003],[121.93350633800003,13.493521754000028],[121.93365080000001,13.494556320000072],[121.93420091000007,13.495756780000022],[121.93421390000003,13.49603355000005],[121.93989649000002,13.495347410000022]]]},"properties":{"psgc_code":1704004037,"name":"Tarug","corr_code":174004037,"geo_level":"Bgy","city_class":"","inc_class":"","urb_rur":"","pop_2015":"R","pop_2020":"","status":"","adm4_pcode":"PH1704004037","adm4_en":"Tarug","adm3_pcode":"PH1704004","adm2_pcode":"PH17040","adm1_pcode":"PH17","adm0_pcode":"PH","shape_len":0.07951014939,"shape_area":0.000308976010169,"shape_sqkm":3.70087094642}},
{"type":"Feature","geometry":{"type":"Polygon","coordinates":[[[121.86221696000007,13.475797460000024],[121.86261396700002,13.475957924000056],[121.86265160200003,13.476153623000073],[121.86230463000004,13.47677772000003],[121.86231988000009,13.477255570000068],[121.86256373700007,13.477213533000054],[121.86289296000007,13.477462440000068],[121.86287040600007,13.477725207000049],[121.86313536000011,13.478298110000026],[121.86220857,13.478638080000053],[121.8621066500001,13.478968080000072],[121.8617145400001,13.478908060000037],[121.8610874100001,13.478537420000066],[121.86135965000005,13.478062410000064],[121.86088172000007,13.477933000000064],[121.86074778000011,13.478266930000075],[121.86016398000004,13.47849769000004],[121.85981571000002,13.47752631000003],[121.86001696000005,13.477198240000064],[121.85908799000003,13.476567000000045],[121.85946543000011,13.476014380000038],[121.85962561000008,13.476076910000074],[121.86025484000004,13.47569025000007],[121.86050956000008,13.475048620000052],[121.86072431000002,13.475202010000032],[121.8615669400001,13.475817150000069],[121.86181504000001,13.475543150000021],[121.86221696000007,13.475797460000024]]]},"properties":{"psgc_code":1704004038,"name":"Villa Mendez","corr_code":174004038,"geo_level":"Bgy","city_class":"","inc_class":"","urb_rur":"","pop_2015":"R","pop_2020":"","status":"","adm4_pcode":"PH1704004038","adm4_en":"Villa Mendez (Pob.)","adm3_pcode":"PH1704004","adm2_pcode":"PH17040","adm1_pcode":"PH17","adm0_pcode":"PH","shape_len":0.0153369848167,"shape_area":0.000008587419105,"shape_sqkm":0.102867242183}},
{"type":"Feature","geometry":{"type":"Polygon","coordinates":[[[122.11261097300007,13.470825825000077],[122.11207336200005,13.470889541000076],[122.11202889900005,13.471247085000073],[122.11152357300011,13.471390639000049],[122.11111673200003,13.471668585000032],[122.11063765500012,13.471645791000071],[122.11070426800006,13.47191113200006],[122.11019389800003,13.472011768000073],[122.11008147600012,13.472383192000052],[122.10961382000005,13.472558149000065],[122.10959773100001,13.472828381000056],[122.10921875300005,13.472923175000062],[122.10880857200004,13.472860452000077],[122.10898546900012,13.47325877700007],[122.10928305700008,13.47340814100005],[122.1092461080001,13.473746869000024],[122.10883310600002,13.473662037000054],[122.10864154100011,13.473948972000073],[122.10867897300011,13.474222448000035],[122.10815051400004,13.474740643000075],[122.10828262900009,13.47527382800007],[122.10857831600003,13.475378497000065],[122.1084339460001,13.47572997900005],[122.1079248640001,13.476340721000042],[122.10760985900004,13.476461378000067],[122.10785701600003,13.476889477000043],[122.1072781360001,13.477158901000053],[122.106980754,13.47753016200005],[122.10678240000004,13.477209078000044],[122.10646388900011,13.47761182000005],[122.10605661600005,13.477206520000038],[122.10597066700007,13.477670013000022],[122.10579046800001,13.477831166000044],[122.105182377,13.47783959700007],[122.10488505800004,13.477992396000047],[122.1045392960001,13.478730960000064],[122.10430224200002,13.478858050000042],[122.10434915100006,13.479195192000077],[122.10411638300002,13.47959004300003],[122.10387495100008,13.479556932000037],[122.10385948900011,13.478849188000027],[122.10339745700003,13.479147558000022],[122.10309443100005,13.479208765000067],[122.10284024600003,13.479477231000033],[122.10280096600002,13.479724158000067],[122.10244364000005,13.479859561000069],[122.10217588900002,13.480150966000053],[122.1018216540001,13.480258840000033],[122.10113822900007,13.480199700000071],[122.10082335900006,13.480617252000059],[122.10062298500009,13.480665969000029],[122.1001655120001,13.480292984000073],[122.1000165800001,13.480456592000053],[122.10015916500004,13.480843187000062],[122.09998211400011,13.481101058000036],[122.099220478,13.481170876000022],[122.09891199100002,13.481046692000064],[122.098046081,13.481425970000032],[122.09790653300001,13.481784365000067],[122.09752644700006,13.482011344000057],[122.0969716400001,13.481795476000059],[122.09655299600001,13.482275655000024],[122.09628818200008,13.482368870000073],[122.09551004000002,13.482458215000065],[122.09548864800001,13.48221639600007],[122.0951089570001,13.482237199000053],[122.09447824900008,13.483103510000035],[122.09423238500005,13.483995098000037],[122.09397105300002,13.484084020000068],[122.09349733400006,13.484749261000047],[122.09327815400002,13.484796195000058],[122.09277734600005,13.485156176000032],[122.09261706900008,13.484997073000045],[122.09223965900003,13.48508116000005],[122.09194989800005,13.485343881000063],[122.09190125500004,13.48566925700004],[122.09088352600008,13.486024647000022],[122.09040995800001,13.48596481800007],[122.09026299600009,13.48629154200006],[122.08986466600004,13.486257032000026],[122.08984914500002,13.48652592700006],[122.08960021100006,13.486875981000026],[122.08930960600003,13.48689805400005],[122.08923475400002,13.487126432000025],[122.08889051100005,13.487352950000059],[122.0885799560001,13.487406552000039],[122.08821021500012,13.487825336000071],[122.08805648100008,13.488226990000044],[122.08785243700004,13.488175782000042],[122.0873796840001,13.488718065000057],[122.0874378100001,13.488920829000051],[122.08688526100002,13.48897138500007],[122.08663233200002,13.489249036000047],[122.08661664800002,13.489161496000065],[122.08699227000011,13.48552759000006],[122.08726192000006,13.48341669000007],[122.08963442000004,13.471955690000073],[122.09209953000004,13.462550700000065],[122.09565246000011,13.464990670000077],[122.09841949000008,13.46883930000007],[122.11108052000009,13.468143100000077],[122.11165762000007,13.468673760000058],[122.11250344700011,13.470849999000052],[122.11261097300007,13.470825825000077]]]},"properties":{"psgc_code":1704005001,"name":"Alobo","corr_code":174005001,"geo_level":"Bgy","city_class":"","inc_class":"","urb_rur":"","pop_2015":"R","pop_2020":"","status":"","adm4_pcode":"PH1704005001","adm4_en":"Alobo","adm3_pcode":"PH1704005","adm2_pcode":"PH17040","adm1_pcode":"PH17","adm0_pcode":"PH","shape_len":0.110732431772,"shape_area":0.000305050052854,"shape_sqkm":3.65417487148}},
{"type":"Feature","geometry":{"type":"Polygon","coordinates":[[[122.11517494200007,13.439849796000033],[122.11507686100003,13.439833961000033],[122.10970472000008,13.44476547000005],[122.10239788000001,13.44696564000003],[122.09981617000005,13.445495200000039],[122.09507008000003,13.443786800000055],[122.0893574800001,13.439949230000025],[122.08959326000002,13.439294350000068],[122.09036557000002,13.439039120000075],[122.08882322000011,13.436958400000037],[122.08678524000004,13.42964175000003],[122.09938328900012,13.43227381500003],[122.09956935500009,13.432953853000072],[122.09979938400011,13.433352014000036],[122.09978258700005,13.433583433000024],[122.10004807400003,13.433728965000057],[122.10118227700002,13.43414967900003],[122.10175751400004,13.43445153700003],[122.10173475800002,13.435188871000037],[122.10218834800003,13.435388372000034],[122.10231533400008,13.435732931000075],[122.10261428500007,13.43557170500003],[122.10269209800003,13.435162723000076],[122.10299106100001,13.434990731000028],[122.10383762000004,13.435115191000023],[122.10429166000006,13.434792617000028],[122.10544704100005,13.434820433000027],[122.10574075000011,13.434303976000024],[122.10618918000011,13.434056744000031],[122.1067280530001,13.433644643000036],[122.1073208570001,13.432773197000074],[122.10753720000002,13.432122124000045],[122.10788033000006,13.432063184000071],[122.10824031600009,13.431697471000064],[122.1087165240001,13.431587080000043],[122.10924799400004,13.431276441000023],[122.10954150100008,13.430991412000026],[122.1098243460001,13.430200452000065],[122.10981377900009,13.429581498000061],[122.10995539600003,13.42923803900004],[122.11028770100006,13.428866926000069],[122.11044844000003,13.428533357000049],[122.11099099600006,13.428183931000035],[122.1113562600001,13.42811424000007],[122.1117545950001,13.428206037000052],[122.11208134900005,13.427861825000036],[122.11291249100009,13.427804705000028],[122.11307878000002,13.427444227000024],[122.11371546500004,13.427008753000052],[122.11487793300012,13.426439113000072],[122.11517108300006,13.42659541300003],[122.11543687200003,13.42636417600005],[122.1162109920001,13.425974024000027],[122.11657641300008,13.425699805000022],[122.11693062600011,13.425603187000036],[122.11750604100007,13.425689724000051],[122.11772728200003,13.425819058000059],[122.11776860500004,13.426528799000039],[122.11761330900003,13.426991552000061],[122.11788426200008,13.427228564000075],[122.11788961600007,13.427460000000053],[122.11760141000002,13.428062587000056],[122.1176057240001,13.429634605000047],[122.11809784600007,13.430097829000033],[122.11826349400008,13.430560816000025],[122.11829589900003,13.43159132900007],[122.11868843900004,13.432032952000043],[122.11868250700002,13.432549634000054],[122.11848311300002,13.432794950000073],[122.11850500000003,13.433112515000062],[122.11878148400001,13.43336567700004],[122.11886980100007,13.43365099600004],[122.11919621300001,13.433748111000057],[122.11952245600003,13.43406589600005],[122.11992914500001,13.434837045000052],[122.1198782570001,13.436260823000055],[122.11965762400007,13.436449032000041],[122.11899352700004,13.436513142000024],[122.1186115370001,13.436728153000047],[122.1184174870001,13.437207024000031],[122.11815173800005,13.437379059000023],[122.11812367000005,13.437897743000065],[122.11769172400011,13.438311851000037],[122.11748697000007,13.438322465000056],[122.11713259700002,13.438607457000046],[122.11671380100006,13.43877954800007],[122.11644691400011,13.43909681100007],[122.11611374300003,13.439298706000045],[122.11512418100006,13.439680836000036],[122.11517494200007,13.439849796000033]]]},"properties":{"psgc_code":1704005002,"name":"Angas","corr_code":174005002,"geo_level":"Bgy","city_class":"","inc_class":"","urb_rur":"","pop_2015":"R","pop_2020":"","status":"","adm4_pcode":"PH1704005002","adm4_en":"Angas","adm3_pcode":"PH1704005","adm2_pcode":"PH17040","adm1_pcode":"PH17","adm0_pcode":"PH","shape_len":0.100352664277,"shape_area":0.000375686366342,"shape_sqkm":4.50101711351}},
{"type":"Feature","geometry":{"type":"Polygon","coordinates":[[[121.99156255000003,13.501590580000027],[121.9763302,13.507080560000077],[121.97492262000003,13.506159730000036],[121.9755231900001,13.500890690000062],[121.98555171100008,13.489172116000077],[121.98562539000011,13.489062990000036],[121.98062181000012,13.469926520000058],[122.00287635000007,13.484220350000044],[121.99958587000003,13.491166930000077],[121.99963692000006,13.491286210000055],[122.00331104000009,13.495055300000047],[121.99793700800001,13.496122223000043],[121.99156255000003,13.501590580000027]]]},"properties":{"psgc_code":1704005003,"name":"Aturan","corr_code":174005003,"geo_level":"Bgy","city_class":"","inc_class":"","urb_rur":"","pop_2015":"R","pop_2020":"","status":"","adm4_pcode":"PH1704005003","adm4_en":"Aturan","adm3_pcode":"PH1704005","adm2_pcode":"PH17040","adm1_pcode":"PH17","adm0_pcode":"PH","shape_len":0.111918903839,"shape_area":0.000485541739585,"shape_sqkm":5.81590641341}},
{"type":"Feature","geometry":{"type":"Polygon","coordinates":[[[122.02957632000005,13.484753020000028],[122.02918463500009,13.484717811000053],[122.0291237130001,13.484474120000073],[122.02869128000009,13.484052460000044],[122.02875056000005,13.483529814000065],[122.02902471300001,13.483362276000037],[122.02914655900008,13.482646432000024],[122.02911609700004,13.482341818000066],[122.02884956000003,13.481999126000062],[122.02854494500002,13.481831589000024],[122.02814133100003,13.481306128000028],[122.02819463800006,13.480978668000034],[122.02803471600009,13.480681669000035],[122.02762348600004,13.480399900000066],[122.02765653000006,13.480086560000075],[122.02741025600005,13.479981055000053],[122.02691525700004,13.480217132000064],[122.02669441300009,13.480064825000056],[122.02619941300009,13.480011516000047],[122.02620632600008,13.479687199000068],[122.02596088200005,13.479399977000071],[122.02636821500005,13.479050090000044],[122.02661365900008,13.479149311000072],[122.02685388000009,13.478721090000022],[122.02672332500003,13.478219757000033],[122.02692176900007,13.477316316000042],[122.02671396200003,13.476861389000021],[122.02737186700006,13.476433204000045],[122.02741770900002,13.476404613000057],[122.02839405000009,13.478193420000025],[122.02923585000008,13.479305790000069],[122.02995145200009,13.48004002600004],[122.03064831300003,13.480621879000068],[122.03119753600004,13.480993377000061],[122.03078689200004,13.481202301000053],[122.03046990200005,13.481829075000064],[122.03043388100002,13.482138860000077],[122.03059237600007,13.482852085000047],[122.03032581700006,13.482823267000072],[122.03026818300009,13.482563913000035],[122.0298647410001,13.482477462000077],[122.02978549500006,13.483759826000039],[122.02946850500007,13.484379395000076],[122.02957632000005,13.484753020000028]]]},"properties":{"psgc_code":1704005004,"name":"Bagong Silang Pob.","corr_code":174005004,"geo_level":"Bgy","city_class":"2nd Zone","inc_class":"","urb_rur":"","pop_2015":"R","pop_2020":"","status":"","adm4_pcode":"PH1704005004","adm4_en":"Bagong Silang Pob. (2nd Zone)","adm3_pcode":"PH1704005","adm2_pcode":"PH17040","adm1_pcode":"PH17","adm0_pcode":"PH","shape_len":0.0247215967194,"shape_area":0.000014311725821,"shape_sqkm":0.17143546014}},
{"type":"Feature","geometry":{"type":"Polygon","coordinates":[[[122.05126609000001,13.458568710000065],[122.0448415300001,13.462423540000032],[122.04357485000003,13.460879340000076],[122.03956453,13.451851110000064],[122.03967618000001,13.44664344000006],[122.04725199000006,13.446956000000057],[122.04957889000002,13.445367290000036],[122.05122862000007,13.447986380000032],[122.05646320000005,13.454989800000021],[122.05126609000001,13.458568710000065]]]},"properties":{"psgc_code":1704005005,"name":"Baguidbirin","corr_code":174005005,"geo_level":"Bgy","city_class":"","inc_class":"","urb_rur":"","pop_2015":"R","pop_2020":"","status":"","adm4_pcode":"PH1704005005","adm4_en":"Baguidbirin","adm3_pcode":"PH1704005","adm2_pcode":"PH17040","adm1_pcode":"PH17","adm0_pcode":"PH","shape_len":0.0531261082844,"shape_area":0.000173903775991,"shape_sqkm":2.08336523766}},
{"type":"Feature","geometry":{"type":"Polygon","coordinates":[[[122.02047793000008,13.507272340000043],[122.0104431200001,13.514448260000052],[122.00748783000006,13.51425732000007],[122.0036718,13.505841630000077],[122.00462482000012,13.498277470000062],[122.00461074000009,13.498052330000064],[122.00342696000007,13.495097040000076],[122.01102583000011,13.493741520000071],[122.01760772000011,13.497244480000063],[122.0173690800001,13.499790070000074],[122.0174288500001,13.499899950000042],[122.02047793000008,13.507272340000043]]]},"properties":{"psgc_code":1704005006,"name":"Baliis","corr_code":174005006,"geo_level":"Bgy","city_class":"","inc_class":"","urb_rur":"","pop_2015":"R","pop_2020":"","status":"","adm4_pcode":"PH1704005006","adm4_en":"Baliis","adm3_pcode":"PH1704005","adm2_pcode":"PH17040","adm1_pcode":"PH17","adm0_pcode":"PH","shape_len":0.0614062853967,"shape_area":0.000244496079225,"shape_sqkm":2.92845845694}},
{"type":"Feature","geometry":{"type":"Polygon","coordinates":[[[122.0428926190001,13.487725430000069],[122.0436171770001,13.487922888000071],[122.0444623940001,13.48845121100004],[122.04497177300004,13.489080611000077],[122.04507387900003,13.489934432000041],[122.04500859400002,13.490557070000023],[122.04557120800007,13.490589302000046],[122.0457504090001,13.490034273000049],[122.04620348200001,13.489920660000053],[122.04692949100001,13.489927375000036],[122.04746177300001,13.490036626000062],[122.04843648500002,13.489934259000051],[122.04907344200001,13.49029140500005],[122.04934115200001,13.490046782000036],[122.04998419600008,13.49018318900005],[122.05063266200011,13.490233800000055],[122.05111443900012,13.489841674000047],[122.05149497700006,13.489756790000058],[122.05166428400003,13.489312055000028],[122.05214916000011,13.488972922000073],[122.05183688600005,13.488758760000053],[122.05202096000005,13.488432594000074],[122.05210871600002,13.48796266900007],[122.05269749100012,13.487091339000074],[122.05271194300008,13.486743455000067],[122.05310084300004,13.486393346000057],[122.05341389500006,13.48631057700004],[122.05401320200008,13.485922736000077],[122.05513530600001,13.485414277000075],[122.05571064100002,13.485339482000029],[122.05645575900007,13.485338128000024],[122.05666005300009,13.484993620000068],[122.0570007450001,13.484873071000038],[122.05757348500003,13.485422357000061],[122.05798387400012,13.485731413000053],[122.05811062600003,13.486188728000059],[122.05807218400003,13.486583997000025],[122.05826760500008,13.487013039000033],[122.05808245100002,13.487286896000057],[122.05801307200011,13.487764687000038],[122.05779553700006,13.487857181000038],[122.05773099500004,13.488301956000043],[122.05733731600003,13.48825762100006],[122.05727672500007,13.48872074600007],[122.0569447260001,13.489246525000055],[122.05658293500005,13.489352688000054],[122.05684446200007,13.489734271000032],[122.05670168900008,13.48994586200007],[122.05680663400005,13.490217982000047],[122.05665542100007,13.490652435000072],[122.05605068800003,13.49110190500005],[122.05567809000001,13.49149004000003],[122.05564013100002,13.49175208500003],[122.05534348800006,13.492204913000023],[122.05499038300002,13.492527391000067],[122.05466280300004,13.492600778000053],[122.05423633700002,13.49321204000006],[122.05403741200007,13.493629569000063],[122.05335262800008,13.494428623000033],[122.0533732770001,13.494705623000073],[122.05290233400001,13.495336078000037],[122.05277834900005,13.496329523000043],[122.05183151500012,13.497512120000067],[122.05170067600011,13.497971895000035],[122.05193096100004,13.498158512000032],[122.05188588800002,13.498710154000037],[122.05160688700005,13.49902095400006],[122.05158760400002,13.499269262000041],[122.0509206810001,13.499683220000065],[122.05068258900008,13.499687934000065],[122.05081072000007,13.500285631000054],[122.05056960800005,13.501092305000043],[122.05007447500009,13.50143354200003],[122.04908117800005,13.50114865200004],[122.04860391600005,13.501085428000067],[122.04782424200005,13.500676419000058],[122.04738741500012,13.500625562000039],[122.04732033700009,13.500851444000034],[122.05028093100009,13.501725927000052],[122.05014275000008,13.502185359000066],[122.05033506400002,13.50237579000003],[122.05011722000006,13.502797545000021],[122.04978314800007,13.503009880000036],[122.04956208500005,13.50344050600006],[122.04962502400008,13.504099221000047],[122.04942248200007,13.504616991000034],[122.04946761700012,13.504976587000044],[122.04936568500011,13.505299251000054],[122.04896158800011,13.505600146000063],[122.04928642300001,13.505867929000033],[122.05003003500008,13.50599593000004],[122.05041101300003,13.505712863000042],[122.05128852900009,13.504725338000071],[122.051460141,13.504154305000043],[122.05175122200001,13.504218640000033],[122.05174257400006,13.504759750000062],[122.05107031600005,13.505271657000037],[122.05063492600004,13.50578964500005],[122.05068509800003,13.506052533000059],[122.05100260800009,13.506154388000027],[122.05085588100007,13.506472615000064],[122.04924513800006,13.50607602100007],[122.04810402900011,13.50583255500004],[122.04768707500011,13.50617593100003],[122.04785365100008,13.506587693000029],[122.04809960800003,13.50653081300004],[122.04831808200004,13.507104101000039],[122.0485863670001,13.507129376000023],[122.04878117200008,13.507952990000035],[122.04893847900007,13.508224249000023],[122.04867398300007,13.508500971000046],[122.04891126200005,13.508883444000048],[122.04883383300012,13.509416854000051],[122.04852519000008,13.510304181000038],[122.04851613400001,13.51123786900007],[122.04832558200007,13.511537322000038],[122.04850001900002,13.511761248000028],[122.04845108400002,13.512078704000032],[122.04803752900011,13.512428068000077],[122.04803098200011,13.512909353000055],[122.04716077800003,13.513562414000035],[122.04729431900012,13.513772757000027],[122.04693412800009,13.51459994000004],[122.04659334400003,13.514822282000068],[122.0459263030001,13.514911175000066],[122.04578817200002,13.51502453200004],[122.04536010700008,13.514634153000031],[122.04529464000007,13.514264645000026],[122.04498989500007,13.513849623000056],[122.0446463830001,13.513745554000025],[122.04460114300002,13.513508003000027],[122.04398773700007,13.513530685000035],[122.04356918100007,13.513403923000055],[122.04302666900003,13.513566817000026],[122.04263495400005,13.513536878000025],[122.04213311600006,13.513292583000066],[122.04159179400006,13.51348898200007],[122.04128931600007,13.513350467000066],[122.04113103200007,13.513519650000035],[122.04056850500001,13.513302366000062],[122.04028231900008,13.513037120000035],[122.03976388500007,13.513153156000044],[122.0392779550001,13.512865771000065],[122.03898222500004,13.512946624000051],[122.03828248900004,13.512576205000073],[122.03774138200004,13.512687904000074],[122.03820874600001,13.512603034000051],[122.03745212000001,13.510945630000037],[122.03291517000002,13.501789820000056],[122.03322647000005,13.500722390000021],[122.04016468000009,13.491532380000024],[122.0428926190001,13.487725430000069]]]},"properties":{"psgc_code":1704005007,"name":"Balogo","corr_code":174005007,"geo_level":"Bgy","city_class":"","inc_class":"","urb_rur":"","pop_2015":"R","pop_2020":"","status":"","adm4_pcode":"PH1704005007","adm4_en":"Balogo","adm3_pcode":"PH1704005","adm2_pcode":"PH17040","adm1_pcode":"PH17","adm0_pcode":"PH","shape_len":0.125610941372,"shape_area":0.000374045329882,"shape_sqkm":4.48020595435}},
{"type":"Feature","geometry":{"type":"Polygon","coordinates":[[[122.02671396200003,13.476861389000021],[122.02648715300006,13.477415944000029],[122.02585615200007,13.478145299000062],[122.02544528900012,13.478114127000026],[122.02527105500008,13.478320016000055],[122.02556072400012,13.478849903000025],[122.02544155800001,13.479578937000042],[122.02501352900003,13.480535582000073],[122.02369968000005,13.479883800000039],[122.0229149380001,13.480166748000045],[122.02184653000006,13.479701410000075],[122.02113707000001,13.477599051000027],[122.02324149000003,13.476442664000047],[122.02230846000009,13.474807720000058],[122.02304376900008,13.474689557000033],[122.02330974900008,13.474396978000073],[122.02365884900007,13.474360405000027],[122.02400130000001,13.474024604000022],[122.0245234360001,13.473806377000074],[122.02456507600004,13.473556537000036],[122.02502014100003,13.473351311000044],[122.0258767360001,13.473265057000049],[122.02609385900007,13.473074703000066],[122.02609909000012,13.472373950000076],[122.02620727700003,13.473339318000058],[122.02606805500011,13.47392056800004],[122.0261115720001,13.474144069000033],[122.02737186700006,13.476433204000045],[122.02671396200003,13.476861389000021]]]},"properties":{"psgc_code":1704005008,"name":"Banahaw Pob.","corr_code":174005008,"geo_level":"Bgy","city_class":"3rd Zone","inc_class":"","urb_rur":"","pop_2015":"R","pop_2020":"","status":"","adm4_pcode":"PH1704005008","adm4_en":"Banahaw Pob. (3rd Zone)","adm3_pcode":"PH1704005","adm2_pcode":"PH17040","adm1_pcode":"PH17","adm0_pcode":"PH","shape_len":0.0251187437122,"shape_area":0.000025501003254,"shape_sqkm":0.3054723236}},
{"type":"Feature","geometry":{"type":"Polygon","coordinates":[[[122.00921559000005,13.482470370000044],[122.00287635000007,13.484220350000044],[121.98062181000012,13.469926520000058],[121.99825533,13.461011530000064],[122.01205672000003,13.472444610000025],[122.02230846000009,13.474807720000058],[122.02324149000003,13.476442664000047],[122.02113707000001,13.477599051000027],[122.02184653000006,13.479701410000075],[122.0229149380001,13.480166748000045],[122.00969285000008,13.482077600000025],[122.00921559000005,13.482470370000044]]]},"properties":{"psgc_code":1704005009,"name":"Bangcuangan","corr_code":174005009,"geo_level":"Bgy","city_class":"","inc_class":"","urb_rur":"","pop_2015":"R","pop_2020":"","status":"","adm4_pcode":"PH1704005009","adm4_en":"Bangcuangan","adm3_pcode":"PH1704005","adm2_pcode":"PH17040","adm1_pcode":"PH17","adm0_pcode":"PH","shape_len":0.102872922387,"shape_area":0.000475586261719,"shape_sqkm":5.69704977448}},
{"type":"Feature","geometry":{"type":"Polygon","coordinates":[[[122.04957889000002,13.445367290000036],[122.04725199000006,13.446956000000057],[122.03967618000001,13.44664344000006],[122.03646423000009,13.441359900000066],[122.01841724000008,13.421381470000028],[122.03517132000002,13.423368820000064],[122.03836190000004,13.423102690000064],[122.0392162600001,13.422277160000021],[122.05046402000005,13.435456610000074],[122.05157496000004,13.440997390000064],[122.04957889000002,13.445367290000036]]]},"properties":{"psgc_code":1704005010,"name":"Banogbog","corr_code":174005010,"geo_level":"Bgy","city_class":"","inc_class":"","urb_rur":"","pop_2015":"R","pop_2020":"","status":"","adm4_pcode":"PH1704005010","adm4_en":"Banogbog","adm3_pcode":"PH1704005","adm2_pcode":"PH17040","adm1_pcode":"PH17","adm0_pcode":"PH","shape_len":0.0925487715096,"shape_area":0.000420080327712,"shape_sqkm":5.03296320632}},
{"type":"Feature","geometry":{"type":"MultiPolygon","coordinates":[[[[122.06964944300012,13.48254193300005],[122.06919929800006,13.48201107400007],[122.06915670500007,13.481795093000073],[122.0693217810001,13.48141034300005],[122.06978487200001,13.48142445700006],[122.06993959200008,13.482330501000035],[122.06964944300012,13.48254193300005]]],[[[122.07015620700008,13.484316060000026],[122.06959615000005,13.484183556000062],[122.06935040000008,13.48401737100005],[122.06932944000005,13.483761586000071],[122.06964343700008,13.482941779000043],[122.06993968100005,13.483384002000037],[122.07015632100001,13.483188134000045],[122.07012057500003,13.482813665000037],[122.07027672900006,13.482576646000041],[122.07013981800003,13.48209926000004],[122.07017190300007,13.481567687000052],[122.07058260400004,13.480758923000053],[122.07142782100004,13.480253271000038],[122.07165016900001,13.480319199000064],[122.07164346000002,13.481340423000063],[122.07145956300008,13.482306999000059],[122.07136284400008,13.482418235000068],[122.07116542200004,13.48325920800005],[122.07118820200003,13.483566475000032],[122.07084946500004,13.483865300000048],[122.07015620700008,13.484316060000026]]],[[[122.07167216100004,13.485152696000057],[122.07166910800004,13.485369383000034],[122.07107294200011,13.485219679000068],[122.07089402100007,13.484970482000051],[122.07119049800008,13.48413419800005],[122.07162362100007,13.484144250000043],[122.07185889800007,13.48485576400003],[122.07167216100004,13.485152696000057]]],[[[122.08663233200002,13.489249036000047],[122.08628343300006,13.489155820000065],[122.08591109400004,13.489209365000022],[122.08558292500004,13.489389113000072],[122.08503939900004,13.489133197000058],[122.0846945510001,13.489267566000024],[122.08309901100006,13.489184698000031],[122.08253283400006,13.48944788600005],[122.08203784700004,13.489229605000048],[122.08151969000005,13.488575638000043],[122.08185033600012,13.48801415500003],[122.08159113800002,13.487819021000064],[122.08100115500008,13.48833441100004],[122.08072998500006,13.488334168000051],[122.08029429700002,13.487760537000042],[122.08003497400011,13.48770298200003],[122.07952785500004,13.487863034000043],[122.07890337300012,13.487291570000025],[122.07858036900006,13.487698128000034],[122.07806732400002,13.48774856600005],[122.0775073530001,13.487610622000034],[122.07733999700008,13.487452673000064],[122.07744521500001,13.48690302500006],[122.07716646500012,13.48677551700007],[122.07666383200001,13.486892136000051],[122.0763134870001,13.486504961000037],[122.0755376940001,13.485783698000034],[122.07516292000003,13.485679581000056],[122.07484844400005,13.484797775000061],[122.07427277200009,13.483843850000028],[122.07398657300007,13.484079998000027],[122.07332648900001,13.484242060000042],[122.07288070100003,13.483864235000055],[122.07265443400001,13.483498687000065],[122.07265963400005,13.483242303000054],[122.07242199900008,13.483017971000038],[122.07223986600002,13.482479901000033],[122.07239477700011,13.480952885000022],[122.07271161900007,13.479777119000062],[122.07293016300002,13.479357120000032],[122.07331868900008,13.479019768000057],[122.07425451100005,13.478516727000056],[122.07468348600003,13.478235200000029],[122.07531137400008,13.477611285000023],[122.0758208530001,13.47692924100005],[122.07653955100011,13.475563525000041],[122.08314213000006,13.46851995000003],[122.08539686000006,13.464902990000041],[122.08663904600007,13.464337924000063],[122.0874348970001,13.463585091000027],[122.08784357800005,13.463047353000036],[122.08868244900009,13.462294520000057],[122.08902660100011,13.46205791500006],[122.08949981100011,13.461950368000032],[122.09031717200003,13.462531125000055],[122.09081189100004,13.462789239000074],[122.09139264800001,13.46298282500004],[122.09186585700002,13.462832258000049],[122.09209953000004,13.462550700000065],[122.08963442000004,13.471955690000073],[122.08726192000006,13.48341669000007],[122.08699227000011,13.48552759000006],[122.08661664800002,13.489161496000065],[122.08663233200002,13.489249036000047]]]]},"properties":{"psgc_code":1704005011,"name":"Biga","corr_code":174005011,"geo_level":"Bgy","city_class":"","inc_class":"","urb_rur":"","pop_2015":"R","pop_2020":"","status":"","adm4_pcode":"PH1704005011","adm4_en":"Biga","adm3_pcode":"PH1704005","adm2_pcode":"PH17040","adm1_pcode":"PH17","adm0_pcode":"PH","shape_len":0.105003559704,"shape_area":0.000281356554399,"shape_sqkm":3.37031716264}},
{"type":"Feature","geometry":{"type":"MultiPolygon","coordinates":[[[[121.94866009700002,13.53674970000003],[121.94746680700007,13.536336300000073],[121.94700601700004,13.536448833000065],[121.94652432800001,13.53670001100005],[121.94628530800003,13.536637067000072],[121.94617094500006,13.536224163000043],[121.94624366800008,13.535593967000068],[121.94585311600008,13.535643566000033],[121.94571900400001,13.535343367000053],[121.94637979200002,13.53519650000004],[121.94663730900004,13.53506597300003],[121.94724495900005,13.534515751000072],[121.9477544880001,13.534385906000068],[121.94798516900005,13.53467474000007],[121.94793076500002,13.534877251000069],[121.94821572700005,13.535744282000053],[121.94893831700006,13.536231545000021],[121.94899932600003,13.536405299000023],[121.94866009700002,13.53674970000003]]],[[[121.94823374200007,13.541690624000069],[121.94793424400007,13.54191856400007],[121.94744200000002,13.541335110000034],[121.94752739100011,13.54031012400003],[121.9477338580001,13.54018128000007],[121.94814720600004,13.540377763000038],[121.94867900100007,13.540894323000032],[121.94873410600007,13.54119273200007],[121.94848461600009,13.541648728000041],[121.94823374200007,13.541690624000069]]],[[[121.94228448700005,13.541948352000077],[121.94204079200006,13.541748862000077],[121.94213885800002,13.540675331000045],[121.94243059700011,13.540818147000039],[121.94251988200006,13.541651553000065],[121.94228448700005,13.541948352000077]]],[[[121.9458516630001,13.542344994000075],[121.94538196000008,13.542282172000057],[121.94481523200011,13.541913374000046],[121.9440768400001,13.541875851000043],[121.94388406200005,13.541748299000062],[121.94396317500002,13.54132492900004],[121.94462286100008,13.54079575000003],[121.9454061030001,13.540758439000058],[121.94573461100003,13.541377897000075],[121.94592015600006,13.542233146000058],[121.9458516630001,13.542344994000075]]],[[[121.959785624,13.530187815000033],[121.95917683300001,13.530392319000043],[121.95799914100007,13.53137700600007],[121.9577781590001,13.53137070200006],[121.95696634300009,13.531671580000022],[121.95630918600011,13.531685636000077],[121.95629842800008,13.532227670000054],[121.95605869200006,13.532409405000067],[121.95565009000006,13.53234827500006],[121.95502987600003,13.532430280000028],[121.95464153800003,13.532211654000037],[121.95379187200001,13.532708164000042],[121.95352407700011,13.532616390000044],[121.95303519200002,13.532797682000023],[121.95291061900002,13.533481075000054],[121.95234930000004,13.533453120000047],[121.95175182700007,13.533298209000066],[121.95154177100005,13.533064893000073],[121.95106614000008,13.532937616000027],[121.95069514600004,13.532534788000078],[121.9501970120001,13.532168898000066],[121.95019175900006,13.531887449000067],[121.94962835500007,13.531824134000033],[121.94946154100012,13.531640423000056],[121.94880383000009,13.531651673000056],[121.94852586700006,13.532224453000026],[121.94785669200007,13.532112656000038],[121.94756649500005,13.53180446400006],[121.94705887400005,13.531626878000054],[121.94659401900003,13.531659438000077],[121.94642143900012,13.531450094000036],[121.94612942200001,13.53156241000005],[121.9455007680001,13.531359277000035],[121.94486374300004,13.531410649000065],[121.94467656600011,13.531170097000029],[121.94441356700008,13.531262531000039],[121.94409434300007,13.530906500000071],[121.9434188030001,13.531626372000062],[121.94294938500002,13.531669665000038],[121.94244579300005,13.53227668900007],[121.94254249400001,13.532571674000053],[121.94235244700008,13.532905590000041],[121.94179475600004,13.532830251000064],[121.94170869300001,13.533210896000071],[121.94115085200008,13.533528734000072],[121.94124730600004,13.53385214900004],[121.94099245900009,13.534224308000034],[121.94046446700008,13.534255724000047],[121.94009749600002,13.534712418000026],[121.93925729700004,13.535917711000025],[121.93886908600007,13.536572144000047],[121.93885547700006,13.537433602000021],[121.9387796630001,13.538065311000025],[121.93917113400005,13.538612990000047],[121.93993519300011,13.53914652700007],[121.94041302900007,13.53954402900007],[121.9406915940001,13.539492168000038],[121.94107965700005,13.539674966000064],[121.94127801400009,13.54000804900005],[121.94121017100008,13.540361860000075],[121.94090048500004,13.540655465000043],[121.94060058000002,13.540729829000043],[121.93966365100005,13.540439492000075],[121.93877932700002,13.540295291000064],[121.93826358800004,13.540322436000054],[121.93800675000011,13.540576457000043],[121.93779351700005,13.540314574000035],[121.93694844200002,13.540401875000043],[121.93618289800008,13.540761165000049],[121.9355068650001,13.541397605000043],[121.93549222800004,13.541800114000068],[121.93500686200002,13.54279518900006],[121.93467636100002,13.543001527000058],[121.93377038400001,13.543075653000074],[121.93317455800002,13.543216509000047],[121.93190204200005,13.54387416700007],[121.93111989300007,13.543930320000072],[121.93081006300008,13.544429894000075],[121.93029773100011,13.544588433000058],[121.92967815000009,13.544323417000044],[121.9291692700001,13.543913514000053],[121.92832833000011,13.543090456000073],[121.92765761200008,13.542634279000026],[121.92745637400003,13.542253411000047],[121.9274887580001,13.54165942000003],[121.92789902600009,13.541132451000067],[121.92748396700006,13.540431863000038],[121.92746243800002,13.539911969000059],[121.92914951300008,13.538687538000033],[121.93037775000005,13.53423642000007],[121.93231649000006,13.522461100000044],[121.93786682000007,13.524905850000039],[121.95028058000003,13.52496369000005],[121.9589779800001,13.52602593000006],[121.95993894000003,13.530128311000055],[121.959785624,13.530187815000033]]],[[[121.96028865400001,13.547080845000039],[121.96004037700004,13.546969148000073],[121.96034530000009,13.546672181000076],[121.96048953400009,13.546327681000037],[121.96041445800006,13.545870023000077],[121.9599129070001,13.545498223000038],[121.95945282700006,13.545278382000049],[121.95821390200001,13.544922103000033],[121.95761568400007,13.544999743000062],[121.95646357900011,13.544201771000075],[121.95610265000005,13.543793923000067],[121.95557004500006,13.543674388000056],[121.95525807500007,13.543295495000052],[121.95517861100006,13.542852590000052],[121.95475749600007,13.542462894000039],[121.95444761600004,13.542568732000063],[121.95362169100008,13.542246488000046],[121.95307180100008,13.542633678000072],[121.95269843200003,13.542741630000023],[121.95211848800011,13.543636002000028],[121.95187275800004,13.543771741000057],[121.95145665000007,13.543750045000024],[121.95114436000006,13.543602143000044],[121.95125986500011,13.543138361000047],[121.95114871200008,13.542756342000075],[121.9506221260001,13.542570534000049],[121.95027697600005,13.542842839000059],[121.95003579200011,13.542714643000068],[121.94945138500009,13.54196018600004],[121.94931258100007,13.541237543000022],[121.94942423700002,13.541044378000038],[121.94983524400004,13.54111236500006],[121.95038409300003,13.541032319000067],[121.9510628270001,13.54071147600007],[121.95139529400001,13.54026301500005],[121.95134536700004,13.539819127000044],[121.95171054000002,13.539466412000024],[121.95243667700004,13.539422707000028],[121.9528723310001,13.539625791000049],[121.95316917700006,13.539977012000065],[121.95318816500003,13.540344095000023],[121.95367338500012,13.540452060000064],[121.9538454100001,13.540739700000074],[121.9546476700001,13.54093047400005],[121.95476773300004,13.541384392000055],[121.95530745100007,13.54141560200003],[121.95567113200002,13.541967722000038],[121.95628879100002,13.542030853000028],[121.95646203800004,13.542300531000024],[121.95679326800007,13.542431702000044],[121.95698252700004,13.542271538000023],[121.95826918400007,13.542415658000039],[121.95881598900007,13.542846674000032],[121.95966782500011,13.54324426100004],[121.9601296620001,13.543516537000073],[121.9603855790001,13.54378945700006],[121.96133813900008,13.544287372000042],[121.96210182100003,13.545131076000075],[121.96245269300005,13.545669168000074],[121.96207566800001,13.546155973000054],[121.96143082000003,13.546363370000051],[121.96100204000004,13.546781014000032],[121.96056734400008,13.546861053000043],[121.96028865400001,13.547080845000039]]],[[[121.94229417500003,13.555756187000043],[121.9419067660001,13.555553058000044],[121.94192379000003,13.555247990000055],[121.94213622900008,13.555032985000025],[121.94237349700006,13.554382512000075],[121.94274356900007,13.554060820000075],[121.94303860600007,13.55354854500007],[121.94318249800006,13.55298123600005],[121.94355611000003,13.552957775000039],[121.94395206900003,13.553119246000051],[121.94414911700005,13.553004212000076],[121.94439232800005,13.552605922000055],[121.94457077300001,13.553134017000048],[121.94508393700005,13.553818152000076],[121.94527592000009,13.553898056000037],[121.94588210600011,13.553732006000075],[121.94592531600006,13.554006903000072],[121.94539595200001,13.55446820900005],[121.94502410300004,13.554341159000046],[121.94406359200002,13.554527087000054],[121.94378566700004,13.554742249000071],[121.94370568300008,13.555067595000025],[121.94318045700004,13.55543055000004],[121.94283049100011,13.555429438000033],[121.94229417500003,13.555756187000043]]]]},"properties":{"psgc_code":1704005012,"name":"Botilao","corr_code":174005012,"geo_level":"Bgy","city_class":"","inc_class":"","urb_rur":"","pop_2015":"R","pop_2020":"","status":"","adm4_pcode":"PH1704005012","adm4_en":"Botilao","adm3_pcode":"PH1704005","adm2_pcode":"PH17040","adm1_pcode":"PH17","adm0_pcode":"PH","shape_len":0.21704131765,"shape_area":0.000355366978548,"shape_sqkm":4.25590599581}},
{"type":"Feature","geometry":{"type":"Polygon","coordinates":[[[122.06573149100007,13.477016836000075],[122.06523500300011,13.47731968100004],[122.06485074000011,13.477780065000047],[122.06475479700009,13.478139641000041],[122.0645034480001,13.47825481500007],[122.06391171000007,13.477881194000076],[122.06355470300002,13.478159014000028],[122.06288197700007,13.478439767000054],[122.0627194650001,13.478756227000076],[122.06240896600002,13.478871425000023],[122.0620565910001,13.479237286000057],[122.06163706900008,13.479363293000063],[122.06131870200011,13.478999620000025],[122.06108089200006,13.478904526000065],[122.06073802800006,13.47849326100004],[122.0603818410001,13.47838039000004],[122.05977239800006,13.478556131000062],[122.05945647800002,13.478339900000037],[122.059184576,13.47833973400003],[122.05868923800006,13.478099095000061],[122.05844901900002,13.477542970000059],[122.0586164560001,13.477098842000032],[122.05828612500011,13.47708891800005],[122.05814608600008,13.477749991000053],[122.05786076900006,13.477776669000036],[122.05746022800008,13.478267244000051],[122.05714903400008,13.478196926000066],[122.05688079400011,13.47834191100003],[122.05627659400011,13.478355154000042],[122.05591515100002,13.478255865000051],[122.05537409500005,13.477966270000024],[122.05523130800009,13.477593266000042],[122.05445137700008,13.477346038000064],[122.05432155500012,13.477693846000022],[122.05472081300002,13.47876457700005],[122.05554304000009,13.479918763000057],[122.05565164300003,13.47986301800006],[122.05611820000001,13.480741614000067],[122.05581727100002,13.480585532000077],[122.05557251500011,13.480752427000027],[122.05525341000009,13.480282595000062],[122.05552100300008,13.480099038000048],[122.05490535700005,13.47925514800005],[122.05441993000011,13.478314430000069],[122.05402085600008,13.477042675000064],[122.05380566400004,13.477413117000026],[122.0534424550001,13.477788307000026],[122.05327790700005,13.477734867000038],[122.05275680900002,13.477979657000049],[122.05263018200003,13.47770477000006],[122.05234325100002,13.477760058000058],[122.05193585900008,13.478592229000071],[122.05121293400009,13.479541873000073],[122.05121453900006,13.479811147000078],[122.05074983500003,13.480652989000077],[122.05055432300003,13.480687012000033],[122.05053415400005,13.481481386000041],[122.05017180400012,13.481757533000064],[122.0498409810001,13.481842665000045],[122.04972286800012,13.48216504800007],[122.04942851500005,13.482335535000061],[122.04872047700007,13.48294349400004],[122.04824521400008,13.48318243600005],[122.04801915600001,13.483526128000051],[122.04733588900001,13.483827720000022],[122.04629383200006,13.484191108000061],[122.04581827900006,13.48418650900004],[122.04520067800001,13.484062492000021],[122.04378762400006,13.483442242000024],[122.04348517000005,13.481287770000051],[122.04389547800008,13.479842059000077],[122.04357550200007,13.469011683000076],[122.0448415300001,13.462423540000032],[122.05126609000001,13.458568710000065],[122.05718488000002,13.466093560000047],[122.0588505400001,13.467676900000072],[122.06572076000009,13.464880530000073],[122.06573149100007,13.477016836000075]]]},"properties":{"psgc_code":1704005013,"name":"Buyabod","corr_code":174005013,"geo_level":"Bgy","city_class":"","inc_class":"","urb_rur":"","pop_2015":"R","pop_2020":"","status":"","adm4_pcode":"PH1704005013","adm4_en":"Buyabod","adm3_pcode":"PH1704005","adm2_pcode":"PH17040","adm1_pcode":"PH17","adm0_pcode":"PH","shape_len":0.109491139052,"shape_area":0.000359541056957,"shape_sqkm":4.30697689268}},
{"type":"Feature","geometry":{"type":"Polygon","coordinates":[[[121.96654945700004,13.51530733900006],[121.9555233000001,13.516045010000028],[121.95072943000002,13.510716800000068],[121.95157642000004,13.509341660000075],[121.95097955000006,13.504922050000062],[121.9500246,13.498371770000062],[121.95577316000004,13.49537046000006],[121.95633450000003,13.495312960000035],[121.95829737000008,13.494882800000028],[121.96242370000004,13.496032040000046],[121.96493751000003,13.499924760000056],[121.97131958000011,13.50049473000007],[121.97190053000008,13.50077125000007],[121.9755231900001,13.500890690000062],[121.97492262000003,13.506159730000036],[121.9763302,13.507080560000077],[121.9737149130001,13.511691127000063],[121.96654945700004,13.51530733900006]]]},"properties":{"psgc_code":1704005014,"name":"Dating Bayan","corr_code":174005014,"geo_level":"Bgy","city_class":"","inc_class":"","urb_rur":"","pop_2015":"R","pop_2020":"","status":"","adm4_pcode":"PH1704005014","adm4_en":"Dating Bayan","adm3_pcode":"PH1704005","adm2_pcode":"PH17040","adm1_pcode":"PH17","adm0_pcode":"PH","shape_len":0.0798759195643,"shape_area":0.000397735845768,"shape_sqkm":4.76384676679}},
{"type":"Feature","geometry":{"type":"Polygon","coordinates":[[[122.0392162600001,13.422277160000021],[122.03836190000004,13.423102690000064],[122.03517132000002,13.423368820000064],[122.01841724000008,13.421381470000028],[122.00915415000009,13.423351050000065],[122.00890787700007,13.390104271000041],[122.02064272000007,13.393043760000069],[122.03882575000011,13.418314030000033],[122.0392162600001,13.422277160000021]]]},"properties":{"psgc_code":1704005015,"name":"Devilla","corr_code":174005015,"geo_level":"Bgy","city_class":"","inc_class":"","urb_rur":"","pop_2015":"R","pop_2020":"","status":"","adm4_pcode":"PH1704005015","adm4_en":"Devilla","adm3_pcode":"PH1704005","adm2_pcode":"PH17040","adm1_pcode":"PH17","adm0_pcode":"PH","shape_len":0.111190941222,"shape_area":0.000664925843603,"shape_sqkm":7.96722141911}},
{"type":"Feature","geometry":{"type":"Polygon","coordinates":[[[121.98062181000012,13.469926520000058],[121.98562539000011,13.489062990000036],[121.98555171100008,13.489172116000077],[121.9755231900001,13.500890690000062],[121.97190053000008,13.50077125000007],[121.97131958000011,13.50049473000007],[121.96493751000003,13.499924760000056],[121.96242370000004,13.496032040000046],[121.95829737000008,13.494882800000028],[121.95932306000009,13.492915980000078],[121.96092878000002,13.489645780000046],[121.96099794000008,13.48960463000003],[121.96428292700011,13.484929472000033],[121.96405718200003,13.478589950000071],[121.96650705500008,13.475148726000043],[121.96846736200007,13.472577815000022],[121.97108941200008,13.467298103000076],[121.97465298000009,13.46828970000007],[121.98062181000012,13.469926520000058]]]},"properties":{"psgc_code":1704005016,"name":"Dolores","corr_code":174005016,"geo_level":"Bgy","city_class":"","inc_class":"","urb_rur":"","pop_2015":"R","pop_2020":"","status":"","adm4_pcode":"PH1704005016","adm4_en":"Dolores","adm3_pcode":"PH1704005","adm2_pcode":"PH17040","adm1_pcode":"PH17","adm0_pcode":"PH","shape_len":0.096167634065,"shape_area":0.000577430382046,"shape_sqkm":6.91670481569}},
{"type":"Feature","geometry":{"type":"Polygon","coordinates":[[[122.07813109000006,13.404802480000058],[122.07151182000007,13.411789050000039],[122.07091972,13.41216724000003],[122.06621379,13.404802400000051],[122.06515859000001,13.402669880000076],[122.06507552000005,13.402286240000024],[122.06555262000006,13.401635050000039],[122.06543536000004,13.400544650000029],[122.06409669000004,13.398519830000055],[122.06391673000007,13.398394350000046],[122.06549403000008,13.394301220000045],[122.0635629300001,13.389014830000065],[122.06425963000004,13.387320350000039],[122.06447982000009,13.386541590000036],[122.0645747100001,13.385634830000072],[122.06438678000006,13.384809890000042],[122.06074677000004,13.379251170000032],[122.06544827000005,13.377396090000047],[122.07120957000006,13.377466670000047],[122.07237683000005,13.38662725000006],[122.0711067200001,13.388281840000047],[122.0772070700001,13.401571680000075],[122.07851037000012,13.402506010000025],[122.0790741400001,13.404060350000066],[122.07813109000006,13.404802480000058]]]},"properties":{"psgc_code":1704005017,"name":"Haguimit","corr_code":174005017,"geo_level":"Bgy","city_class":"","inc_class":"","urb_rur":"","pop_2015":"R","pop_2020":"","status":"","adm4_pcode":"PH1704005017","adm4_en":"Haguimit","adm3_pcode":"PH1704005","adm2_pcode":"PH17040","adm1_pcode":"PH17","adm0_pcode":"PH","shape_len":0.0886648770026,"shape_area":0.000305872076523,"shape_sqkm":3.6652210264}},
{"type":"Feature","geometry":{"type":"Polygon","coordinates":[[[122.03774138200004,13.512687904000074],[122.03728749900006,13.51249950600004],[122.03639272200007,13.512292654000078],[122.03610278000008,13.512000501000045],[122.0356017690001,13.512199200000055],[122.03539096100008,13.512006263000046],[122.03488567800002,13.51198902300007],[122.03473768800006,13.512119495000036],[122.03433658000006,13.512067097000056],[122.03384434800012,13.51213261600003],[122.03319824700009,13.511827861000029],[122.03255029600007,13.511810897000032],[122.03213151900002,13.511647313000026],[122.03190362900011,13.511393018000035],[122.03174728700003,13.511712290000048],[122.03116634800006,13.51171955500007],[122.03099112500001,13.511602079000056],[122.03074008500005,13.511903588000052],[122.03023339100002,13.511753878000036],[122.03015499500009,13.511596212000029],[122.02944581300005,13.511495547000038],[122.02867481300007,13.511698385000045],[122.02842378800005,13.512222577000045],[122.02814923800008,13.512293856000042],[122.02636840000002,13.510217990000058],[122.02647091000006,13.507256160000054],[122.02047793000008,13.507272340000043],[122.0174288500001,13.499899950000042],[122.0173690800001,13.499790070000074],[122.01760772000011,13.497244480000063],[122.03165939000007,13.486342390000061],[122.03175494000004,13.486079540000048],[122.03254473900006,13.486202081000044],[122.03302742700009,13.486353372000053],[122.03332978900005,13.48624823800003],[122.03398559800007,13.486497457000041],[122.03436022100004,13.486490253000056],[122.03480688700006,13.486900898000044],[122.03560233100006,13.487390748000053],[122.03412979000007,13.489713090000066],[122.03674042000011,13.491332980000038],[122.04016468000009,13.491532380000024],[122.03322647000005,13.500722390000021],[122.03291517000002,13.501789820000056],[122.03745212000001,13.510945630000037],[122.03820874600001,13.512603034000051],[122.03774138200004,13.512687904000074]]]},"properties":{"psgc_code":1704005018,"name":"Hupi","corr_code":174005018,"geo_level":"Bgy","city_class":"","inc_class":"","urb_rur":"","pop_2015":"R","pop_2020":"","status":"","adm4_pcode":"PH1704005018","adm4_en":"Hupi","adm3_pcode":"PH1704005","adm2_pcode":"PH17040","adm1_pcode":"PH17","adm0_pcode":"PH","shape_len":0.0951454135605,"shape_area":0.000335798801812,"shape_sqkm":4.02210617821}},
{"type":"Feature","geometry":{"type":"Polygon","coordinates":[[[121.99842420000004,13.522590582000078],[121.99824798300006,13.52251635600004],[121.99779096100008,13.522616176000042],[121.99701230800008,13.522303567000051],[121.99707266500002,13.523277673000052],[121.99690423000004,13.523631627000043],[121.99661698700004,13.523934532000055],[121.99631744200008,13.52394225100005],[121.99610683000003,13.523751676000074],[121.99503094600004,13.524129600000037],[121.99485709300006,13.523751920000052],[121.99454408400004,13.523549863000028],[121.9943516830001,13.523677716000066],[121.99385406600004,13.523505233000037],[121.99326922900002,13.523569086000066],[121.99281083200003,13.523803257000054],[121.99233414300011,13.523925490000067],[121.99207723800009,13.523835576000067],[121.99166547300001,13.524002284000062],[121.99102394400006,13.524425507000046],[121.99057000300002,13.524869745000046],[121.99020591900012,13.525029330000052],[121.98995284500006,13.524962536000032],[121.98966881100012,13.525191282000037],[121.98935021400007,13.525227329000074],[121.98911027200006,13.525078207000035],[121.98885560400004,13.525255849000075],[121.98853585900008,13.525214113000061],[121.9883542550001,13.524831200000051],[121.98812043800001,13.524719842000025],[121.98782969500007,13.525014776000035],[121.98693879700011,13.524642441000026],[121.98675302400011,13.524720772000023],[121.98652383000001,13.524452672000052],[121.98626253700002,13.524721577000037],[121.98596655400002,13.524820885000054],[121.9856065990001,13.524760014000037],[121.98506504900001,13.524302031000047],[121.98457528600011,13.524635948000025],[121.98401735400012,13.524353435000023],[121.98285784000007,13.522953400000063],[121.98238573100002,13.522535381000068],[121.98172058800003,13.522367818000077],[121.98149022100006,13.522067037000056],[121.98102353400009,13.521916194000028],[121.98082082600001,13.521486190000076],[121.98090392600011,13.521075419000056],[121.98076585600006,13.520889131000047],[121.98021840500007,13.521200399000065],[121.97954703000005,13.521155236000027],[121.97932105000007,13.520935583000039],[121.9790357600001,13.520964863000074],[121.97873672100002,13.521325198000056],[121.97895898700006,13.521797664000076],[121.97833044100003,13.521460873000024],[121.9783606530001,13.522000860000048],[121.97766604000003,13.52242300000006],[121.97767795200002,13.522914301000071],[121.97728897700006,13.523211008000033],[121.97738175300003,13.523611938000045],[121.9770614900001,13.524234500000034],[121.976592675,13.524702791000038],[121.9756930960001,13.525157275000026],[121.97516354100003,13.525054279000074],[121.97485384300012,13.525159918000043],[121.97457329600002,13.525008366000066],[121.97411239700011,13.52498035700006],[121.9740680110001,13.525507538000056],[121.97385184000007,13.525785983000048],[121.97347477500011,13.52603937400005],[121.97305054800006,13.526174167000022],[121.97151944400002,13.527009067000051],[121.9715508050001,13.527402281000036],[121.97179681300008,13.52767685300006],[121.97183980800003,13.527937403000067],[121.97168980600009,13.52883891700003],[121.97185245800006,13.529077613000027],[121.97136776600007,13.529216537000025],[121.97099264700012,13.528978456000061],[121.97042238600011,13.528099498000074],[121.97016602500003,13.528207105000035],[121.97025587500002,13.528693562000058],[121.97006855400002,13.529010244000062],[121.96880519900003,13.52941657200006],[121.96855266900002,13.52968766500004],[121.96783516700009,13.529258201000061],[121.96742276500004,13.529215414000078],[121.96691480000004,13.528981114000032],[121.96672954200005,13.529219139000077],[121.96676613700004,13.529595932000063],[121.96724672900007,13.530373677000057],[121.96760105900012,13.530159277000052],[121.96765110800004,13.529576747000021],[121.96805994700003,13.52959990900007],[121.96816743600004,13.52989969600003],[121.96816047800007,13.530348734000029],[121.96767509300003,13.531578065000076],[121.96688182000003,13.532567906000054],[121.96639830400011,13.533010838000052],[121.96609401400008,13.533499616000029],[121.96614030300009,13.534883000000036],[121.96610145200009,13.535308156000042],[121.96621669900003,13.535820939000075],[121.96608154900002,13.536989713000025],[121.96624625700008,13.539158375000056],[121.96628614500003,13.54081420700004],[121.96642260700003,13.541459752000037],[121.96699491300001,13.542242178000038],[121.96723018300008,13.541886008000063],[121.96794709400001,13.542713438000021],[121.96810225200011,13.54334252700005],[121.96767550700008,13.545083617000046],[121.96756329800007,13.545986731000028],[121.96722070900012,13.547256779000065],[121.96713257800002,13.548911574000044],[121.96736188800003,13.54944497300005],[121.9675971480001,13.549615696000046],[121.96767537300002,13.549916028000041],[121.96801088200004,13.550033867000025],[121.96799887400005,13.551091744000075],[121.96809588500003,13.551327447000062],[121.96850402600012,13.551699916000075],[121.96951362900006,13.552375631000075],[121.96971733300006,13.55266789500007],[121.97001080400003,13.553407810000067],[121.97021672700009,13.553706532000035],[121.97126895400004,13.55427488600003],[121.97159459300008,13.55451318300004],[121.97180150700001,13.554941420000034],[121.97155638400011,13.555280333000042],[121.97174270400001,13.555549331000066],[121.97194173200012,13.556119944000045],[121.97200308100003,13.556570540000052],[121.97223403700002,13.557272530000034],[121.97257504100003,13.557782678000024],[121.97298873800003,13.557585257000028],[121.97329130100002,13.557078756000067],[121.97323479300007,13.556783292000034],[121.97337058500011,13.55651638300003],[121.97301617800008,13.556158061000076],[121.97335955400001,13.556074523000063],[121.9735617130001,13.556519267000056],[121.97358983800007,13.556825106000076],[121.9732444220001,13.55755229600004],[121.97283354400008,13.55807377800005],[121.97227921600006,13.558516001000044],[121.97192638400008,13.558495168000036],[121.97156327500011,13.55829026300006],[121.97085570600007,13.558206849000044],[121.96999391400004,13.557692576000022],[121.96995099200001,13.557237247000046],[121.96944110400011,13.556491712000025],[121.96887841400007,13.555541682000069],[121.96867537900005,13.55535046700004],[121.96804505400007,13.55441640500004],[121.96681378500011,13.552148657000032],[121.96636116600007,13.551651547000063],[121.96619433400008,13.551315837000061],[121.96606841000005,13.550728713000069],[121.96572991500011,13.55005410700005],[121.96533631300008,13.54895078100003],[121.96495990300002,13.54802180400003],[121.96492460700006,13.54742264500004],[121.96500444100002,13.54701761800004],[121.96485617600001,13.546123863000048],[121.9643265310001,13.545347897000056],[121.96462589400005,13.54464297100003],[121.96458380800004,13.544456039000067],[121.96408636000001,13.543931619000034],[121.96451685300008,13.542972621000047],[121.96472469000003,13.542676689000075],[121.96548934200007,13.542409820000046],[121.96521954800005,13.541774713000052],[121.964715049,13.540199791000077],[121.96474292000005,13.539473242000042],[121.96537508600011,13.539103113000067],[121.96561590900001,13.537709886000073],[121.96546275500009,13.537158549000026],[121.96550217700008,13.536709186000053],[121.96578014700003,13.536643384000058],[121.96578966800007,13.535993475000055],[121.96569250700009,13.535335479000025],[121.96540750700001,13.535121587000049],[121.96541345000003,13.53482351200006],[121.96561143600002,13.534195928000031],[121.96577332000004,13.533950237000056],[121.9658127140001,13.533053639000059],[121.96565549500008,13.532517661000043],[121.96561279000002,13.532046215000037],[121.9652855600001,13.531777028000022],[121.9652357110001,13.531105655000033],[121.96552967800005,13.53075261400005],[121.96563219500001,13.530392230000075],[121.96570112800009,13.529577462000077],[121.96546712700001,13.529442526000025],[121.9653710880001,13.528793293000035],[121.96426247900001,13.529217109000058],[121.96361818700007,13.529381754000042],[121.96316901400007,13.529320988000052],[121.96292848100006,13.529444284000022],[121.96217223400004,13.529149966000034],[121.96166389600012,13.528671686000052],[121.96134007600006,13.528944296000077],[121.96156960100006,13.529082079000034],[121.96167243500008,13.52945240200006],[121.96143284400011,13.52964486600007],[121.96077305000006,13.529755124000076],[121.96039629600011,13.529736221000064],[121.96016979700005,13.530066195000074],[121.959785624,13.530187815000033],[121.95993894000003,13.530128311000055],[121.9589779800001,13.52602593000006],[121.95994710000002,13.524324070000034],[121.96002856700011,13.524247216000049],[121.96654945700004,13.51530733900006],[121.9737149130001,13.511691127000063],[121.9763302,13.507080560000077],[121.99156255000003,13.501590580000027],[121.99189740000008,13.50560267000003],[121.99197435000008,13.505645080000022],[121.9934969200001,13.511788340000066],[121.99842420000004,13.522590582000078]]]},"properties":{"psgc_code":1704005019,"name":"Ipil","corr_code":174005019,"geo_level":"Bgy","city_class":"","inc_class":"","urb_rur":"","pop_2015":"R","pop_2020":"","status":"","adm4_pcode":"PH1704005019","adm4_en":"Ipil","adm3_pcode":"PH1704005","adm2_pcode":"PH17040","adm1_pcode":"PH17","adm0_pcode":"PH","shape_len":0.216077621872,"shape_area":0.000625773086133,"shape_sqkm":7.49472231808}},
{"type":"Feature","geometry":{"type":"Polygon","coordinates":[[[122.06222803300011,13.426225868000074],[122.06246850000002,13.427173780000032],[122.06236364000006,13.42801122000003],[122.06208310000011,13.428744550000033],[122.06177431000003,13.430515310000033],[122.05975863000003,13.438095240000052],[122.05046402000005,13.435456610000074],[122.0392162600001,13.422277160000021],[122.03882575000011,13.418314030000033],[122.04904287000011,13.415255140000056],[122.05863242300006,13.422795310000026],[122.05897772000003,13.422918053000046],[122.0591054780001,13.423182380000071],[122.05841717400006,13.423947443000031],[122.05792511300001,13.424367099000051],[122.05789927800004,13.42481020300005],[122.05809114100009,13.425274879000028],[122.05845749600007,13.425476895000031],[122.05912135800008,13.42553014300006],[122.06054064900002,13.425426408000021],[122.06111959900011,13.425645990000021],[122.06222803300011,13.426225868000074]]]},"properties":{"psgc_code":1704005020,"name":"Jolo","corr_code":174005020,"geo_level":"Bgy","city_class":"","inc_class":"","urb_rur":"","pop_2015":"R","pop_2020":"","status":"","adm4_pcode":"PH1704005020","adm4_en":"Jolo","adm3_pcode":"PH1704005","adm2_pcode":"PH17040","adm1_pcode":"PH17","adm0_pcode":"PH","shape_len":0.0737441838491,"shape_area":0.000310407581358,"shape_sqkm":3.71908943559}},
{"type":"Feature","geometry":{"type":"Polygon","coordinates":[[[122.03646423000009,13.441359900000066],[122.02888473000007,13.453931840000052],[122.01530864000006,13.455857750000064],[122.01451664000001,13.455386600000054],[122.00713227000006,13.452113380000071],[122.00669599000003,13.435595250000063],[122.00034485000003,13.424647390000075],[122.0046182000001,13.423608290000061],[122.00915415000009,13.423351050000065],[122.01841724000008,13.421381470000028],[122.03646423000009,13.441359900000066]]]},"properties":{"psgc_code":1704005021,"name":"Kaganhao","corr_code":174005021,"geo_level":"Bgy","city_class":"","inc_class":"","urb_rur":"","pop_2015":"R","pop_2020":"","status":"","adm4_pcode":"PH1704005021","adm4_en":"Kaganhao","adm3_pcode":"PH1704005","adm2_pcode":"PH17040","adm1_pcode":"PH17","adm0_pcode":"PH","shape_len":0.111905453678,"shape_area":0.000774852174196,"shape_sqkm":9.28325459114}},
{"type":"Feature","geometry":{"type":"Polygon","coordinates":[[[122.03286718200002,13.529337671000064],[122.0324980040001,13.529600843000026],[122.03243971000006,13.529944613000055],[122.03191825300007,13.530315978000033],[122.03125023300004,13.531284051000057],[122.03066840000008,13.53173268300003],[122.02982303900001,13.533020381000028],[122.02949844200009,13.533108900000059],[122.02887600300005,13.53285893800006],[122.02766939100002,13.532827148000024],[122.02757035200011,13.532629487000065],[122.02720940600011,13.532928956000035],[122.02688321100004,13.532683507000058],[122.02656618800006,13.533253734000027],[122.0255402030001,13.53391516000005],[122.02537034800002,13.53481849700006],[122.02541354200002,13.535343760000046],[122.02597824500003,13.536136106000072],[122.02597839400005,13.536532143000045],[122.02558502600004,13.536795734000066],[122.02467476900006,13.537164485000062],[122.02393045500003,13.537110334000033],[122.02362228900006,13.537257237000063],[122.023068781,13.537908757000025],[122.02262216400004,13.538243988000033],[122.02238482000007,13.538630687000023],[122.02232577100006,13.539184228000067],[122.02209874700009,13.539979408000022],[122.02175057900001,13.54026897700004],[122.02130570400004,13.53999340100006],[122.02042869200011,13.540559882000025],[122.01988200100004,13.541053747000035],[122.01901942800009,13.541710625000064],[122.01831625500006,13.542000458000075],[122.01801404000003,13.54229510600004],[122.01787774900004,13.543060732000072],[122.01755327300009,13.543545272000074],[122.01707260700005,13.543723981000028],[122.0154028820001,13.543968937000045],[122.01466275900009,13.544226380000055],[122.01412173400001,13.544522852000057],[122.01345111500007,13.545031261000076],[122.0130870700001,13.545505751000064],[122.01296923900009,13.546064099000034],[122.01307348600005,13.546664028000066],[122.0130126790001,13.546934511000075],[122.01265744700004,13.547346924000067],[122.01252842400004,13.547802191000073],[122.0118924300001,13.547816583000042],[122.01097441800005,13.54820139900005],[122.01044834800007,13.548618332000046],[122.00977219600009,13.54882628300004],[122.0095487750001,13.549242811000056],[122.00930077800001,13.549452244000065],[122.00885631500012,13.549470877000033],[122.00852647600004,13.549157109000078],[122.00841262000006,13.548788072000036],[122.00796819100003,13.548359772000026],[122.00749364300009,13.54818837700003],[122.00604779600008,13.547888486000033],[122.00581167000007,13.547544350000067],[122.00597313900005,13.547096989000067],[122.00561734900009,13.546768394000026],[122.00559179300001,13.546069930000044],[122.00544998600003,13.545757550000076],[122.00490069800003,13.545232058000067],[122.0045342200001,13.545092853000028],[122.00442997000005,13.544831316000057],[122.00463331200001,13.544265222000035],[122.00433712100005,13.544282166000073],[122.00417842500008,13.543837820000022],[122.00446313900011,13.543532196000058],[122.00424876200009,13.543131690000052],[122.00380805700001,13.542836484000077],[122.00380702900009,13.542336969000075],[122.00428688300008,13.541828753000061],[122.00481504600009,13.54137079000003],[122.00497981300009,13.540948785000069],[122.00506982600007,13.540049320000037],[122.00463913600004,13.540032659000076],[122.00464544900001,13.539417975000049],[122.00485377000007,13.539038806000065],[122.00505088200009,13.538977385000067],[122.00521038800002,13.53823853700004],[122.00552087200003,13.537893979000046],[122.00587991400005,13.537863249000054],[122.00642655000001,13.538059997000062],[122.00686019700004,13.538026170000023],[122.0071123990001,13.537786912000058],[122.00765562900006,13.537788105000061],[122.00808165800004,13.537884096000028],[122.00830164800004,13.537686464000046],[122.00918441700003,13.537670310000067],[122.009687815,13.537842945000023],[122.01002542300012,13.537543301000028],[122.01058521000004,13.537769712000056],[122.01060743900007,13.537517696000066],[122.01033527700008,13.537336181000057],[122.01008131300011,13.536844540000061],[122.0104876040001,13.536642767000046],[122.01086526900008,13.536294690000034],[122.0113173420001,13.536073744000078],[122.01159623100011,13.535633353000037],[122.01030267500005,13.535482028000047],[122.0093573910001,13.53561049600006],[122.00879848200009,13.53562290800005],[122.00713720800002,13.535523510000075],[122.0068321870001,13.535267803000067],[122.0064420000001,13.535448755000061],[122.00556343800008,13.535327642000027],[122.00522621900006,13.535366814000042],[122.00435389400002,13.535819677000063],[122.00387521100004,13.535723382000072],[122.00338885100007,13.53577665000006],[122.00312983600008,13.535673752000037],[122.00279165000006,13.535772326000028],[122.00274492300002,13.535772811000072],[122.00893412000005,13.530797490000054],[122.01292517000002,13.52934399000003],[122.01483951000012,13.529019520000077],[122.03286718200002,13.529337671000064]]]},"properties":{"psgc_code":1704005022,"name":"Kalangkang","corr_code":174005022,"geo_level":"Bgy","city_class":"","inc_class":"","urb_rur":"","pop_2015":"R","pop_2020":"","status":"","adm4_pcode":"PH1704005022","adm4_en":"Kalangkang","adm3_pcode":"PH1704005","adm2_pcode":"PH17040","adm1_pcode":"PH17","adm0_pcode":"PH","shape_len":0.10872484843,"shape_area":0.000300958675949,"shape_sqkm":3.60424930846}},
{"type":"Feature","geometry":{"type":"Polygon","coordinates":[[[122.00279165000006,13.535772326000028],[122.0026537440001,13.536007334000033],[122.00214042800008,13.536067643000024],[122.00203137000005,13.535829998000054],[122.00112904000002,13.535895799000059],[122.00052923300007,13.536044996000044],[122.00036866900007,13.535790561000056],[122.00013611600002,13.536169464000068],[121.99974659400004,13.536291737000056],[121.99913752100008,13.536122686000056],[121.99867095900004,13.535827034000022],[121.99834247000001,13.535324581000054],[121.99788413600004,13.534898940000062],[121.99753704900002,13.535163218000037],[121.99721282400003,13.535163931000056],[121.99684536900008,13.534779386000025],[121.99657172400009,13.534706209000035],[121.99633121900001,13.534378854000067],[121.99619647500003,13.533869168000024],[121.99573132500007,13.53323038800005],[121.99546304100011,13.532984136000039],[121.99502562200007,13.532780151000054],[121.9947830430001,13.532408985000075],[121.99480352100011,13.531784298000048],[121.99526266600003,13.531205507000038],[121.99583400300003,13.53109093200004],[121.99609209500011,13.530657055000063],[121.9965282600001,13.530147858000078],[121.99783252600002,13.529527479000024],[121.99854280800002,13.528729777000024],[121.99913769900002,13.528294939000034],[121.9992237560001,13.52783757900005],[121.99955757900011,13.526857902000074],[121.99952537200011,13.526562343000023],[121.99970863900012,13.526065867000057],[121.99947007800006,13.525105181000072],[121.99963193100007,13.524589934000062],[121.99955092500011,13.524144112000045],[121.99967586900004,13.52379661200007],[121.99935067900003,13.523115174000054],[121.9989888880001,13.522588923000058],[121.99929609300011,13.52223869900007],[121.99903061600003,13.522129446000065],[121.99842420000004,13.522590582000078],[121.9934969200001,13.511788340000066],[121.99197435000008,13.505645080000022],[121.99314605000006,13.505848000000071],[122.0036718,13.505841630000077],[122.00748783000006,13.51425732000007],[122.00769226000011,13.519386540000028],[122.00604036000004,13.526902930000062],[122.00893412000005,13.530797490000054],[122.00274492300002,13.535772811000072],[122.00279165000006,13.535772326000028]]]},"properties":{"psgc_code":1704005023,"name":"Kamandugan","corr_code":174005023,"geo_level":"Bgy","city_class":"","inc_class":"","urb_rur":"","pop_2015":"R","pop_2020":"","status":"","adm4_pcode":"PH1704005023","adm4_en":"Kamandugan","adm3_pcode":"PH1704005","adm2_pcode":"PH17040","adm1_pcode":"PH17","adm0_pcode":"PH","shape_len":0.100585956254,"shape_area":0.000311767146277,"shape_sqkm":3.73395541495}},
{"type":"Feature","geometry":{"type":"Polygon","coordinates":[[[122.03286718200002,13.529337671000064],[122.01483951000012,13.529019520000077],[122.01292517000002,13.52934399000003],[122.00893412000005,13.530797490000054],[122.00604036000004,13.526902930000062],[122.00769226000011,13.519386540000028],[122.00748783000006,13.51425732000007],[122.0104431200001,13.514448260000052],[122.02047793000008,13.507272340000043],[122.02647091000006,13.507256160000054],[122.02636840000002,13.510217990000058],[122.02814923800008,13.512293856000042],[122.02842378800005,13.512222577000045],[122.02808167100011,13.512426895000033],[122.02767822500005,13.512408893000043],[122.02751796400003,13.512552068000048],[122.02569317600012,13.512852205000058],[122.02553954900009,13.512644827000031],[122.02450110600012,13.513187587000061],[122.02429009100001,13.512902127000075],[122.02387314900011,13.513258313000051],[122.02352494200011,13.513695820000066],[122.02384110100002,13.513815523000062],[122.02409833800004,13.514237361000028],[122.02438133500004,13.514075861000038],[122.02465643000005,13.514121611000064],[122.02520646700009,13.514452303000041],[122.02506592400005,13.514692337000042],[122.02549420900004,13.514808059000075],[122.0264629180001,13.515198582000039],[122.02775527100005,13.516166576000046],[122.02836323800011,13.516402046000053],[122.02841998300005,13.516232863000027],[122.02947812700006,13.516345814000033],[122.0297048330001,13.516686913000058],[122.03052679000007,13.516911629000049],[122.03156037800011,13.517506100000048],[122.031948424,13.517484226000022],[122.03208327800007,13.517708122000045],[122.03260949000003,13.51783438900003],[122.03276979500004,13.518081578000022],[122.03305832500007,13.51800348200004],[122.03374150600007,13.518156155000042],[122.03412877100004,13.518113490000076],[122.03462842600004,13.518477972000028],[122.03506787600008,13.518647317000045],[122.0352460470001,13.518913301000055],[122.03602989300009,13.518983287000026],[122.03642135300004,13.519345359000056],[122.03645059100006,13.519586366000055],[122.03616532700005,13.51987424300006],[122.03576989500004,13.520076327000027],[122.03559632100007,13.520495913000047],[122.03523007700005,13.520557482000072],[122.03529137700002,13.520972057000051],[122.0347771800001,13.521637196000029],[122.03430254000011,13.521756893000031],[122.03466756400007,13.522046915000033],[122.0346676900001,13.522387282000068],[122.03446220500007,13.522437077000063],[122.03414351300012,13.523021995000022],[122.03374961400004,13.523339166000028],[122.03346543900011,13.523692703000052],[122.03339651600004,13.52397602600007],[122.03280217200006,13.524290101000076],[122.03280446200006,13.524511541000038],[122.03246505400011,13.524766460000023],[122.03250569800002,13.525428178000027],[122.03241352500004,13.525589103000073],[122.0326691350001,13.526357132000044],[122.03281624700003,13.526430678000054],[122.03297643500002,13.526970863000031],[122.03295948300001,13.528605352000056],[122.03286718200002,13.529337671000064]]]},"properties":{"psgc_code":1704005024,"name":"Kasily","corr_code":174005024,"geo_level":"Bgy","city_class":"","inc_class":"","urb_rur":"","pop_2015":"R","pop_2020":"","status":"","adm4_pcode":"PH1704005024","adm4_en":"Kasily","adm3_pcode":"PH1704005","adm2_pcode":"PH17040","adm1_pcode":"PH17","adm0_pcode":"PH","shape_len":0.112973796203,"shape_area":0.000458059199163,"shape_sqkm":5.48604388705}},
{"type":"Feature","geometry":{"type":"Polygon","coordinates":[[[122.00713227000006,13.452113380000071],[121.99825533,13.461011530000064],[121.98606301000007,13.442322400000023],[121.9863197730001,13.441226898000025],[121.98627772700002,13.440548281000076],[121.98614436500009,13.44037781700007],[121.98518526400005,13.44032644300006],[121.98439537800004,13.440076565000027],[121.98361941600001,13.439366638000024],[121.98419492900007,13.437846845000024],[121.98654556000008,13.436809370000049],[121.98903845000007,13.432843559000048],[121.99340411000003,13.429317103000074],[121.99601363900001,13.425478660000067],[122.00034485000003,13.424647390000075],[122.00669599000003,13.435595250000063],[122.00713227000006,13.452113380000071]]]},"properties":{"psgc_code":1704005025,"name":"Kilo-kilo","corr_code":174005025,"geo_level":"Bgy","city_class":"","inc_class":"","urb_rur":"","pop_2015":"R","pop_2020":"","status":"","adm4_pcode":"PH1704005025","adm4_en":"Kilo-kilo","adm3_pcode":"PH1704005","adm2_pcode":"PH17040","adm1_pcode":"PH17","adm0_pcode":"PH","shape_len":0.0924691359978,"shape_area":0.000506727357225,"shape_sqkm":6.0708686174}},
{"type":"Feature","geometry":{"type":"Polygon","coordinates":[[[122.03050942400012,13.47320988100006],[122.02998521000006,13.473163862000035],[122.02985776100002,13.472163625000064],[122.02959291600007,13.471919790000072],[122.02925994400005,13.471949504000065],[122.02889174100005,13.472137667000027],[122.02862302900007,13.472548017000065],[122.02914191000002,13.473105846000067],[122.02883383200003,13.473577569000042],[122.02825504600003,13.473783265000066],[122.02810534000002,13.473603247000028],[122.02824567100004,13.473007245000076],[122.02811434300008,13.47282537600006],[122.02753466500008,13.473067714000024],[122.02729315800002,13.472984300000064],[122.02668284800006,13.47245781600003],[122.02619188100005,13.472257554000066],[122.02609909000012,13.472373950000076],[122.01854574000004,13.459453750000023],[122.01451664000001,13.455386600000054],[122.01530864000006,13.455857750000064],[122.02888473000007,13.453931840000052],[122.03646423000009,13.441359900000066],[122.03967618000001,13.44664344000006],[122.03956453,13.451851110000064],[122.03422866400001,13.465561194000031],[122.03161924000005,13.471897100000035],[122.03050942400012,13.47320988100006]]]},"properties":{"psgc_code":1704005026,"name":"Kinyaman","corr_code":174005026,"geo_level":"Bgy","city_class":"","inc_class":"","urb_rur":"","pop_2015":"R","pop_2020":"","status":"","adm4_pcode":"PH1704005026","adm4_en":"Kinyaman","adm3_pcode":"PH1704005","adm2_pcode":"PH17040","adm1_pcode":"PH17","adm0_pcode":"PH","shape_len":0.0933571668005,"shape_area":0.00033705195086,"shape_sqkm":4.03778946768}},
{"type":"Feature","geometry":{"type":"Polygon","coordinates":[[[122.00034485000003,13.424647390000075],[121.99601363900001,13.425478660000067],[121.99340411000003,13.429317103000074],[121.98903845000007,13.432843559000048],[121.98654556000008,13.436809370000049],[121.98419492900007,13.437846845000024],[121.98361941600001,13.439366638000024],[121.98439537800004,13.440076565000027],[121.98518526400005,13.44032644300006],[121.98614436500009,13.44037781700007],[121.98627772700002,13.440548281000076],[121.9863197730001,13.441226898000025],[121.98606301000007,13.442322400000023],[121.97483774300008,13.440725190000023],[121.95955432000005,13.433903110000074],[121.9662669700001,13.426973370000042],[121.97767728300005,13.414696176000064],[121.97919126300008,13.413326384000072],[121.9806691980001,13.412389157000064],[121.98207503700007,13.411920544000054],[121.98358993000011,13.41245114000003],[122.00034485000003,13.424647390000075]]]},"properties":{"psgc_code":1704005027,"name":"Labo","corr_code":174005027,"geo_level":"Bgy","city_class":"","inc_class":"","urb_rur":"","pop_2015":"R","pop_2020":"","status":"","adm4_pcode":"PH1704005027","adm4_en":"Labo","adm3_pcode":"PH1704005","adm2_pcode":"PH17040","adm1_pcode":"PH17","adm0_pcode":"PH","shape_len":0.110491573735,"shape_area":0.000622672735542,"shape_sqkm":7.4603875661}},
{"type":"Feature","geometry":{"type":"Polygon","coordinates":[[[121.95829737000008,13.494882800000028],[121.95633450000003,13.495312960000035],[121.95577316000004,13.49537046000006],[121.9500246,13.498371770000062],[121.94561169000008,13.494250630000067],[121.9456237600001,13.494204530000047],[121.94255088000011,13.493776300000036],[121.94369467000001,13.491879980000022],[121.94564704700008,13.487784217000069],[121.9589484170001,13.470711936000043],[121.95905356100002,13.470398954000075],[121.95916088800004,13.47004031800003],[121.95958151700006,13.46930879000007],[121.96003872300003,13.46835780300006],[121.96051421600009,13.467534833000059],[121.96098970900005,13.466839881000055],[121.96210529000007,13.465724300000034],[121.96241619000011,13.464901330000032],[121.96254420800005,13.464206377000039],[121.96403998000005,13.46531882000005],[121.97108941200008,13.467298103000076],[121.96846736200007,13.472577815000022],[121.96650705500008,13.475148726000043],[121.96405718200003,13.478589950000071],[121.96428292700011,13.484929472000033],[121.96099794000008,13.48960463000003],[121.96092878000002,13.489645780000046],[121.95932306000009,13.492915980000078],[121.95829737000008,13.494882800000028]]]},"properties":{"psgc_code":1704005028,"name":"Lamesa","corr_code":174005028,"geo_level":"Bgy","city_class":"","inc_class":"","urb_rur":"","pop_2015":"R","pop_2020":"","status":"","adm4_pcode":"PH1704005028","adm4_en":"Lamesa","adm3_pcode":"PH1704005","adm2_pcode":"PH17040","adm1_pcode":"PH17","adm0_pcode":"PH","shape_len":0.0947395179994,"shape_area":0.000401042966154,"shape_sqkm":4.8039191553}},
{"type":"Feature","geometry":{"type":"Polygon","coordinates":[[[122.01102583000011,13.493741520000071],[122.00342696000007,13.495097040000076],[122.00331104000009,13.495055300000047],[121.99963692000006,13.491286210000055],[121.99958587000003,13.491166930000077],[122.00287635000007,13.484220350000044],[122.00921559000005,13.482470370000044],[122.01046499000006,13.484136190000072],[122.0108825000001,13.48918537000003],[122.01062676000004,13.49313576000003],[122.01102583000011,13.493741520000071]]]},"properties":{"psgc_code":1704005029,"name":"Landy","corr_code":174005029,"geo_level":"Bgy","city_class":"","inc_class":"","urb_rur":"","pop_2015":"R","pop_2020":"","status":"","adm4_pcode":"PH1704005029","adm4_en":"Landy","adm3_pcode":"PH1704005","adm2_pcode":"PH17040","adm1_pcode":"PH17","adm0_pcode":"PH","shape_len":0.039330962077,"shape_area":0.000104342290664,"shape_sqkm":1.24983717011}},
{"type":"Feature","geometry":{"type":"MultiPolygon","coordinates":[[[[122.04457819600009,13.48629670500003],[122.04356631000007,13.486229559000037],[122.0418416760001,13.48603107300005],[122.04120840400003,13.485821438000073],[122.04152945600003,13.485424499000032],[122.04181220300006,13.485252616000025],[122.04275762600003,13.484472880000055],[122.0434421860001,13.484085681000067],[122.04395014200009,13.48397508100004],[122.04463005700006,13.484179408000045],[122.04438141900005,13.484638161000078],[122.04401815400001,13.484573071000057],[122.04324038200002,13.48486316900005],[122.04301111900008,13.485025474000054],[122.04304983500003,13.485523278000073],[122.04393348300005,13.485626703000037],[122.04442711800004,13.485465178000027],[122.0446661960001,13.485671866000075],[122.04475438800011,13.486233708000043],[122.04457819600009,13.48629670500003]]],[[[122.04378762400006,13.483442242000024],[122.04298801900006,13.483977809000066],[122.04228757100009,13.484281724000027],[122.04148985000006,13.485273713000026],[122.04066358900002,13.485487387000035],[122.04049307700006,13.485660120000034],[122.04058401000009,13.486054718000048],[122.04142717800005,13.486037124000063],[122.04272063700012,13.486257265000063],[122.0430166220001,13.486433637000061],[122.04332379000004,13.48633981000006],[122.04398793700011,13.486981339000067],[122.04384855100011,13.487188967000066],[122.04309803400008,13.487000249000062],[122.04270426500011,13.487026324000055],[122.04263170000002,13.487335735000045],[122.0428926190001,13.487725430000069],[122.04016468000009,13.491532380000024],[122.03674042000011,13.491332980000038],[122.03412979000007,13.489713090000066],[122.03560233100006,13.487390748000053],[122.03480688700006,13.486900898000044],[122.03436022100004,13.486490253000056],[122.03398559800007,13.486497457000041],[122.03332978900005,13.48624823800003],[122.03302742700009,13.486353372000053],[122.03254473900006,13.486202081000044],[122.03175494000004,13.486079540000048],[122.03106785900002,13.48570498500004],[122.02996560200006,13.484934126000041],[122.02957632000005,13.484753020000028],[122.02946850500007,13.484379395000076],[122.02978549500006,13.483759826000039],[122.0298647410001,13.482477462000077],[122.03026818300009,13.482563913000035],[122.03032581700006,13.482823267000072],[122.03059237600007,13.482852085000047],[122.03043388100002,13.482138860000077],[122.03046990200005,13.481829075000064],[122.03078689200004,13.481202301000053],[122.03119753600004,13.480993377000061],[122.03064831300003,13.480621879000068],[122.02995145200009,13.48004002600004],[122.02991964800003,13.479704942000069],[122.0302274710001,13.47933464600004],[122.03061934800007,13.479215379000038],[122.03076246900002,13.47889506100006],[122.03040807500008,13.478346432000023],[122.03038105400003,13.478130023000062],[122.03070204500011,13.477473079000049],[122.03131102700002,13.476995465000073],[122.0315036820001,13.476561170000025],[122.03152506000004,13.475935168000035],[122.03132039800005,13.475757615000077],[122.03070025000011,13.47564348000003],[122.03104416000008,13.475425630000075],[122.0315040700001,13.47575764000004],[122.03238647,13.476026371000046],[122.03298989200005,13.476302517000022],[122.0329911230001,13.475559566000072],[122.03316691600003,13.474890307000067],[122.03377922300001,13.474975653000058],[122.03409150400012,13.474747481000065],[122.03424267300011,13.474330612000074],[122.03516089200002,13.473175813000069],[122.03524153700005,13.472872749000032],[122.03588840300006,13.47260405700007],[122.03614445200003,13.472099660000026],[122.03649237400009,13.471670759000062],[122.03690436600004,13.471499019000078],[122.03747748300009,13.471048171000064],[122.03804523800011,13.47079072200006],[122.03825363400006,13.470243757000048],[122.03868355400004,13.470066534000068],[122.03921557500007,13.470129857000074],[122.03957495500003,13.470060555000032],[122.03994508800008,13.47036295600003],[122.04025888100011,13.470434884000042],[122.04076849600006,13.470048637000048],[122.0413206820001,13.469526980000069],[122.04168467000011,13.469358209000063],[122.0427719490001,13.46911792000003],[122.04357550200007,13.469011683000076],[122.04389547800008,13.479842059000077],[122.04348517000005,13.481287770000051],[122.04378762400006,13.483442242000024]]]]},"properties":{"psgc_code":1704005030,"name":"Lapu-lapu Pob.","corr_code":174005030,"geo_level":"Bgy","city_class":"5th Zone","inc_class":"","urb_rur":"","pop_2015":"R","pop_2020":"","status":"","adm4_pcode":"PH1704005030","adm4_en":"Lapu-lapu Pob. (5th Zone)","adm3_pcode":"PH1704005","adm2_pcode":"PH17040","adm1_pcode":"PH17","adm0_pcode":"PH","shape_len":0.0933334975758,"shape_area":0.00022171249096,"shape_sqkm":2.65581867584}},
{"type":"Feature","geometry":{"type":"Polygon","coordinates":[[[122.02609909000012,13.472373950000076],[122.02609385900007,13.473074703000066],[122.0258767360001,13.473265057000049],[122.02502014100003,13.473351311000044],[122.02456507600004,13.473556537000036],[122.0245234360001,13.473806377000074],[122.02400130000001,13.474024604000022],[122.02365884900007,13.474360405000027],[122.02330974900008,13.474396978000073],[122.02304376900008,13.474689557000033],[122.02230846000009,13.474807720000058],[122.01205672000003,13.472444610000025],[121.99825533,13.461011530000064],[122.00713227000006,13.452113380000071],[122.01451664000001,13.455386600000054],[122.01854574000004,13.459453750000023],[122.02609909000012,13.472373950000076]]]},"properties":{"psgc_code":1704005031,"name":"Libjo","corr_code":174005031,"geo_level":"Bgy","city_class":"","inc_class":"","urb_rur":"","pop_2015":"R","pop_2020":"","status":"","adm4_pcode":"PH1704005031","adm4_en":"Libjo","adm3_pcode":"PH1704005","adm2_pcode":"PH17040","adm1_pcode":"PH17","adm0_pcode":"PH","shape_len":0.0750076925409,"shape_area":0.000327831074666,"shape_sqkm":3.92724332514}},
{"type":"Feature","geometry":{"type":"Polygon","coordinates":[[[122.03175494000004,13.486079540000048],[122.03165939000007,13.486342390000061],[122.01760772000011,13.497244480000063],[122.01102583000011,13.493741520000071],[122.01062676000004,13.49313576000003],[122.0108825000001,13.48918537000003],[122.01046499000006,13.484136190000072],[122.00921559000005,13.482470370000044],[122.00969285000008,13.482077600000025],[122.0229149380001,13.480166748000045],[122.02369968000005,13.479883800000039],[122.02501352900003,13.480535582000073],[122.02544155800001,13.479578937000042],[122.02556072400012,13.478849903000025],[122.02527105500008,13.478320016000055],[122.02544528900012,13.478114127000026],[122.02585615200007,13.478145299000062],[122.02648715300006,13.477415944000029],[122.02671396200003,13.476861389000021],[122.02692176900007,13.477316316000042],[122.02672332500003,13.478219757000033],[122.02685388000009,13.478721090000022],[122.02661365900008,13.479149311000072],[122.02636821500005,13.479050090000044],[122.02596088200005,13.479399977000071],[122.02620632600008,13.479687199000068],[122.02619941300009,13.480011516000047],[122.02669441300009,13.480064825000056],[122.02691525700004,13.480217132000064],[122.02741025600005,13.479981055000053],[122.02765653000006,13.480086560000075],[122.02762348600004,13.480399900000066],[122.02803471600009,13.480681669000035],[122.02819463800006,13.480978668000034],[122.02814133100003,13.481306128000028],[122.02854494500002,13.481831589000024],[122.02884956000003,13.481999126000062],[122.02911609700004,13.482341818000066],[122.02914655900008,13.482646432000024],[122.02902471300001,13.483362276000037],[122.02875056000005,13.483529814000065],[122.02869128000009,13.484052460000044],[122.0291237130001,13.484474120000073],[122.02918463500009,13.484717811000053],[122.02957632000005,13.484753020000028],[122.02996560200006,13.484934126000041],[122.03106785900002,13.48570498500004],[122.03175494000004,13.486079540000048]]]},"properties":{"psgc_code":1704005032,"name":"Lipa","corr_code":174005032,"geo_level":"Bgy","city_class":"","inc_class":"","urb_rur":"","pop_2015":"R","pop_2020":"","status":"","adm4_pcode":"PH1704005032","adm4_en":"Lipa","adm3_pcode":"PH1704005","adm2_pcode":"PH17040","adm1_pcode":"PH17","adm0_pcode":"PH","shape_len":0.0728964402464,"shape_area":0.000247340666133,"shape_sqkm":2.96272733032}},
{"type":"Feature","geometry":{"type":"Polygon","coordinates":[[[122.0036718,13.505841630000077],[121.99314605000006,13.505848000000071],[121.99197435000008,13.505645080000022],[121.99189740000008,13.50560267000003],[121.99156255000003,13.501590580000027],[121.99793700800001,13.496122223000043],[122.00331104000009,13.495055300000047],[122.00342696000007,13.495097040000076],[122.00461074000009,13.498052330000064],[122.00462482000012,13.498277470000062],[122.0036718,13.505841630000077]]]},"properties":{"psgc_code":1704005033,"name":"Lusok","corr_code":174005033,"geo_level":"Bgy","city_class":"","inc_class":"","urb_rur":"","pop_2015":"R","pop_2020":"","status":"","adm4_pcode":"PH1704005033","adm4_en":"Lusok","adm3_pcode":"PH1704005","adm2_pcode":"PH17040","adm1_pcode":"PH17","adm0_pcode":"PH","shape_len":0.0408626318955,"shape_area":0.000107501547247,"shape_sqkm":1.28761574642}},
{"type":"Feature","geometry":{"type":"Polygon","coordinates":[[[122.03070025000011,13.47564348000003],[122.03132039800005,13.475757615000077],[122.03152506000004,13.475935168000035],[122.0315036820001,13.476561170000025],[122.03131102700002,13.476995465000073],[122.03070204500011,13.477473079000049],[122.03038105400003,13.478130023000062],[122.03040807500008,13.478346432000023],[122.03076246900002,13.47889506100006],[122.03061934800007,13.479215379000038],[122.0302274710001,13.47933464600004],[122.02991964800003,13.479704942000069],[122.02995145200009,13.48004002600004],[122.02923585000008,13.479305790000069],[122.02839405000009,13.478193420000025],[122.02741770900002,13.476404613000057],[122.02872997300005,13.475641308000036],[122.02930785000001,13.475350939000066],[122.03024992100006,13.475300602000061],[122.03070025000011,13.47564348000003]]]},"properties":{"psgc_code":1704005034,"name":"Maharlika Pob.","corr_code":174005034,"geo_level":"Bgy","city_class":"1st Zone","inc_class":"","urb_rur":"","pop_2015":"U","pop_2020":"","status":"","adm4_pcode":"PH1704005034","adm4_en":"Maharlika Pob. (1st Zone)","adm3_pcode":"PH1704005","adm2_pcode":"PH17040","adm1_pcode":"PH17","adm0_pcode":"PH","shape_len":0.0142297855987,"shape_area":0.000010741747026,"shape_sqkm":0.128673497066}},
{"type":"Feature","geometry":{"type":"Polygon","coordinates":[[[122.00915415000009,13.423351050000065],[122.0046182000001,13.423608290000061],[122.00034485000003,13.424647390000075],[121.98358993000011,13.41245114000003],[121.98207503700007,13.411920544000054],[121.98315329600007,13.411106006000068],[121.98529469900006,13.409190015000036],[121.99826990800011,13.397877210000047],[122.00890787700007,13.390104271000041],[122.00915415000009,13.423351050000065]]]},"properties":{"psgc_code":1704005035,"name":"Makulapnit","corr_code":174005035,"geo_level":"Bgy","city_class":"","inc_class":"","urb_rur":"","pop_2015":"R","pop_2020":"","status":"","adm4_pcode":"PH1704005035","adm4_en":"Makulapnit","adm3_pcode":"PH1704005","adm2_pcode":"PH17040","adm1_pcode":"PH17","adm0_pcode":"PH","shape_len":0.0991320633994,"shape_area":0.00052113585399,"shape_sqkm":6.2443095575}},
{"type":"Feature","geometry":{"type":"Polygon","coordinates":[[[122.10619494800005,13.538725940000063],[122.10591972300006,13.538646237000023],[122.1058728800001,13.538321730000064],[122.10612039800003,13.537875468000038],[122.10611630400001,13.537620289000074],[122.10649922400012,13.537010864000024],[122.10735671300006,13.53594079800007],[122.10938307000004,13.53310272400006],[122.1098122300001,13.532047185000067],[122.10983115600004,13.530233051000039],[122.10953917100005,13.528622425000037],[122.10949579800001,13.527878736000048],[122.10935712600008,13.527178563000064],[122.109445918,13.52591983700006],[122.10953861400003,13.525633903000028],[122.10995553600003,13.525556520000066],[122.11232727400011,13.52653372800006],[122.11390327400011,13.52701550100005],[122.11541504800005,13.527283283000031],[122.11572378500011,13.527274374000058],[122.1161639610001,13.527093697000055],[122.11646640800006,13.527425227000037],[122.11772719600003,13.527284644000076],[122.1181316630001,13.527183625000077],[122.11868145800008,13.526855543000067],[122.11880823100012,13.526556475000064],[122.11931597500006,13.526275862000034],[122.1193725070001,13.526097715000049],[122.12018309200005,13.525488540000026],[122.12062189400001,13.525253016000022],[122.12095777800005,13.524867795000034],[122.12163122100003,13.524325135000026],[122.12239121200003,13.523606877000077],[122.12267039100004,13.523034856000038],[122.12309048800012,13.522637144000043],[122.12342190400011,13.522477472000048],[122.1244954020001,13.52227036000005],[122.12452593500007,13.52193991300004],[122.1252838580001,13.521382686000038],[122.12544085900004,13.520878199000038],[122.12586565900006,13.520633652000072],[122.12678432300004,13.520668572000034],[122.12792800800003,13.520142711000062],[122.12847979600008,13.519680762000064],[122.12950241900012,13.519043543000066],[122.13000284800012,13.51887711300003],[122.13067248900006,13.518884528000058],[122.1310158010001,13.518551203000072],[122.1315233680001,13.518398671000057],[122.13254286200004,13.518358856000077],[122.13287176000006,13.518185351000056],[122.13312216400004,13.517838061000077],[122.1336643080001,13.517506303000062],[122.13427914300007,13.517263499000023],[122.13447941700008,13.517055156000026],[122.1348082400001,13.516985885000054],[122.13547291900011,13.517014127000039],[122.13546515000007,13.517875831000026],[122.13577947500005,13.518098418000022],[122.13598845400008,13.51853890600006],[122.13605239700007,13.519074039000031],[122.13626680100003,13.519095031000063],[122.13633794900011,13.51956040400006],[122.13616595300005,13.520199621000074],[122.13622998900007,13.520611872000075],[122.13667976700003,13.521320995000053],[122.13677242800009,13.521682418000069],[122.1366861780001,13.52236135100003],[122.13646392400005,13.52332126400006],[122.13602960100002,13.523922019000054],[122.13600071500002,13.524332005000076],[122.13556436100009,13.524832056000037],[122.13528752400009,13.525700697000048],[122.13502273600011,13.526159170000028],[122.1342647680001,13.527032103000067],[122.13393149000001,13.528076881000061],[122.13356665600008,13.528500535000035],[122.13294909900003,13.529671577000045],[122.13280577700004,13.530178773000046],[122.1322694700001,13.530498068000043],[122.13175040700003,13.531499850000046],[122.13174901800005,13.533390044000043],[122.13177639700007,13.535046570000077],[122.13156884200009,13.535414734000028],[122.13016072200003,13.535434605000034],[122.12905154700002,13.53499602900007],[122.1285369090001,13.534995667000032],[122.12677653500009,13.534633061000022],[122.12448459100005,13.534638375000043],[122.12415567000005,13.534804919000067],[122.12378366600001,13.535228551000046],[122.12311501400006,13.53550556500005],[122.12281477500005,13.535547042000076],[122.12045174400009,13.53562828400004],[122.1178631680001,13.535656109000058],[122.11645730600003,13.535714539000026],[122.11589127000002,13.535788472000036],[122.11497347900001,13.535787779000032],[122.11393355300004,13.535504432000039],[122.11279971300007,13.535533307000037],[122.11032060900004,13.536869825000053],[122.10940223900002,13.53758294000005],[122.10902036200002,13.537766654000052],[122.1074041710001,13.538153787000056],[122.1067424690001,13.538518142000044],[122.10619494800005,13.538725940000063]]]},"properties":{"psgc_code":1704005036,"name":"Maniwaya","corr_code":174005036,"geo_level":"Bgy","city_class":"","inc_class":"","urb_rur":"","pop_2015":"R","pop_2020":"","status":"","adm4_pcode":"PH1704005036","adm4_en":"Maniwaya","adm3_pcode":"PH1704005","adm2_pcode":"PH17040","adm1_pcode":"PH17","adm0_pcode":"PH","shape_len":0.0954807105752,"shape_area":0.000313570325428,"shape_sqkm":3.75541531448}},
{"type":"Feature","geometry":{"type":"Polygon","coordinates":[[[122.04357550200007,13.469011683000076],[122.0427719490001,13.46911792000003],[122.04168467000011,13.469358209000063],[122.0413206820001,13.469526980000069],[122.04076849600006,13.470048637000048],[122.04025888100011,13.470434884000042],[122.03994508800008,13.47036295600003],[122.03957495500003,13.470060555000032],[122.03921557500007,13.470129857000074],[122.03868355400004,13.470066534000068],[122.03825363400006,13.470243757000048],[122.03804523800011,13.47079072200006],[122.03747748300009,13.471048171000064],[122.03690436600004,13.471499019000078],[122.03649237400009,13.471670759000062],[122.03614445200003,13.472099660000026],[122.03588840300006,13.47260405700007],[122.03524153700005,13.472872749000032],[122.03516089200002,13.473175813000069],[122.03424267300011,13.474330612000074],[122.03409150400012,13.474747481000065],[122.03377922300001,13.474975653000058],[122.03316691600003,13.474890307000067],[122.0329911230001,13.475559566000072],[122.03298989200005,13.476302517000022],[122.03238647,13.476026371000046],[122.0315040700001,13.47575764000004],[122.03104416000008,13.475425630000075],[122.03070025000011,13.47564348000003],[122.03024992100006,13.475300602000061],[122.03041492000011,13.474670213000024],[122.03062427600003,13.474375107000071],[122.03073386100004,13.473497088000045],[122.03050942400012,13.47320988100006],[122.03161924000005,13.471897100000035],[122.03422866400001,13.465561194000031],[122.03956453,13.451851110000064],[122.04357485000003,13.460879340000076],[122.0448415300001,13.462423540000032],[122.04357550200007,13.469011683000076]]]},"properties":{"psgc_code":1704005037,"name":"Manlibunan","corr_code":174005037,"geo_level":"Bgy","city_class":"","inc_class":"","urb_rur":"","pop_2015":"R","pop_2020":"","status":"","adm4_pcode":"PH1704005037","adm4_en":"Manlibunan","adm3_pcode":"PH1704005","adm2_pcode":"PH17040","adm1_pcode":"PH17","adm0_pcode":"PH","shape_len":0.0622403258116,"shape_area":0.000148430536868,"shape_sqkm":1.77811146208}},
{"type":"Feature","geometry":{"type":"MultiPolygon","coordinates":[[[[122.11008352500005,13.411620093000067],[122.11004119900008,13.41233363300006],[122.11022842200009,13.412756287000036],[122.11055566100003,13.414090532000046],[122.11036287700006,13.414440877000061],[122.1100272320001,13.414445422000028],[122.11000806200002,13.414875257000062],[122.1102005250001,13.414923417000068],[122.11026934400002,13.415273961000025],[122.1101160500001,13.415619535000076],[122.10973567200006,13.416003819000025],[122.10894151200011,13.416267280000056],[122.10870482100006,13.415979023000034],[122.10852214800002,13.416031696000061],[122.1084971040001,13.416478194000035],[122.1075296360001,13.416501453000024],[122.1070456440001,13.416827564000073],[122.10594269500007,13.417034200000046],[122.10534562500004,13.416847541000038],[122.10488613600012,13.416951449000067],[122.10415910600011,13.41811542000005],[122.10376838700006,13.418383231000064],[122.10375271400005,13.418815188000053],[122.10385955600009,13.419239794000077],[122.10342189400001,13.419668405000039],[122.10300030500002,13.420219208000049],[122.1014713940001,13.42149891300005],[122.10110330100008,13.422161471000038],[122.10095719000003,13.422908144000075],[122.1007810100001,13.423189280000031],[122.09765221000009,13.416668160000029],[122.09282272000007,13.415621010000052],[122.09283748000007,13.415390340000044],[122.09241218000011,13.415373990000035],[122.09183643000006,13.414791790000038],[122.09140417000003,13.41476195000007],[122.07813109000006,13.404802480000058],[122.0790741400001,13.404060350000066],[122.07851037000012,13.402506010000025],[122.0772070700001,13.401571680000075],[122.08758923000005,13.398325370000066],[122.09662786000001,13.405770090000033],[122.11002683000004,13.411708000000033],[122.11008352500005,13.411620093000067]]],[[[122.12673551600005,13.426665488000026],[122.12635732900003,13.426790718000063],[122.12603467300005,13.426700738000022],[122.12550942000007,13.426323564000029],[122.12536231600006,13.425866004000056],[122.12475379800003,13.425775765000026],[122.12432082300006,13.42532691200006],[122.1240637950001,13.424764096000047],[122.12371374800011,13.424387073000048],[122.12365905500008,13.423723304000077],[122.12312870100004,13.421850849000066],[122.12311047300011,13.42162660300005],[122.12338760600005,13.421106640000062],[122.12314841700004,13.420523425000056],[122.12255510900002,13.419434103000071],[122.12225105300001,13.419182688000035],[122.12208540100005,13.418841708000059],[122.12144031200012,13.418446476000042],[122.12095180200004,13.418239740000047],[122.12100755400002,13.417800301000057],[122.12091262000001,13.417116744000054],[122.1206362900001,13.416811539000037],[122.12074733400004,13.416408025000067],[122.12130087100002,13.416121511000028],[122.12249473000008,13.415217460000065],[122.1227902600001,13.414733394000052],[122.12324202700006,13.414787619000037],[122.1237769060001,13.41471634900006],[122.12386021000009,13.414384564000045],[122.12418326000011,13.41405299400003],[122.12403621900012,13.413534662000075],[122.12425807000011,13.412967779000041],[122.12396314900002,13.412815038000076],[122.12395758200012,13.411884250000071],[122.12384715500002,13.411650950000023],[122.1233404300001,13.411211000000037],[122.12269212000001,13.410175495000033],[122.1224061480001,13.408643153000071],[122.1224710460001,13.408275476000028],[122.12233306400003,13.407934520000026],[122.12237031000006,13.407557847000021],[122.12286188500002,13.406479631000025],[122.12340667600006,13.40566392900007],[122.12365615500005,13.405117032000021],[122.12402518300007,13.404902101000062],[122.1247444930001,13.404795111000055],[122.12534361600001,13.40502884600005],[122.12546377900003,13.40472399400005],[122.12610141400012,13.403627461000042],[122.1261386860001,13.403214909000042],[122.12672992400007,13.402031495000074],[122.12678917300002,13.401639325000076],[122.12720495500002,13.400715872000035],[122.12821205000012,13.399779110000054],[122.12879783200003,13.39958682100007],[122.13032948700004,13.399518056000034],[122.13084286600008,13.399693784000021],[122.13147472300011,13.400251954000055],[122.13196779000009,13.400868850000052],[122.13229416900003,13.401401245000045],[122.13238050400003,13.401823117000049],[122.13283378100004,13.402199891000066],[122.13303423100001,13.401843158000077],[122.133241053,13.401817382000047],[122.13362882500007,13.402118268000038],[122.13392847600005,13.402702550000072],[122.13396133100002,13.403247665000038],[122.13414779100003,13.403604728000062],[122.13444794000009,13.403650412000047],[122.13475429800008,13.404208744000073],[122.13514781200001,13.404293444000075],[122.13573914000006,13.404868625000063],[122.13612544700004,13.40553733400003],[122.13645227800009,13.405583038000032],[122.13681890600003,13.405888341000036],[122.1372858740001,13.40588874100007],[122.13809282800003,13.406161978000057],[122.138239311,13.406480076000037],[122.13863252200008,13.406551776000072],[122.13873948700007,13.406292300000075],[122.13910666800007,13.405981132000022],[122.13978711800007,13.405975220000073],[122.13972748600008,13.405514438000068],[122.13985736000006,13.405131764000032],[122.14017801800003,13.40461939100004],[122.14054528200006,13.404210883000076],[122.14065896300008,13.403899499000033],[122.14053239400005,13.403698229000042],[122.13987159200008,13.403093077000051],[122.13913140700004,13.402780974000052],[122.13843806300008,13.40231317200005],[122.13829823300011,13.40202753400007],[122.13854117200003,13.401821263000045],[122.1387150170001,13.401367170000071],[122.13842176900005,13.401068420000058],[122.13850075900007,13.40055588100006],[122.13877755500005,13.400330869000072],[122.13877124900011,13.39992204400005],[122.1391921930001,13.399150187000032],[122.13914600700002,13.398579105000067],[122.13945286400008,13.398572874000024],[122.139862762,13.397962437000047],[122.14030991900006,13.39770973700007],[122.14081022000005,13.397710157000063],[122.14087670300012,13.397963290000064],[122.14129692400002,13.398002577000057],[122.14144584700011,13.397595372000069],[122.14196180700003,13.39716386200007],[122.14211082400004,13.397360337000066],[122.14247229700004,13.397439789000032],[122.14266164900005,13.397903334000034],[122.14316804900011,13.397464612000022],[122.14408033300003,13.397095414000034],[122.1440628790001,13.39674138600003],[122.14441506300011,13.39629952000007],[122.14440415100012,13.395853608000039],[122.14493597500007,13.395489334000047],[122.14536106700007,13.39534926600004],[122.14586648000011,13.395663074000026],[122.14691858900005,13.395635441000024],[122.14755116300012,13.396040928000048],[122.14759296200009,13.396354367000072],[122.14790968300008,13.396974840000041],[122.14795747100004,13.397357544000045],[122.14779198400004,13.397617894000064],[122.1473652300001,13.39760940800005],[122.14732903800007,13.397900542000059],[122.14760346000003,13.398990707000053],[122.14798603000008,13.399298308000027],[122.14833957000008,13.399936472000036],[122.14878319200011,13.40046232700007],[122.1490842710001,13.400659967000024],[122.14938970000003,13.401293458000055],[122.14946443300005,13.401974363000022],[122.14961224100011,13.402197237000053],[122.14951447600004,13.403042933000052],[122.14951764400007,13.40353857100007],[122.14939487900006,13.403919267000049],[122.14913101700006,13.404343982000057],[122.1487593810001,13.405300320000038],[122.14818523100007,13.406332961000032],[122.14761216400007,13.407557436000047],[122.14695934400004,13.408109301000025],[122.14641741100002,13.40836713300007],[122.1455622090001,13.408536277000053],[122.14531440300004,13.408671278000043],[122.14425404300005,13.409580296000058],[122.14328144600006,13.41050559200005],[122.14235780700005,13.411464099000057],[122.14223548600012,13.411934862000066],[122.1418419900001,13.412595431000057],[122.14082061700003,13.413461407000057],[122.1400584910001,13.413939705000075],[122.13937361100011,13.414592966000043],[122.13864445900003,13.415417608000041],[122.13813351100009,13.415874506000023],[122.13686610800005,13.416788990000043],[122.13598958500006,13.417371247000062],[122.13528843100005,13.417774262000023],[122.13512222700001,13.418025256000021],[122.13499249900008,13.418724738000037],[122.13307009200003,13.42022025500006],[122.13216458000011,13.420787215000075],[122.13197974700006,13.421235512000067],[122.13200316500001,13.421885191000058],[122.13171672700003,13.422494866000022],[122.13150437500008,13.422772733000045],[122.13059094800008,13.423328037000033],[122.13037857500001,13.423632805000068],[122.12989988100003,13.425080741000045],[122.12963195000009,13.425627630000065],[122.12938277400008,13.425842672000044],[122.12879268900008,13.425761430000023],[122.12854338900001,13.426111008000078],[122.12768583600007,13.426092309000069],[122.12763932400003,13.426522787000067],[122.12749167600009,13.426639254000065],[122.12673551600005,13.426665488000026]]]]},"properties":{"psgc_code":1704005038,"name":"Masaguisi","corr_code":174005038,"geo_level":"Bgy","city_class":"","inc_class":"","urb_rur":"","pop_2015":"R","pop_2020":"","status":"","adm4_pcode":"PH1704005038","adm4_en":"Masaguisi","adm3_pcode":"PH1704005","adm2_pcode":"PH17040","adm1_pcode":"PH17","adm0_pcode":"PH","shape_len":0.219875492727,"shape_area":0.000763229006984,"shape_sqkm":9.14508851866}},
{"type":"Feature","geometry":{"type":"Polygon","coordinates":[[[122.04904287000011,13.415255140000056],[122.03882575000011,13.418314030000033],[122.02064272000007,13.393043760000069],[122.02788670000007,13.381332230000055],[122.03505519100008,13.387929343000053],[122.05077700000004,13.395719020000058],[122.04810326000006,13.410678110000049],[122.0486206700001,13.411628120000046],[122.04897722100009,13.412802308000039],[122.04905559000008,13.413518082000053],[122.04901901800008,13.413983074000043],[122.04876065000008,13.414747110000064],[122.04904287000011,13.415255140000056]]]},"properties":{"psgc_code":1704005039,"name":"Masalukot","corr_code":174005039,"geo_level":"Bgy","city_class":"","inc_class":"","urb_rur":"","pop_2015":"R","pop_2020":"","status":"","adm4_pcode":"PH1704005039","adm4_en":"Masalukot","adm3_pcode":"PH1704005","adm2_pcode":"PH17040","adm1_pcode":"PH17","adm0_pcode":"PH","shape_len":0.102939379765,"shape_area":0.000603649159379,"shape_sqkm":7.23326984194}},
{"type":"Feature","geometry":{"type":"Polygon","coordinates":[[[122.06572076000009,13.464880530000073],[122.0588505400001,13.467676900000072],[122.05718488000002,13.466093560000047],[122.05126609000001,13.458568710000065],[122.05646320000005,13.454989800000021],[122.05655138000009,13.454975380000064],[122.06593308000004,13.451312740000049],[122.06704695000008,13.450714530000027],[122.06814716000008,13.452889300000038],[122.06840521200002,13.452869747000022],[122.0684221780001,13.453267443000072],[122.06825423500004,13.45386830700005],[122.06794447200002,13.454178070000069],[122.06784370600008,13.454793862000031],[122.06806016600001,13.455753006000066],[122.06873194000002,13.458119143000033],[122.06872074400007,13.45863416900005],[122.06856772800006,13.45951493900003],[122.0682430380001,13.459847094000054],[122.06795566800008,13.459891878000064],[122.06690695500004,13.459473886000069],[122.06624637800007,13.459500010000056],[122.06569776200001,13.459746327000062],[122.06555967500003,13.46017551600005],[122.06562685300003,13.460500207000052],[122.0659963280001,13.461045090000027],[122.06620159200008,13.461619829000028],[122.0662426450001,13.46233638800004],[122.06617920000008,13.462926056000072],[122.06590302600011,13.463933716000042],[122.06590675900009,13.464836879000075],[122.06572076000009,13.464880530000073]]]},"properties":{"psgc_code":1704005040,"name":"Matalaba","corr_code":174005040,"geo_level":"Bgy","city_class":"","inc_class":"","urb_rur":"","pop_2015":"R","pop_2020":"","status":"","adm4_pcode":"PH1704005040","adm4_en":"Matalaba","adm3_pcode":"PH1704005","adm2_pcode":"PH17040","adm1_pcode":"PH17","adm0_pcode":"PH","shape_len":0.0553713275428,"shape_area":0.000170655750903,"shape_sqkm":2.04440473311}},
{"type":"Feature","geometry":{"type":"Polygon","coordinates":[[[122.17735810500005,13.528974898000058],[122.17758624400005,13.528469071000075],[122.1776738640001,13.52795700200005],[122.17754713600004,13.527507413000023],[122.17759991200012,13.527016959000036],[122.17731464700012,13.526737194000077],[122.17641038600004,13.526017503000048],[122.17502086400009,13.525094724000041],[122.17302056200003,13.523997163000047],[122.17113101200005,13.523164782000038],[122.17054837700005,13.522874391000073],[122.16999323200002,13.522460634000026],[122.16951138700006,13.521946617000026],[122.16854207200004,13.520795161000024],[122.16836555600003,13.520448702000067],[122.16818130600006,13.519809618000068],[122.16819644200007,13.519576490000077],[122.1691065550001,13.519759832000034],[122.16924746900008,13.51968888700003],[122.16956278500004,13.519080443000064],[122.17054199000006,13.517584987000077],[122.17049755200003,13.517028459000073],[122.17066813200006,13.515698204000046],[122.17069989400011,13.515008943000055],[122.17058374100009,13.514575926000077],[122.1707741680001,13.514358358000038],[122.17099078400008,13.513790240000048],[122.1713177790001,13.51356621800005],[122.17236924800011,13.512336077000043],[122.17261625300011,13.511934191000023],[122.17273531000001,13.511258798000028],[122.17252725300011,13.51101488200004],[122.17274541600011,13.510518689000037],[122.17274571400003,13.510020442000041],[122.1728902110001,13.50941405900005],[122.17338335600004,13.508942416000025],[122.17334994900011,13.50865288700004],[122.17360664600005,13.507940750000046],[122.17394238100007,13.507544591000055],[122.17431747400008,13.507399564000025],[122.17442736900011,13.507064402000026],[122.17504650600006,13.506272010000032],[122.17530349300011,13.506137956000032],[122.17558677600005,13.505461958000069],[122.1758980410001,13.505314110000029],[122.17597671200008,13.504851401000053],[122.17639158500003,13.504795461000072],[122.17742257000009,13.50443933300005],[122.1782382780001,13.503966719000061],[122.17969630900006,13.504030228000033],[122.18023216200004,13.50391778900007],[122.18098977000011,13.504055696000023],[122.18125971200004,13.503951355000027],[122.18180828900006,13.503964763000056],[122.18215861300007,13.504142394000041],[122.18239560200004,13.504506561000028],[122.18295407800008,13.504858161000072],[122.1845425250001,13.505546931000026],[122.18499818300006,13.506081297000037],[122.18503141000008,13.506537070000036],[122.18547398800001,13.507257034000077],[122.18545680400007,13.507635569000058],[122.18555931500009,13.50840997000006],[122.18612152600008,13.509700890000033],[122.18614315000002,13.510065464000036],[122.18603196900006,13.510491864000073],[122.18638269600001,13.511089329000072],[122.18635731800009,13.511690308000027],[122.18665119200011,13.512272108000047],[122.18678972900011,13.512354475000052],[122.18682570600004,13.513050486000054],[122.1869522180001,13.513483889000042],[122.18751306500008,13.514890988000047],[122.18810803500003,13.51532342400003],[122.1881101780001,13.515742285000044],[122.18789067600005,13.516162075000068],[122.1874218370001,13.51636250100006],[122.18695658600006,13.517049521000047],[122.18655681100006,13.518110360000037],[122.18654578400003,13.518387550000057],[122.18613117200005,13.518866968000054],[122.18592187900003,13.519535402000031],[122.18570199900012,13.519880570000055],[122.1847193000001,13.522613199000034],[122.18406106100008,13.52391116900003],[122.18350839300001,13.525081625000041],[122.18278005600007,13.526071707000028],[122.1820614400001,13.526701220000064],[122.18157641700009,13.526970928000026],[122.18028560100004,13.52739940300006],[122.17910366000001,13.527676952000036],[122.1785937410001,13.52802863100004],[122.17756968200001,13.528879496000059],[122.17735810500005,13.528974898000058]]]},"properties":{"psgc_code":1704005041,"name":"Mongpong","corr_code":174005041,"geo_level":"Bgy","city_class":"","inc_class":"","urb_rur":"","pop_2015":"R","pop_2020":"","status":"","adm4_pcode":"PH1704005041","adm4_en":"Mongpong","adm3_pcode":"PH1704005","adm2_pcode":"PH17040","adm1_pcode":"PH17","adm0_pcode":"PH","shape_len":0.0766946714898,"shape_area":0.000304373815261,"shape_sqkm":3.645465315}},
{"type":"Feature","geometry":{"type":"Polygon","coordinates":[[[122.12505481900007,13.458142747000068],[122.12489675000006,13.45838549900003],[122.1247040080001,13.459074905000023],[122.12421961300004,13.459833317000061],[122.12412593900001,13.460253113000022],[122.12386177400003,13.460517462000041],[122.12341151600003,13.461272826000027],[122.12260428000002,13.462051453000072],[122.12186378400008,13.462659862000066],[122.12048082600006,13.46339481700005],[122.120185375,13.463748449000036],[122.11967142300011,13.46416539300003],[122.1190693210001,13.464835185000027],[122.11844011200003,13.465274910000062],[122.1177997210001,13.46554980600007],[122.11706819900007,13.466282703000047],[122.11674907500003,13.466737112000033],[122.11615471300001,13.467236974000059],[122.11500497600002,13.468750550000038],[122.11473382300005,13.469452475000026],[122.1141713940001,13.469958567000049],[122.11378486600006,13.470117240000036],[122.11364818600009,13.470525704000067],[122.11317465500008,13.47077609300004],[122.11299236200011,13.470671983000045],[122.11261097300007,13.470825825000077],[122.11250344700011,13.470849999000052],[122.11165762000007,13.468673760000058],[122.11108052000009,13.468143100000077],[122.09841949000008,13.46883930000007],[122.09565246000011,13.464990670000077],[122.09209953000004,13.462550700000065],[122.09814087000007,13.456145410000033],[122.09864505000007,13.455700250000064],[122.09972715000004,13.45489316000004],[122.10450810000009,13.455569740000044],[122.1047778300001,13.455522130000077],[122.10705101000008,13.454454870000063],[122.12505481900007,13.458142747000068]]]},"properties":{"psgc_code":1704005042,"name":"Morales","corr_code":174005042,"geo_level":"Bgy","city_class":"","inc_class":"","urb_rur":"","pop_2015":"R","pop_2020":"","status":"","adm4_pcode":"PH1704005042","adm4_en":"Morales","adm3_pcode":"PH1704005","adm2_pcode":"PH17040","adm1_pcode":"PH17","adm0_pcode":"PH","shape_len":0.0833853475641,"shape_area":0.000330801966131,"shape_sqkm":3.96286663954}},
{"type":"Feature","geometry":{"type":"Polygon","coordinates":[[[122.07426955000005,13.443547920000071],[122.07415204000006,13.44359301000003],[122.07164811000007,13.442212260000076],[122.06947158000003,13.439834560000065],[122.05975863000003,13.438095240000052],[122.06177431000003,13.430515310000033],[122.06208310000011,13.428744550000033],[122.06236364000006,13.42801122000003],[122.06246850000002,13.427173780000032],[122.06222803300011,13.426225868000074],[122.06243500000005,13.424322291000067],[122.06341963000011,13.423714947000065],[122.0636773970001,13.423098983000045],[122.06422067500012,13.422900564000031],[122.06516037500012,13.422900564000031],[122.06652587600001,13.422592225000074],[122.06728938300012,13.422254520000024],[122.0679501090001,13.42154974600004],[122.06909536800003,13.420800923000058],[122.06960926700003,13.420507266000072],[122.07013784800006,13.420389804000024],[122.0715180310001,13.420521949000033],[122.07291289800003,13.420345755000028],[122.07344147900005,13.420140196000034],[122.07355726000003,13.419702320000056],[122.07483742000011,13.422049340000058],[122.07576999000003,13.42420106000003],[122.07644147000008,13.424033500000064],[122.08460150000008,13.429130870000051],[122.08678524000004,13.42964175000003],[122.08882322000011,13.436958400000037],[122.09036557000002,13.439039120000075],[122.08959326000002,13.439294350000068],[122.0893574800001,13.439949230000025],[122.07426955000005,13.443547920000071]]]},"properties":{"psgc_code":1704005043,"name":"Napo","corr_code":174005043,"geo_level":"Bgy","city_class":"","inc_class":"","urb_rur":"","pop_2015":"R","pop_2020":"","status":"","adm4_pcode":"PH1704005043","adm4_en":"Napo","adm3_pcode":"PH1704005","adm2_pcode":"PH17040","adm1_pcode":"PH17","adm0_pcode":"PH","shape_len":0.0879071221131,"shape_area":0.000447958934198,"shape_sqkm":5.36699279508}},
{"type":"Feature","geometry":{"type":"Polygon","coordinates":[[[122.02741770900002,13.476404613000057],[122.02737186700006,13.476433204000045],[122.0261115720001,13.474144069000033],[122.02606805500011,13.47392056800004],[122.02620727700003,13.473339318000058],[122.02609909000012,13.472373950000076],[122.02619188100005,13.472257554000066],[122.02668284800006,13.47245781600003],[122.02729315800002,13.472984300000064],[122.02753466500008,13.473067714000024],[122.02811434300008,13.47282537600006],[122.02824567100004,13.473007245000076],[122.02810534000002,13.473603247000028],[122.02825504600003,13.473783265000066],[122.02883383200003,13.473577569000042],[122.02914191000002,13.473105846000067],[122.02862302900007,13.472548017000065],[122.02889174100005,13.472137667000027],[122.02925994400005,13.471949504000065],[122.02959291600007,13.471919790000072],[122.02985776100002,13.472163625000064],[122.02998521000006,13.473163862000035],[122.03050942400012,13.47320988100006],[122.03073386100004,13.473497088000045],[122.03062427600003,13.474375107000071],[122.03041492000011,13.474670213000024],[122.03024992100006,13.475300602000061],[122.02930785000001,13.475350939000066],[122.02872997300005,13.475641308000036],[122.02741770900002,13.476404613000057]]]},"properties":{"psgc_code":1704005044,"name":"Pag-Asa Pob.","corr_code":174005044,"geo_level":"Bgy","city_class":"4th Zone","inc_class":"","urb_rur":"","pop_2015":"R","pop_2020":"","status":"","adm4_pcode":"PH1704005044","adm4_en":"Pag-Asa Pob. (4th Zone)","adm3_pcode":"PH1704005","adm2_pcode":"PH17040","adm1_pcode":"PH17","adm0_pcode":"PH","shape_len":0.0185581025399,"shape_area":0.000012253977718,"shape_sqkm":0.146790072747}},
{"type":"Feature","geometry":{"type":"Polygon","coordinates":[[[122.06704695000008,13.450714530000027],[122.06593308000004,13.451312740000049],[122.05655138000009,13.454975380000064],[122.05646320000005,13.454989800000021],[122.05122862000007,13.447986380000032],[122.04957889000002,13.445367290000036],[122.05157496000004,13.440997390000064],[122.05046402000005,13.435456610000074],[122.05975863000003,13.438095240000052],[122.06947158000003,13.439834560000065],[122.06591212000001,13.443486730000075],[122.06704695000008,13.450714530000027]]]},"properties":{"psgc_code":1704005045,"name":"Pantayin","corr_code":174005045,"geo_level":"Bgy","city_class":"","inc_class":"","urb_rur":"","pop_2015":"R","pop_2020":"","status":"","adm4_pcode":"PH1704005045","adm4_en":"Pantayin","adm3_pcode":"PH1704005","adm2_pcode":"PH17040","adm1_pcode":"PH17","adm0_pcode":"PH","shape_len":0.0656646138277,"shape_area":0.000237604367028,"shape_sqkm":2.84659360454}},
{"type":"Feature","geometry":{"type":"Polygon","coordinates":[[[122.06743443800008,13.52797156400004],[122.06700609600011,13.527803021000068],[122.06694910800002,13.527532961000077],[122.06645268400007,13.52713331900003],[122.06679190700004,13.526501520000068],[122.0670835950001,13.52624082400007],[122.06744828100011,13.525102970000034],[122.06695492900008,13.524628163000045],[122.06720448100009,13.524122452000029],[122.06712063100008,13.523399660000052],[122.06689273000006,13.523013284000058],[122.06687765900006,13.522415057000046],[122.06717088500011,13.522374367000054],[122.06700236100005,13.522041014000024],[122.06665359700003,13.522144475000061],[122.06649734000007,13.52178553400006],[122.06671782100011,13.52154285100005],[122.06639896400009,13.521352056000069],[122.06633325900009,13.521030444000075],[122.0660351570001,13.520735461000072],[122.0658987600001,13.519913942000073],[122.06608233200006,13.519622466000044],[122.06594374400004,13.519381922000036],[122.06586814800005,13.518717770000023],[122.06544163000001,13.518590394000057],[122.06554626200011,13.51819637400007],[122.06529938400001,13.518139433000044],[122.06534994800006,13.517561389000036],[122.06507528200007,13.517094719000056],[122.06505915200012,13.516407087000061],[122.0646913700001,13.516011805000062],[122.06473063400006,13.515680358000054],[122.06447430500009,13.515328725000074],[122.06466483600002,13.515155375000063],[122.06452971600004,13.51480738500004],[122.06467927500012,13.514542633000076],[122.06462143700003,13.513986458000034],[122.06433428600008,13.513564513000063],[122.06428865900011,13.513172350000048],[122.0643854760001,13.51286628300005],[122.06409532600003,13.512301304000061],[122.06434575100002,13.51193524200005],[122.0642470030001,13.511476666000021],[122.06458270900009,13.51072739600005],[122.06437075000008,13.509676322000075],[122.06471431900002,13.508653450000054],[122.06455809700003,13.508681572000057],[122.06438592600011,13.508136635000028],[122.06481505900001,13.50817059600007],[122.06482149200008,13.508367804000045],[122.06529312800001,13.508259818000056],[122.0654605420001,13.507865406000064],[122.0647023890001,13.507859131000032],[122.06499697900006,13.506854299000054],[122.06494710200002,13.505779005000022],[122.0650211520001,13.505516063000073],[122.06488916600006,13.505209293000064],[122.06511452600012,13.504803926000022],[122.06510514600006,13.504254445000072],[122.06528703800006,13.504124542000056],[122.06562829300003,13.503518840000027],[122.06609860200001,13.50340781400007],[122.06695781600001,13.502999362000025],[122.06721306500003,13.50261701900007],[122.0679480550001,13.502725024000028],[122.06800869500012,13.50240208200006],[122.06790970300005,13.502082871000027],[122.06808601800003,13.501783747000047],[122.06856272100003,13.501810607000039],[122.06878522900001,13.50153703500007],[122.06916401600006,13.501663000000065],[122.06940208000003,13.501544642000056],[122.06959202100006,13.501143381000077],[122.06999357500001,13.501222088000077],[122.07062260700002,13.501166201000046],[122.07090454600007,13.501242384000022],[122.07117109500007,13.501055859000076],[122.07150996100006,13.501331093000033],[122.07170381700007,13.50109154100005],[122.0724474430001,13.501006651000068],[122.07248015500011,13.501834343000041],[122.07273412900008,13.501701783000044],[122.07268754900008,13.501418450000074],[122.07306508600004,13.500807051000038],[122.07374275100005,13.500675398000055],[122.0741878120001,13.500242189000062],[122.07456654700002,13.500191937000068],[122.07491149100008,13.500521924000054],[122.07585116900009,13.500424679000048],[122.07625186000007,13.500673996000046],[122.07649712300008,13.500083607000022],[122.07631371800005,13.499758259000032],[122.07676234900009,13.499629878000064],[122.07686901300008,13.499421351000024],[122.07718842200006,13.499415361000047],[122.07832715800009,13.499205903000075],[122.07857537400002,13.49871111400006],[122.07957396800009,13.499118051000039],[122.07983671400007,13.49933161100006],[122.08062456700009,13.499354840000024],[122.08093821000011,13.499566246000029],[122.08121496900003,13.499360894000063],[122.08125060900011,13.498870503000035],[122.08102250500008,13.498626174000037],[122.08190664400001,13.498516124000048],[122.08205651900005,13.498332775000051],[122.08248970000011,13.498296706000076],[122.0825933860001,13.498686313000064],[122.08284633000005,13.498735055000054],[122.08291525900006,13.498390985000071],[122.08320961700008,13.498496095000064],[122.08347558600008,13.49808037300005],[122.08404633400005,13.498120291000077],[122.08428985000012,13.497851362000063],[122.0846655360001,13.498003322000045],[122.0850888870001,13.49761052100007],[122.08546413800002,13.497384595000028],[122.08652537900002,13.497093519000032],[122.08677255500004,13.497929471000077],[122.08690361600009,13.497852248000072],[122.08673404600006,13.497399727000072],[122.08706033800001,13.496985333000055],[122.08769320200008,13.497067883000057],[122.08774018600002,13.496843502000047],[122.08810387500012,13.496701909000024],[122.08824147600001,13.496424912000066],[122.08883528400008,13.495990049000056],[122.08963870100001,13.49571142700006],[122.09008433200006,13.495729470000072],[122.09117468900001,13.495599890000051],[122.09271272600006,13.495692848000033],[122.09356867600002,13.49566919800003],[122.09425659200008,13.495773649000057],[122.09551955600011,13.496119491000059],[122.09596990500006,13.496345750000046],[122.09664781300012,13.496526800000026],[122.0972642270001,13.496558226000047],[122.0977180970001,13.49673087900004],[122.09829365100006,13.497173516000032],[122.09857218800005,13.49714719700006],[122.09909959000004,13.49684032700003],[122.09987043400008,13.496772372000066],[122.10004949600011,13.497133008000048],[122.09987863800006,13.497545375000072],[122.1000358550001,13.498157641000034],[122.09981950200006,13.498593007000068],[122.10003043300003,13.498665036000034],[122.10021533700001,13.499210837000021],[122.10056988000008,13.499416721000046],[122.10035226800005,13.499648235000052],[122.10035422400006,13.500046202000021],[122.10016296700007,13.500373916000058],[122.10030006600005,13.50071508700006],[122.09979843300005,13.501002028000073],[122.09976077500005,13.501735631000031],[122.09956269800011,13.502174189000073],[122.09924842800001,13.503309131000037],[122.0994324080001,13.50355468400005],[122.09928679200004,13.504497854000022],[122.0990822980001,13.50468599800007],[122.09907472300006,13.504992292000054],[122.0987516020001,13.505420670000035],[122.09773700500011,13.505642237000075],[122.09739693200004,13.50565195300004],[122.09728459100006,13.505978580000033],[122.09694746900004,13.505961218000039],[122.09650892700006,13.506250199000021],[122.09554305800009,13.506618634000063],[122.09527826500005,13.506856681000045],[122.0949208620001,13.506820051000034],[122.09439328000008,13.507097652000027],[122.09366288400008,13.506818335000048],[122.09345977800001,13.507297607000055],[122.09309995700005,13.507531779000033],[122.09290138200004,13.507255749000024],[122.0923834240001,13.507233376000045],[122.09197838000011,13.507363982000072],[122.09189898600005,13.507120633000056],[122.0915839380001,13.507196581000073],[122.09110391800004,13.507539391000023],[122.09077129700006,13.508168498000032],[122.09053084900006,13.50812632000003],[122.09047106000003,13.508632809000062],[122.09007138300001,13.508907513000054],[122.08980042400003,13.508908863000045],[122.08949312300001,13.50922967300005],[122.08926471400002,13.509287416000063],[122.08915954100007,13.509617089000074],[122.0889451050001,13.509586892000073],[122.08825901500006,13.509777459000077],[122.0878363600001,13.510032068000044],[122.08782305700004,13.510493349000058],[122.08747689500001,13.510601363000035],[122.08743923800012,13.510920055000042],[122.08712389900006,13.511326215000054],[122.08708771700003,13.511670055000025],[122.0865775310001,13.511694892000037],[122.08655536200001,13.51195518000003],[122.08623899400004,13.512370273000045],[122.0863381690001,13.51263519400004],[122.08601126000008,13.51300705500006],[122.08571543300002,13.513003641000068],[122.08553272100005,13.513248795000038],[122.08520447600006,13.51330222200005],[122.08497347800005,13.51310148400006],[122.08477374900008,13.513397050000037],[122.08444824900005,13.51345144100003],[122.08415099000001,13.51369969500007],[122.0839328830001,13.513704477000033],[122.08362143700003,13.51329830000003],[122.08341300200004,13.513567676000036],[122.0830753350001,13.513681852000047],[122.0827206560001,13.51353627900005],[122.08211685700007,13.51363808700006],[122.08178020700007,13.513547044000063],[122.08181473700006,13.51418196000003],[122.08142201700002,13.514006640000048],[122.08123644500006,13.514236954000069],[122.0808699590001,13.514008833000048],[122.08054217600011,13.514787098000056],[122.08007835100011,13.514951598000039],[122.0799318380001,13.515491722000036],[122.07911173200011,13.515685500000075],[122.07903940900007,13.515289609000035],[122.07830207000006,13.515524983000034],[122.07815561300004,13.516140078000035],[122.07729466400008,13.516698104000056],[122.07750167900008,13.517235877000076],[122.07724911000003,13.517406856000036],[122.07668391400011,13.517546652000021],[122.07647193900004,13.517297206000023],[122.07613918800007,13.517596855000022],[122.07624763800004,13.517851376000067],[122.076184108,13.518279300000074],[122.07589544200005,13.518333511000037],[122.07602737600007,13.518841414000065],[122.07540472400001,13.519109678000063],[122.0753944710001,13.519399978000024],[122.07487505000006,13.519638412000063],[122.07504025500009,13.520176719000062],[122.07454097400012,13.520308747000058],[122.07432931200003,13.521165607000057],[122.07406098600006,13.521376812000028],[122.07430219900004,13.521743938000043],[122.07412710500012,13.522124364000035],[122.07375826100008,13.522607968000045],[122.0738576120001,13.522804084000029],[122.07359408400009,13.523072209000077],[122.07360723300008,13.523357790000034],[122.07336881600008,13.524052648000065],[122.07301875100006,13.524280976000057],[122.0728049810001,13.524669105000044],[122.07247192300008,13.524631489000058],[122.07237975200007,13.525026732000072],[122.07194246100005,13.525370503000033],[122.0718920710001,13.525546373000054],[122.07091248600011,13.526320217000034],[122.07022713100002,13.526578788000052],[122.06921152000007,13.527405908000048],[122.06876824200003,13.52745285800006],[122.06819639900004,13.527750149000042],[122.06743443800008,13.52797156400004]]]},"properties":{"psgc_code":1704005047,"name":"Polo","corr_code":174005047,"geo_level":"Bgy","city_class":"","inc_class":"","urb_rur":"","pop_2015":"R","pop_2020":"","status":"","adm4_pcode":"PH1704005047","adm4_en":"Polo","adm3_pcode":"PH1704005","adm2_pcode":"PH17040","adm1_pcode":"PH17","adm0_pcode":"PH","shape_len":0.192059795164,"shape_area":0.000567577195582,"shape_sqkm":6.79804652675}},
{"type":"Feature","geometry":{"type":"Polygon","coordinates":[[[122.07355726000003,13.419702320000056],[122.07344147900005,13.420140196000034],[122.07291289800003,13.420345755000028],[122.0715180310001,13.420521949000033],[122.07013784800006,13.420389804000024],[122.06960926700003,13.420507266000072],[122.06909536800003,13.420800923000058],[122.0679501090001,13.42154974600004],[122.06728938300012,13.422254520000024],[122.06652587600001,13.422592225000074],[122.06516037500012,13.422900564000031],[122.06422067500012,13.422900564000031],[122.0636773970001,13.423098983000045],[122.06341963000011,13.423714947000065],[122.06243500000005,13.424322291000067],[122.06222803300011,13.426225868000074],[122.06111959900011,13.425645990000021],[122.06054064900002,13.425426408000021],[122.05912135800008,13.42553014300006],[122.05845749600007,13.425476895000031],[122.05809114100009,13.425274879000028],[122.05789927800004,13.42481020300005],[122.05792511300001,13.424367099000051],[122.05841717400006,13.423947443000031],[122.0591054780001,13.423182380000071],[122.05897772000003,13.422918053000046],[122.05863242300006,13.422795310000026],[122.04904287000011,13.415255140000056],[122.04876065000008,13.414747110000064],[122.04901901800008,13.413983074000043],[122.04905559000008,13.413518082000053],[122.04897722100009,13.412802308000039],[122.0486206700001,13.411628120000046],[122.04810326000006,13.410678110000049],[122.05077700000004,13.395719020000058],[122.05677694000008,13.394755350000025],[122.06549403000008,13.394301220000045],[122.06391673000007,13.398394350000046],[122.06409669000004,13.398519830000055],[122.06543536000004,13.400544650000029],[122.06555262000006,13.401635050000039],[122.06507552000005,13.402286240000024],[122.06515859000001,13.402669880000076],[122.06621379,13.404802400000051],[122.07091972,13.41216724000003],[122.07111033000001,13.412761860000046],[122.07115366000005,13.413928780000049],[122.07183477000001,13.414376210000057],[122.07355726000003,13.419702320000056]]]},"properties":{"psgc_code":1704005048,"name":"Pulong-Parang","corr_code":174005048,"geo_level":"Bgy","city_class":"","inc_class":"","urb_rur":"","pop_2015":"R","pop_2020":"","status":"","adm4_pcode":"PH1704005048","adm4_en":"Pulong-Parang","adm3_pcode":"PH1704005","adm2_pcode":"PH17040","adm1_pcode":"PH17","adm0_pcode":"PH","shape_len":0.0982057384679,"shape_area":0.000511150415,"shape_sqkm":6.1246606385}},
{"type":"Feature","geometry":{"type":"Polygon","coordinates":[[[121.9500246,13.498371770000062],[121.95097955000006,13.504922050000062],[121.95157642000004,13.509341660000075],[121.95072943000002,13.510716800000068],[121.9555233000001,13.516045010000028],[121.9496155600001,13.514968100000033],[121.93839605000005,13.507310480000058],[121.93552134800007,13.507064945000025],[121.93849496000007,13.500681230000055],[121.93989649000002,13.495347410000022],[121.94255088000011,13.493776300000036],[121.9456237600001,13.494204530000047],[121.94561169000008,13.494250630000067],[121.9500246,13.498371770000062]]]},"properties":{"psgc_code":1704005049,"name":"Punong","corr_code":174005049,"geo_level":"Bgy","city_class":"","inc_class":"","urb_rur":"","pop_2015":"R","pop_2020":"","status":"","adm4_pcode":"PH1704005049","adm4_en":"Punong","adm3_pcode":"PH1704005","adm2_pcode":"PH17040","adm1_pcode":"PH17","adm0_pcode":"PH","shape_len":0.0671655557499,"shape_area":0.000216143724932,"shape_sqkm":2.58886081677}},
{"type":"Feature","geometry":{"type":"Polygon","coordinates":[[[121.99825533,13.461011530000064],[121.98062181000012,13.469926520000058],[121.97465298000009,13.46828970000007],[121.97108941200008,13.467298103000076],[121.96403998000005,13.46531882000005],[121.96254420800005,13.464206377000039],[121.96217844400007,13.463804037000045],[121.96157493200008,13.463566290000074],[121.96093484500011,13.463182238000059],[121.96055079200005,13.462834762000057],[121.96013016300003,13.461700892000067],[121.96014845200011,13.461060805000045],[121.95994728200003,13.460640176000027],[121.95943521100003,13.460109818000035],[121.95950836400004,13.459524595000062],[121.95976439900005,13.459268560000055],[121.96025818100009,13.459030813000027],[121.96073367500003,13.458683338000071],[121.96122745700006,13.458427302000075],[121.96159322100004,13.458024962000025],[121.96153293600003,13.456708063000065],[121.96126431100004,13.454465280000022],[121.96270377400003,13.452306086000021],[121.96274165500006,13.449654444000032],[121.96340300000008,13.447035000000028],[121.97483774300008,13.440725190000023],[121.98606301000007,13.442322400000023],[121.99825533,13.461011530000064]]]},"properties":{"psgc_code":1704005050,"name":"San Antonio","corr_code":174005050,"geo_level":"Bgy","city_class":"","inc_class":"","urb_rur":"","pop_2015":"R","pop_2020":"","status":"","adm4_pcode":"PH1704005050","adm4_en":"San Antonio","adm3_pcode":"PH1704005","adm2_pcode":"PH17040","adm1_pcode":"PH17","adm0_pcode":"PH","shape_len":0.105777171456,"shape_area":0.000750531281801,"shape_sqkm":8.99127030458}},
{"type":"Feature","geometry":{"type":"Polygon","coordinates":[[[121.96654945700004,13.51530733900006],[121.96002856700011,13.524247216000049],[121.95994710000002,13.524324070000034],[121.9589779800001,13.52602593000006],[121.95028058000003,13.52496369000005],[121.93786682000007,13.524905850000039],[121.93231649000006,13.522461100000044],[121.93412220000005,13.51242252000003],[121.93552134800007,13.507064945000025],[121.93839605000005,13.507310480000058],[121.9496155600001,13.514968100000033],[121.9555233000001,13.516045010000028],[121.96654945700004,13.51530733900006]]]},"properties":{"psgc_code":1704005051,"name":"San Isidro","corr_code":174005051,"geo_level":"Bgy","city_class":"","inc_class":"","urb_rur":"","pop_2015":"R","pop_2020":"","status":"","adm4_pcode":"PH1704005051","adm4_en":"San Isidro","adm3_pcode":"PH1704005","adm2_pcode":"PH17040","adm1_pcode":"PH17","adm0_pcode":"PH","shape_len":0.0896383796437,"shape_area":0.000362841100228,"shape_sqkm":4.34567926942}},
{"type":"Feature","geometry":{"type":"Polygon","coordinates":[[[122.11517494200007,13.439849796000033],[122.11571726400007,13.440017437000051],[122.11641485200005,13.440034403000027],[122.11745444600001,13.439711436000039],[122.11791955900003,13.439356554000028],[122.11856428400006,13.439027176000025],[122.11941684600004,13.438950352000063],[122.12071066500005,13.439252099000043],[122.12157962100002,13.440083323000067],[122.1219275850001,13.44010682000004],[122.1219585980001,13.440831195000044],[122.12237360400002,13.440647441000067],[122.12253516500004,13.44030329700007],[122.12286313700008,13.439937668000027],[122.12333355400006,13.439928646000055],[122.12379664600007,13.439780818000031],[122.12436752200006,13.440087996000045],[122.12461424100002,13.440428896000071],[122.12535282700003,13.440856379000024],[122.12553541300008,13.441332398000043],[122.12575907100006,13.441508726000052],[122.12573180400011,13.442017962000023],[122.12590034300001,13.442316839000057],[122.1258968300001,13.443010621000042],[122.12612518100002,13.443217050000044],[122.12618212000007,13.443659839000077],[122.12603417700007,13.44377243100007],[122.12635486500005,13.444325109000033],[122.1262558410001,13.444589862000043],[122.12648873100011,13.44471930800006],[122.12671691700007,13.445385552000062],[122.1270805370001,13.445690382000066],[122.12739946700003,13.446231701000045],[122.12788972800001,13.446608640000022],[122.127876807,13.44683685700005],[122.1282661460001,13.446885207000037],[122.12862338200011,13.44749465800004],[122.12883771100007,13.448258528000054],[122.12831434500004,13.448619643000029],[122.12872614700007,13.449111438000045],[122.12873308600001,13.449562356000058],[122.1283184240001,13.450013548000072],[122.1279355900001,13.450203669000075],[122.12772907400006,13.451415694000048],[122.12768637500005,13.451980812000045],[122.12778160200003,13.452786784000068],[122.12763704300005,13.453531319000035],[122.12762542300004,13.454226079000023],[122.12720025100009,13.454926503000024],[122.12718610200011,13.455323933000045],[122.12676059800003,13.45582097700003],[122.12631534200011,13.455995102000031],[122.12578546600002,13.457053082000073],[122.12505481900007,13.458142747000068],[122.10705101000008,13.454454870000063],[122.1047778300001,13.455522130000077],[122.10450810000009,13.455569740000044],[122.09972715000004,13.45489316000004],[122.0989662400001,13.449003030000029],[122.09893255000009,13.448879390000059],[122.10239788000001,13.44696564000003],[122.10970472000008,13.44476547000005],[122.11507686100003,13.439833961000033],[122.11517494200007,13.439849796000033]]]},"properties":{"psgc_code":1704005052,"name":"Tagum","corr_code":174005052,"geo_level":"Bgy","city_class":"","inc_class":"","urb_rur":"","pop_2015":"R","pop_2020":"","status":"","adm4_pcode":"PH1704005052","adm4_en":"Tagum","adm3_pcode":"PH1704005","adm2_pcode":"PH17040","adm1_pcode":"PH17","adm0_pcode":"PH","shape_len":0.0931936256069,"shape_area":0.000369347380128,"shape_sqkm":4.42485199102}},
{"type":"Feature","geometry":{"type":"Polygon","coordinates":[[[122.09209953000004,13.462550700000065],[122.09186585700002,13.462832258000049],[122.09139264800001,13.46298282500004],[122.09081189100004,13.462789239000074],[122.09031717200003,13.462531125000055],[122.08949981100011,13.461950368000032],[122.08902660100011,13.46205791500006],[122.08868244900009,13.462294520000057],[122.08784357800005,13.463047353000036],[122.0874348970001,13.463585091000027],[122.08663904600007,13.464337924000063],[122.08539686000006,13.464902990000041],[122.08418132000008,13.447972550000031],[122.0841798670001,13.44791252500005],[122.07426955000005,13.443547920000071],[122.0893574800001,13.439949230000025],[122.09507008000003,13.443786800000055],[122.09981617000005,13.445495200000039],[122.10239788000001,13.44696564000003],[122.09893255000009,13.448879390000059],[122.0989662400001,13.449003030000029],[122.09972715000004,13.45489316000004],[122.09864505000007,13.455700250000064],[122.09814087000007,13.456145410000033],[122.09209953000004,13.462550700000065]]]},"properties":{"psgc_code":1704005053,"name":"Tamayo","corr_code":174005053,"geo_level":"Bgy","city_class":"","inc_class":"","urb_rur":"","pop_2015":"R","pop_2020":"","status":"","adm4_pcode":"PH1704005053","adm4_en":"Tamayo","adm3_pcode":"PH1704005","adm2_pcode":"PH17040","adm1_pcode":"PH17","adm0_pcode":"PH","shape_len":0.087328609512,"shape_area":0.000316198374542,"shape_sqkm":3.7880933924}},
{"type":"Feature","geometry":{"type":"Polygon","coordinates":[[[122.06549403000008,13.394301220000045],[122.05677694000008,13.394755350000025],[122.05077700000004,13.395719020000058],[122.03505519100008,13.387929343000053],[122.02788670000007,13.381332230000055],[122.04382899000007,13.380184000000042],[122.04545097000005,13.378966690000027],[122.05759605500009,13.37850852400004],[122.05795518000002,13.378528990000063],[122.06074677000004,13.379251170000032],[122.06438678000006,13.384809890000042],[122.0645747100001,13.385634830000072],[122.06447982000009,13.386541590000036],[122.06425963000004,13.387320350000039],[122.0635629300001,13.389014830000065],[122.06549403000008,13.394301220000045]]]},"properties":{"psgc_code":1704005054,"name":"Tambangan","corr_code":174005054,"geo_level":"Bgy","city_class":"","inc_class":"","urb_rur":"","pop_2015":"R","pop_2020":"","status":"","adm4_pcode":"PH1704005054","adm4_en":"Tambangan","adm3_pcode":"PH1704005","adm2_pcode":"PH17040","adm1_pcode":"PH17","adm0_pcode":"PH","shape_len":0.0921738682057,"shape_area":0.000421633594906,"shape_sqkm":5.05253737042}},
{"type":"Feature","geometry":{"type":"Polygon","coordinates":[[[122.07653955100011,13.475563525000041],[122.0765301560001,13.475351188000047],[122.07575206400008,13.47507157900003],[122.07517484300001,13.476285528000062],[122.07485542900008,13.476582251000025],[122.07284548400003,13.477492187000053],[122.07188656500011,13.478002401000026],[122.07064827900001,13.478430348000074],[122.06988669600003,13.478733913000042],[122.06948732600006,13.478590301000054],[122.06913216100008,13.478144660000055],[122.0688732650001,13.47795783500004],[122.06817068400005,13.477706517000058],[122.06787476300008,13.477411853000035],[122.06769705800002,13.47694455900006],[122.06744557100001,13.476779302000068],[122.06672841500006,13.476916277000043],[122.06629954100003,13.476887727000076],[122.06573149100007,13.477016836000075],[122.06572076000009,13.464880530000073],[122.06590675900009,13.464836879000075],[122.06590302600011,13.463933716000042],[122.06617920000008,13.462926056000072],[122.0662426450001,13.46233638800004],[122.06620159200008,13.461619829000028],[122.0659963280001,13.461045090000027],[122.06562685300003,13.460500207000052],[122.06555967500003,13.46017551600005],[122.06569776200001,13.459746327000062],[122.06624637800007,13.459500010000056],[122.06690695500004,13.459473886000069],[122.06795566800008,13.459891878000064],[122.0682430380001,13.459847094000054],[122.06856772800006,13.45951493900003],[122.06872074400007,13.45863416900005],[122.06873194000002,13.458119143000033],[122.06806016600001,13.455753006000066],[122.06784370600008,13.454793862000031],[122.06794447200002,13.454178070000069],[122.06825423500004,13.45386830700005],[122.0684221780001,13.453267443000072],[122.06840521200002,13.452869747000022],[122.06814716000008,13.452889300000038],[122.06704695000008,13.450714530000027],[122.06591212000001,13.443486730000075],[122.06947158000003,13.439834560000065],[122.07164811000007,13.442212260000076],[122.07415204000006,13.44359301000003],[122.07426955000005,13.443547920000071],[122.0841798670001,13.44791252500005],[122.08418132000008,13.447972550000031],[122.08539686000006,13.464902990000041],[122.08314213000006,13.46851995000003],[122.07653955100011,13.475563525000041]]]},"properties":{"psgc_code":1704005055,"name":"Tawiran","corr_code":174005055,"geo_level":"Bgy","city_class":"","inc_class":"","urb_rur":"","pop_2015":"R","pop_2020":"","status":"","adm4_pcode":"PH1704005055","adm4_en":"Tawiran","adm3_pcode":"PH1704005","adm2_pcode":"PH17040","adm1_pcode":"PH17","adm0_pcode":"PH","shape_len":0.104545744702,"shape_area":0.000553372022066,"shape_sqkm":6.62921596943}},
{"type":"Feature","geometry":{"type":"Polygon","coordinates":[[[122.10095719000003,13.422908144000075],[122.10107931300001,13.423367987000063],[122.10192892700002,13.423733606000042],[122.10225798500005,13.423964750000039],[122.10239547700007,13.424367041000039],[122.10227769200003,13.424883607000027],[122.10227705700004,13.425637109000036],[122.10243162500001,13.426073185000064],[122.10243090300003,13.426936147000049],[122.10220909100008,13.427501096000071],[122.10217515500005,13.42837901200005],[122.10194233000004,13.428879368000025],[122.10117925000009,13.430238019000058],[122.10056681900005,13.431235705000063],[122.09984126600011,13.432049874000029],[122.09938328900012,13.43227381500003],[122.08678524000004,13.42964175000003],[122.08460150000008,13.429130870000051],[122.07644147000008,13.424033500000064],[122.07576999000003,13.42420106000003],[122.07483742000011,13.422049340000058],[122.07355726000003,13.419702320000056],[122.07183477000001,13.414376210000057],[122.07115366000005,13.413928780000049],[122.07111033000001,13.412761860000046],[122.07091972,13.41216724000003],[122.07151182000007,13.411789050000039],[122.07813109000006,13.404802480000058],[122.09140417000003,13.41476195000007],[122.09183643000006,13.414791790000038],[122.09241218000011,13.415373990000035],[122.09283748000007,13.415390340000044],[122.09282272000007,13.415621010000052],[122.09765221000009,13.416668160000029],[122.1007810100001,13.423189280000031],[122.10095719000003,13.422908144000075]]]},"properties":{"psgc_code":1704005056,"name":"Taytay","corr_code":174005056,"geo_level":"Bgy","city_class":"","inc_class":"","urb_rur":"","pop_2015":"R","pop_2020":"","status":"","adm4_pcode":"PH1704005056","adm4_en":"Taytay","adm3_pcode":"PH1704005","adm2_pcode":"PH17040","adm1_pcode":"PH17","adm0_pcode":"PH","shape_len":0.0913255854282,"shape_area":0.000477530608701,"shape_sqkm":5.72158877237}},
{"type":"Feature","geometry":{"type":"Polygon","coordinates":[[[122.07120957000006,13.377466670000047],[122.06544827000005,13.377396090000047],[122.06074677000004,13.379251170000032],[122.05795518000002,13.378528990000063],[122.06148329000007,13.361790830000075],[122.06324039000003,13.357455040000048],[122.06699976000004,13.35423639000004],[122.0739954600001,13.351418980000062],[122.08125997000002,13.363941210000064],[122.07796739000003,13.370583280000062],[122.07120957000006,13.377466670000047]]]},"properties":{"psgc_code":1704006001,"name":"Bangwayin","corr_code":174006001,"geo_level":"Bgy","city_class":"","inc_class":"","urb_rur":"","pop_2015":"R","pop_2020":"","status":"","adm4_pcode":"PH1704006001","adm4_en":"Bangwayin","adm3_pcode":"PH1704006","adm2_pcode":"PH17040","adm1_pcode":"PH17","adm0_pcode":"PH","shape_len":0.0795108771942,"shape_area":0.000405462186022,"shape_sqkm":4.85915326189}},
{"type":"Feature","geometry":{"type":"Polygon","coordinates":[[[122.06580936000012,13.33112790000007],[122.0420900800001,13.333204440000031],[122.04358303900005,13.329595340000026],[122.05224392000002,13.318663510000022],[122.05678364000005,13.318092370000045],[122.05886931000009,13.32108831000005],[122.06381413000008,13.325136100000066],[122.06580936000012,13.33112790000007]]]},"properties":{"psgc_code":1704006002,"name":"Bayakbakin","corr_code":174006002,"geo_level":"Bgy","city_class":"","inc_class":"","urb_rur":"","pop_2015":"R","pop_2020":"","status":"","adm4_pcode":"PH1704006002","adm4_en":"Bayakbakin","adm3_pcode":"PH1704006","adm2_pcode":"PH17040","adm1_pcode":"PH17","adm0_pcode":"PH","shape_len":0.0625941017856,"shape_area":0.000212392375768,"shape_sqkm":2.5457623712}},
{"type":"Feature","geometry":{"type":"Polygon","coordinates":[[[122.1041398000001,13.383879410000077],[122.09785069000009,13.390127280000058],[122.09775061000005,13.390128540000035],[122.09478124000009,13.391143420000049],[122.09292638500006,13.389846091000038],[122.07796739000003,13.370583280000062],[122.08125997000002,13.363941210000064],[122.08624067000005,13.361414900000057],[122.09077980000006,13.358942580000075],[122.09530744000006,13.357798940000066],[122.09817398000007,13.374386900000047],[122.1041398000001,13.383879410000077]]]},"properties":{"psgc_code":1704006003,"name":"Bolo","corr_code":174006003,"geo_level":"Bgy","city_class":"","inc_class":"","urb_rur":"","pop_2015":"R","pop_2020":"","status":"","adm4_pcode":"PH1704006003","adm4_en":"Bolo","adm3_pcode":"PH1704006","adm2_pcode":"PH17040","adm1_pcode":"PH17","adm0_pcode":"PH","shape_len":0.0896378560389,"shape_area":0.000460471116531,"shape_sqkm":5.51820812518}},
{"type":"Feature","geometry":{"type":"Polygon","coordinates":[[[122.12934085500001,13.363282846000061],[122.11794170000007,13.371103800000071],[122.1222077760001,13.377526473000046],[122.11748731000012,13.379237340000032],[122.11395593000009,13.37756440000004],[122.09817398000007,13.374386900000047],[122.09530744000006,13.357798940000066],[122.10370495000006,13.347376890000021],[122.1231731800001,13.348245260000056],[122.12371849700003,13.348261614000023],[122.12365704600006,13.347992814000065],[122.12385499000004,13.34870903500007],[122.12451037000005,13.349884916000065],[122.12484901900007,13.351276280000036],[122.12474719500005,13.35179867000005],[122.1244567230001,13.351940339000066],[122.12431930800005,13.352275131000056],[122.12453850600002,13.352990077000072],[122.12483262500007,13.353288285000076],[122.12474692700005,13.353521819000036],[122.12493463100009,13.354050630000074],[122.12474507900004,13.354612391000046],[122.12453809500005,13.35627757900005],[122.1246622860001,13.356707449000055],[122.12491787900001,13.357163609000054],[122.12518420600009,13.357977532000064],[122.12564582200002,13.358888703000048],[122.12564563800004,13.359134632000064],[122.12587003100009,13.359597269000062],[122.12655395900003,13.360666671000047],[122.12719073300002,13.361246022000046],[122.12798600800011,13.362116846000049],[122.1281054420001,13.362364979000063],[122.12892860800002,13.363020305000077],[122.12934085500001,13.363282846000061]]]},"properties":{"psgc_code":1704006004,"name":"Bonliw","corr_code":174006004,"geo_level":"Bgy","city_class":"","inc_class":"","urb_rur":"","pop_2015":"R","pop_2020":"","status":"","adm4_pcode":"PH1704006004","adm4_en":"Bonliw","adm3_pcode":"PH1704006","adm2_pcode":"PH17040","adm1_pcode":"PH17","adm0_pcode":"PH","shape_len":0.115784301478,"shape_area":0.000754742938186,"shape_sqkm":9.04515798722}},
{"type":"Feature","geometry":{"type":"Polygon","coordinates":[[[122.07720104000009,13.322605600000031],[122.06580936000012,13.33112790000007],[122.06381413000008,13.325136100000066],[122.05886931000009,13.32108831000005],[122.05678364000005,13.318092370000045],[122.05224392000002,13.318663510000022],[122.04196050000007,13.309082580000052],[122.06484209000007,13.299028650000025],[122.06533344000002,13.298952210000039],[122.06546540300008,13.299230279000028],[122.06582087700008,13.30053219000007],[122.066287224,13.301433221000025],[122.0668938340001,13.302427550000061],[122.06700254000009,13.302948781000055],[122.06800813300003,13.304799359000071],[122.06824231600001,13.305514176000031],[122.06854944000008,13.30601880200004],[122.06937841600006,13.306631948000074],[122.07089159100008,13.307941326000048],[122.07129485700011,13.308210471000052],[122.07231542700004,13.30909893300003],[122.07276201800005,13.309295619000068],[122.07387275600001,13.309399563000056],[122.07512074600004,13.309615546000032],[122.07672371800004,13.31011200200004],[122.07903031900003,13.310669868000048],[122.07940314400003,13.31069724200006],[122.08011640000007,13.310909380000055],[122.08034142500003,13.311089068000058],[122.08168645400008,13.311619490000055],[122.08202093300008,13.311697643000059],[122.08224081100002,13.312062774000026],[122.08261512700005,13.312444317000029],[122.08308980200002,13.312673483000026],[122.08341496100002,13.313222346000032],[122.08125503800011,13.313898785000049],[122.08067883300009,13.31479396900005],[122.07720104000009,13.322605600000031]]]},"properties":{"psgc_code":1704006005,"name":"Buangan","corr_code":174006005,"geo_level":"Bgy","city_class":"","inc_class":"","urb_rur":"","pop_2015":"R","pop_2020":"","status":"","adm4_pcode":"PH1704006005","adm4_en":"Buangan","adm3_pcode":"PH1704006","adm2_pcode":"PH17040","adm1_pcode":"PH17","adm0_pcode":"PH","shape_len":0.11173200722,"shape_area":0.000599851689677,"shape_sqkm":7.19027449324}},
{"type":"Feature","geometry":{"type":"Polygon","coordinates":[[[122.06546540300008,13.299230279000028],[122.06533344000002,13.298952210000039],[122.06484209000007,13.299028650000025],[122.04196050000007,13.309082580000052],[122.02794705000008,13.308725090000053],[122.02726920000009,13.30187305000004],[122.02668172100005,13.28743942500006],[122.0246201000001,13.284653716000037],[122.01828675000002,13.277520958000025],[122.02210351700012,13.27760353900004],[122.0310485330001,13.279157695000038],[122.03182700800005,13.279951341000071],[122.04822728700003,13.27933027000006],[122.04857437100009,13.278672382000025],[122.04919715500012,13.27914781000004],[122.05046546500012,13.27993870000006],[122.0508958800001,13.280118483000024],[122.05400777000011,13.281127320000053],[122.05552058900003,13.281440514000053],[122.05759487500006,13.28231334800006],[122.05850467100004,13.28264316700006],[122.05950279000001,13.282910687000026],[122.05925933000003,13.28395325300005],[122.05955439400009,13.284110058000067],[122.06051527400007,13.283575616000064],[122.06094261300007,13.283653204000075],[122.06233904300007,13.286553041000047],[122.06358055500004,13.287551407000024],[122.06524196600003,13.288712701000065],[122.06536915000004,13.288884349000057],[122.06538609600011,13.289381126000023],[122.0652889910001,13.289835763000042],[122.06495214000006,13.290716241000041],[122.06451984300008,13.291671101000077],[122.0643163100001,13.292755588000034],[122.06432748800012,13.293680675000076],[122.06447839100008,13.29470394200007],[122.06455976400002,13.295758165000052],[122.06472947500004,13.29718119200004],[122.06512002200009,13.298397349000027],[122.06546540300008,13.299230279000028]]]},"properties":{"psgc_code":1704006006,"name":"Cabuyo","corr_code":174006006,"geo_level":"Bgy","city_class":"","inc_class":"","urb_rur":"","pop_2015":"R","pop_2020":"","status":"","adm4_pcode":"PH1704006006","adm4_en":"Cabuyo","adm3_pcode":"PH1704006","adm2_pcode":"PH17040","adm1_pcode":"PH17","adm0_pcode":"PH","shape_len":0.13802955232,"shape_area":0.000986886140839,"shape_sqkm":11.8305561979}},
{"type":"Feature","geometry":{"type":"Polygon","coordinates":[[[122.12365704600006,13.347992814000065],[122.12371849700003,13.348261614000023],[122.1231731800001,13.348245260000056],[122.10370495000006,13.347376890000021],[122.1051229200001,13.33702130000006],[122.10805905000007,13.333425380000051],[122.10866621600007,13.332893873000046],[122.10904985400009,13.333130074000053],[122.10891064300006,13.334072200000037],[122.108746085,13.334447934000025],[122.1090407260001,13.334658741000055],[122.10917914600009,13.335208874000045],[122.10971573400002,13.335013365000066],[122.10983176000002,13.334571006000033],[122.11013398800003,13.334333987000036],[122.11056822300009,13.334260850000021],[122.11129198800006,13.334691262000035],[122.11152589200003,13.335015643000077],[122.11140591800006,13.33552816100007],[122.11169208600006,13.335695226000041],[122.11284332700006,13.336019806000024],[122.11332519900009,13.336244089000047],[122.11454268200009,13.335810368000068],[122.11506164100001,13.335457371000075],[122.11566443700008,13.335249600000054],[122.11627509800007,13.335899095000059],[122.1166808700001,13.336196051000059],[122.11665643700007,13.336391667000044],[122.11695607200011,13.336838038000053],[122.1173437430001,13.336992743000053],[122.11737568300009,13.337379269000053],[122.11712356900011,13.337573378000059],[122.1173950220001,13.337931486000059],[122.11851424000008,13.338604247000035],[122.11953932000006,13.338639665000073],[122.12034826500008,13.339298628000051],[122.12045651500011,13.339576880000038],[122.12040637200005,13.339972186000068],[122.12060565500008,13.340236743000048],[122.12055690700004,13.340723190000062],[122.1200645670001,13.340801929000065],[122.11997263500007,13.341217000000029],[122.11937779800007,13.341840610000077],[122.11964468800011,13.342464792000044],[122.12003556100001,13.342877925000039],[122.12065387700011,13.343186442000047],[122.12071026300009,13.343007023000041],[122.12119998200001,13.342953417000047],[122.12153292800008,13.343201110000052],[122.12191255100004,13.34321707600003],[122.12204722700005,13.343446794000045],[122.12245032400006,13.343611235000026],[122.1224459020001,13.343929389000039],[122.12271940300002,13.344254118000038],[122.123324464,13.344562887000052],[122.12329858100009,13.344943835000038],[122.12350188200003,13.345596458000045],[122.12379049800006,13.345939722000026],[122.1243396430001,13.346112831000028],[122.12456684900008,13.346418652000068],[122.12458804900007,13.346810997000034],[122.12440327000002,13.347152020000067],[122.12419547700006,13.34712048700004],[122.12372943100002,13.347528700000055],[122.12365704600006,13.347992814000065]]]},"properties":{"psgc_code":1704006007,"name":"Cagpo","corr_code":174006007,"geo_level":"Bgy","city_class":"","inc_class":"","urb_rur":"","pop_2015":"R","pop_2020":"","status":"","adm4_pcode":"PH1704006007","adm4_en":"Cagpo","adm3_pcode":"PH1704006","adm2_pcode":"PH17040","adm1_pcode":"PH17","adm0_pcode":"PH","shape_len":0.0735924900743,"shape_area":0.000202530029214,"shape_sqkm":2.42740057964}},
{"type":"Feature","geometry":{"type":"Polygon","coordinates":[[[122.03207156500002,13.20179130400004],[122.03225547900001,13.20194301400005],[122.03345769300006,13.203251874000046],[122.03447803300003,13.204540031000022],[122.03556693300004,13.206064248000075],[122.03597806100004,13.206822514000066],[122.03647505300012,13.207937130000062],[122.03703586500001,13.20902914100003],[122.0376100950001,13.210008877000064],[122.03857843900005,13.211420159000056],[122.03889351900011,13.211767130000055],[122.04005363300007,13.21349379000003],[122.04156317800005,13.214852349000068],[122.04229806700005,13.21582991300005],[122.04270730300004,13.21666493600003],[122.04296907700007,13.217362055000024],[122.04317457800005,13.218246860000022],[122.04322247400012,13.218825705000029],[122.04345172700005,13.219758231000071],[122.0440570080001,13.221458960000064],[122.04497093500004,13.223056464000024],[122.04570095600002,13.224738779000063],[122.04603575600004,13.225678816000027],[122.04741598800001,13.228582223000046],[122.04793055000005,13.229544110000063],[122.0485049130001,13.230962021000039],[122.04901856700008,13.232004114000063],[122.04946064400008,13.232998397000074],[122.04990752100002,13.235366303000035],[122.05017113600002,13.236144702000047],[122.05133923800008,13.237994041000036],[122.05213546200002,13.238873966000028],[122.05236041900002,13.239206575000026],[122.05292695100002,13.240728231000048],[122.05310496800007,13.242380966000042],[122.0533389520001,13.243869485000062],[122.0533677200001,13.244806569000048],[122.05346018800003,13.245721034000042],[122.05399095200005,13.247220569000035],[122.05407749000005,13.24833480500007],[122.0541907280001,13.248961044000055],[122.05425060200002,13.250101034000068],[122.05419549900012,13.250933300000042],[122.05431273400006,13.252025846000038],[122.05432864200009,13.252922411000043],[122.05405023800006,13.253723523000076],[122.05400111800009,13.254751859000066],[122.05390473500006,13.255174827000076],[122.05316678400004,13.256540415000075],[122.05234014000007,13.255978360000029],[122.0513630700001,13.255423730000075],[122.0425478200001,13.252440690000071],[122.03251401000011,13.244928240000036],[122.0174846860001,13.23703676200006],[122.0244220730001,13.215329575000055],[122.02446738000003,13.209563400000036],[122.02495513000008,13.20854324000004],[122.0252555300001,13.208200170000055],[122.03179518000002,13.202201580000064],[122.0322872800001,13.201982390000069],[122.03207156500002,13.20179130400004]]]},"properties":{"psgc_code":1704006008,"name":"Dampulan","corr_code":174006008,"geo_level":"Bgy","city_class":"","inc_class":"","urb_rur":"","pop_2015":"R","pop_2020":"","status":"","adm4_pcode":"PH1704006008","adm4_en":"Dampulan","adm3_pcode":"PH1704006","adm2_pcode":"PH17040","adm1_pcode":"PH17","adm0_pcode":"PH","shape_len":0.141908875335,"shape_area":0.00105657863417,"shape_sqkm":12.66916599}},
{"type":"Feature","geometry":{"type":"Polygon","coordinates":[[[122.12934085500001,13.363282846000061],[122.13001602700001,13.363748213000065],[122.13060803000008,13.364053639000076],[122.13079059400002,13.36405376600004],[122.13121784300006,13.364506180000035],[122.13157012200008,13.364606434000052],[122.1318612980001,13.365070738000043],[122.1327701670001,13.365452323000056],[122.13301580300003,13.365779082000074],[122.13337002500009,13.366012966000028],[122.13388268800009,13.366192071000057],[122.13459220700008,13.366559493000068],[122.13467888000002,13.366827414000056],[122.13509384000008,13.367148556000075],[122.13644018600007,13.367890129000045],[122.13717008900005,13.368213699000023],[122.13726672200005,13.368413272000055],[122.13819211100008,13.369049881000024],[122.13860686900011,13.369503661000067],[122.1395586970001,13.370130113000073],[122.14256930600004,13.370946152000045],[122.14339869100002,13.371099125000057],[122.14398458300002,13.371018801000048],[122.14397347600004,13.37040681700006],[122.14476558700005,13.370106941000074],[122.1453633220001,13.370133801000065],[122.14605477100008,13.369813683000075],[122.14634987700003,13.369547111000031],[122.1466970030001,13.368920458000048],[122.14718550400005,13.368878173000041],[122.14739854000004,13.369019533000028],[122.14786633200004,13.368712703000028],[122.14815790600005,13.368697689000044],[122.14877210300006,13.369264006000037],[122.14857929400011,13.369517157000075],[122.14890456,13.369732641000041],[122.14918571200008,13.369718122000052],[122.14925482100011,13.370267764000062],[122.14887800100007,13.370570088000022],[122.14899485700005,13.37101395700006],[122.14930193000009,13.371188906000043],[122.14976287600007,13.370943518000047],[122.15060180700004,13.371002288000057],[122.15073801200003,13.371302116000038],[122.15057116600008,13.371663875000024],[122.15029505300004,13.371916976000023],[122.15038847000005,13.372379376000026],[122.15033096000002,13.37274405200003],[122.14939297400008,13.373360240000068],[122.14904332800006,13.373866391000035],[122.14875867800004,13.373936609000054],[122.14854383500005,13.374234443000034],[122.14812769000002,13.37455949300005],[122.14812432300005,13.374788249000062],[122.14784694100001,13.375332208000032],[122.14783713400004,13.375573735000046],[122.14758684300011,13.375775959000066],[122.14728687200011,13.376563937000071],[122.14703117300007,13.376685793000036],[122.14680740200004,13.37708460400006],[122.14682473200003,13.377352269000028],[122.14658816600002,13.377648660000034],[122.14622489800001,13.37745445400003],[122.14611679900008,13.377886233000027],[122.14570887600007,13.377970627000025],[122.14546875100007,13.378241585000069],[122.14522940200004,13.378239018000045],[122.14516046800009,13.377929640000048],[122.14438861400004,13.377240215000029],[122.14436631800004,13.376921079000056],[122.14415746300006,13.376658139000028],[122.14344738800003,13.376137455000048],[122.14305124500004,13.376407628000038],[122.14274590200012,13.376163397000028],[122.14196387600009,13.376542339000025],[122.14192832600008,13.376797539000052],[122.14141563500004,13.377264874000048],[122.14118087800011,13.377260028000023],[122.14043842000001,13.377624929000035],[122.14036622800006,13.378028908000033],[122.13975710700004,13.378286593000041],[122.13966580300007,13.378504201000055],[122.13932168400004,13.378527438000049],[122.13912891900009,13.378255118000027],[122.13822347000007,13.378397838000069],[122.13850148300003,13.378632026000048],[122.13843954600009,13.378997794000043],[122.13816250400009,13.379647256000055],[122.13815020700008,13.380304296000077],[122.13822415000004,13.380959048000022],[122.13799560400003,13.381338903000028],[122.13834039800008,13.381571085000076],[122.13859711700002,13.382010644000047],[122.13881100200001,13.382645296000021],[122.13904268500005,13.382619128000044],[122.1393416950001,13.383039650000057],[122.13951048100012,13.383488190000037],[122.13996475700003,13.383782347000022],[122.14008086800004,13.384286584000051],[122.14042411800006,13.384318065000059],[122.1408131930001,13.384550111000067],[122.14132642600009,13.384427066000057],[122.14163023900005,13.384800132000066],[122.14189401800002,13.384826624000027],[122.14242262900007,13.385230286000024],[122.14295460100004,13.386039389000075],[122.14289687000007,13.38611644200006],[122.1433433740001,13.387065848000077],[122.143740105,13.387464359000035],[122.143501334,13.388138573000049],[122.143876395,13.388371337000024],[122.14378277800006,13.388584165000054],[122.14397870000005,13.389126807000025],[122.14296855100008,13.389312870000026],[122.14247494200004,13.38950950900005],[122.1421865100001,13.389519714000073],[122.1419530600001,13.38992722300003],[122.14130234800007,13.389993048000065],[122.14059117700003,13.390471728000023],[122.14038128200002,13.39091078000007],[122.13960621400008,13.391225391000035],[122.13951395600009,13.391399398000033],[122.13854433200004,13.391904342000032],[122.13776083900007,13.391790807000064],[122.13701168400007,13.391835771000046],[122.13658297100005,13.39195759100005],[122.13645768200001,13.391634053000075],[122.1360368710001,13.391637660000072],[122.13577239300002,13.391350291000037],[122.13566050300005,13.39096207800003],[122.13572179000005,13.390572003000045],[122.13521350100007,13.390600059000064],[122.13486909400001,13.390456935000032],[122.13443117500003,13.390605815000072],[122.13417325400007,13.390892721000057],[122.13382835400012,13.39095990800007],[122.13339290700003,13.391750239000032],[122.13297484600002,13.391882251000027],[122.13232819400002,13.391234094000026],[122.13188837100006,13.390234673000066],[122.13137818700011,13.389735382000026],[122.13107664500001,13.389588452000055],[122.13095849400008,13.389273246000073],[122.12985865700011,13.389485129000036],[122.12922285600007,13.389804843000036],[122.1289730090001,13.389798743000028],[122.12873316000002,13.390086666000059],[122.1284207430001,13.390224283000066],[122.12816483800009,13.390170752000074],[122.1280009840001,13.39067187300003],[122.12739322800007,13.391072235000024],[122.12664686500011,13.390873118000059],[122.12615926100011,13.390911493000033],[122.12576873400008,13.391075729000022],[122.12515448500005,13.39173712400003],[122.12471284800006,13.392994065000039],[122.12455287400007,13.39363965900003],[122.12431275100005,13.393675423000047],[122.12387885800001,13.393504433000032],[122.12363437700003,13.393194334000043],[122.12321405400007,13.392306794000035],[122.12287319200004,13.392343393000033],[122.1222334900001,13.391128607000041],[122.12187293400007,13.390637785000024],[122.12179641900002,13.388870446000055],[122.12213158300005,13.388160779000032],[122.12273468800004,13.387804174000053],[122.12312931500003,13.387274391000062],[122.1231286420001,13.386983325000074],[122.12275310100006,13.386593915000049],[122.12233187800007,13.386561436000022],[122.12164045700001,13.386841840000045],[122.12114416100007,13.386810141000069],[122.12105152000004,13.38641227100004],[122.12113330500006,13.385734027000069],[122.12106950500004,13.384805720000031],[122.12110222700005,13.384298294000075],[122.11931398000002,13.380726390000063],[122.11748731000012,13.379237340000032],[122.1222077760001,13.377526473000046],[122.11794170000007,13.371103800000071],[122.12934085500001,13.363282846000061]]]},"properties":{"psgc_code":1704006009,"name":"Kay Duke","corr_code":174006009,"geo_level":"Bgy","city_class":"","inc_class":"","urb_rur":"","pop_2015":"R","pop_2020":"","status":"","adm4_pcode":"PH1704006009","adm4_en":"Kay Duke","adm3_pcode":"PH1704006","adm2_pcode":"PH17040","adm1_pcode":"PH17","adm0_pcode":"PH","shape_len":0.157865407869,"shape_area":0.000553465898095,"shape_sqkm":6.63253626288}},
{"type":"Feature","geometry":{"type":"Polygon","coordinates":[[[122.11008352500005,13.411620093000067],[122.11002683000004,13.411708000000033],[122.09662786000001,13.405770090000033],[122.08758923000005,13.398325370000066],[122.09549571000002,13.394366680000076],[122.10049418000006,13.396673380000038],[122.10280406000004,13.398378850000029],[122.10296617000006,13.398525610000036],[122.10477247000006,13.401063900000054],[122.10782331000007,13.404710530000045],[122.11271809000004,13.407076580000023],[122.11758172400005,13.409213171000033],[122.11702448900007,13.409543448000022],[122.11642406300007,13.40972716400006],[122.11583295300011,13.409807576000048],[122.11476927400008,13.409856192000063],[122.114561406,13.409950363000064],[122.11377173700009,13.41002613300003],[122.11265167500005,13.40998350500007],[122.11228161100007,13.409824785000069],[122.11201544100004,13.409368464000067],[122.11178345200005,13.409373090000031],[122.11154124200004,13.409814624000035],[122.11125494500004,13.409838414000035],[122.11104285500005,13.409651004000068],[122.11078250600008,13.409698517000038],[122.1106944920001,13.410154552000051],[122.11036332600008,13.410725652000053],[122.11008352500005,13.411620093000067]]]},"properties":{"psgc_code":1704006010,"name":"Mabuhay","corr_code":174006010,"geo_level":"Bgy","city_class":"","inc_class":"","urb_rur":"","pop_2015":"R","pop_2020":"","status":"","adm4_pcode":"PH1704006010","adm4_en":"Mabuhay","adm3_pcode":"PH1704006","adm2_pcode":"PH17040","adm1_pcode":"PH17","adm0_pcode":"PH","shape_len":0.0722921435366,"shape_area":0.000190631051548,"shape_sqkm":2.28422519439}},
{"type":"Feature","geometry":{"type":"Polygon","coordinates":[[[122.05316678400004,13.256540415000075],[122.05269157200007,13.25764466000004],[122.05213353800002,13.258434760000057],[122.05159281800002,13.258946614000024],[122.0512273700001,13.259170608000034],[122.04947569600006,13.26009099600003],[122.04901593500006,13.26038786600003],[122.04828234600006,13.261096249000047],[122.04778345600005,13.261788696000053],[122.04719298600003,13.262309507000055],[122.04606880800009,13.26294167900005],[122.04572346500004,13.26321015700006],[122.04538109400005,13.263727331000041],[122.04494178000004,13.264826093000067],[122.04469390500003,13.265589914000032],[122.04429829000003,13.266492925000023],[122.0435681130001,13.26640913500006],[122.04191809800011,13.266022773000032],[122.03869306000001,13.264756810000051],[122.02694238300012,13.253515277000076],[122.02151670400008,13.249740947000078],[122.01279771700001,13.243593696000062],[122.0174846860001,13.23703676200006],[122.03251401000011,13.244928240000036],[122.0425478200001,13.252440690000071],[122.0513630700001,13.255423730000075],[122.05234014000007,13.255978360000029],[122.05316678400004,13.256540415000075]]]},"properties":{"psgc_code":1704006011,"name":"Makawayan","corr_code":174006011,"geo_level":"Bgy","city_class":"","inc_class":"","urb_rur":"","pop_2015":"R","pop_2020":"","status":"","adm4_pcode":"PH1704006011","adm4_en":"Makawayan","adm3_pcode":"PH1704006","adm2_pcode":"PH17040","adm1_pcode":"PH17","adm0_pcode":"PH","shape_len":0.102305164344,"shape_area":0.000422093743562,"shape_sqkm":5.06078905883}},
{"type":"Feature","geometry":{"type":"Polygon","coordinates":[[[122.02726920000009,13.30187305000004],[122.01525168700005,13.296659029000068],[121.99916610200012,13.301349046000041],[121.98948662200007,13.306101151000064],[121.98847199700003,13.298266788000035],[121.98971166700005,13.290840923000076],[121.99223795000012,13.285734898000044],[121.99162396300005,13.281006188000049],[121.99145562500007,13.273758914000041],[121.99450849900006,13.271478725000065],[121.9959734570001,13.268968648000055],[121.99734127600004,13.26765866200003],[121.99856889000012,13.264707690000023],[122.01080818200012,13.250314381000067],[122.01279771700001,13.243593696000062],[122.02151670400008,13.249740947000078],[122.02694238300012,13.253515277000076],[122.02364588000012,13.254116238000051],[122.02413554600002,13.256122379000033],[122.0239481210001,13.258367018000058],[122.02290306200007,13.260187661000032],[122.02280589800012,13.262720165000076],[122.02371209800003,13.265798554000071],[122.02483501600011,13.267773633000047],[122.02421008600004,13.268940823000037],[122.02445366500001,13.269906628000058],[122.02502870800004,13.270137716000022],[122.02615186800006,13.270252622000044],[122.02640147600005,13.270893780000051],[122.02542538700004,13.271499753000057],[122.02461334500003,13.271620066000025],[122.02327332000004,13.271926406000034],[122.02284396100004,13.27254548600007],[122.02260596100007,13.274226733000035],[122.02274674400007,13.27515457100003],[122.02202760800003,13.275874582000029],[122.02102275100003,13.275841659000037],[122.01906009300001,13.276222975000053],[122.01828675000002,13.277520958000025],[122.0246201000001,13.284653716000037],[122.02668172100005,13.28743942500006],[122.02726920000009,13.30187305000004]]]},"properties":{"psgc_code":1704006012,"name":"Malibago","corr_code":174006012,"geo_level":"Bgy","city_class":"","inc_class":"","urb_rur":"","pop_2015":"R","pop_2020":"","status":"","adm4_pcode":"PH1704006012","adm4_en":"Malibago","adm3_pcode":"PH1704006","adm2_pcode":"PH17040","adm1_pcode":"PH17","adm0_pcode":"PH","shape_len":0.191025238372,"shape_area":0.00147285776795,"shape_sqkm":17.6573166925}},
{"type":"Feature","geometry":{"type":"Polygon","coordinates":[[[122.12187293400007,13.390637785000024],[122.12137940000002,13.390343252000037],[122.12098263300004,13.389682815000072],[122.12066971700006,13.389497875000075],[122.12025519600002,13.389531095000052],[122.11972784600005,13.38972584000004],[122.11857844400004,13.389897802000064],[122.11828933600009,13.390084013000035],[122.11815316400009,13.39041302000004],[122.11864952300004,13.39138983600003],[122.11845260600012,13.391533997000067],[122.11774797800001,13.391569279000066],[122.1173551820001,13.391769527000065],[122.11704859500003,13.392417874000046],[122.11714206900001,13.39257370000007],[122.11779410400004,13.392985865000071],[122.11794898700009,13.393190269000058],[122.11789503000011,13.393782946000044],[122.11740622200011,13.394403777000036],[122.11639032900007,13.394601923000039],[122.11576746800006,13.395019896000065],[122.11529502300004,13.395843962000072],[122.11467534700012,13.396297717000039],[122.11442812200005,13.396392203000062],[122.11369521300003,13.396287861000076],[122.11362455300002,13.396005890000026],[122.11364203700009,13.395167353000033],[122.11338459700005,13.39432275300004],[122.11294967100002,13.393882693000023],[122.11239030600007,13.393606458000022],[122.11229432800008,13.392859276000024],[122.11186257500003,13.392568691000065],[122.11173575900011,13.392112817000054],[122.11188071900006,13.391660663000039],[122.11170926800003,13.39142822100007],[122.11119385000006,13.391291266000053],[122.11086573300008,13.391033296000046],[122.1106386130001,13.390619186000038],[122.11003329000005,13.390264410000043],[122.1041398000001,13.383879410000077],[122.09817398000007,13.374386900000047],[122.11395593000009,13.37756440000004],[122.11748731000012,13.379237340000032],[122.11931398000002,13.380726390000063],[122.12110222700005,13.384298294000075],[122.12106950500004,13.384805720000031],[122.12113330500006,13.385734027000069],[122.12105152000004,13.38641227100004],[122.12114416100007,13.386810141000069],[122.12164045700001,13.386841840000045],[122.12233187800007,13.386561436000022],[122.12275310100006,13.386593915000049],[122.1231286420001,13.386983325000074],[122.12312931500003,13.387274391000062],[122.12273468800004,13.387804174000053],[122.12213158300005,13.388160779000032],[122.12179641900002,13.388870446000055],[122.12187293400007,13.390637785000024]]]},"properties":{"psgc_code":1704006013,"name":"Malinao","corr_code":174006013,"geo_level":"Bgy","city_class":"","inc_class":"","urb_rur":"","pop_2015":"R","pop_2020":"","status":"","adm4_pcode":"PH1704006013","adm4_en":"Malinao","adm3_pcode":"PH1704006","adm2_pcode":"PH17040","adm1_pcode":"PH17","adm0_pcode":"PH","shape_len":0.0781368725291,"shape_area":0.0002461179602,"shape_sqkm":2.94931942678}},
{"type":"Feature","geometry":{"type":"Polygon","coordinates":[[[122.06699976000004,13.35423639000004],[122.06111968000005,13.354308980000042],[122.06102857000008,13.354193890000033],[122.03329386000007,13.352800400000035],[122.0373635850001,13.341137589000027],[122.0420900800001,13.333204440000031],[122.06580936000012,13.33112790000007],[122.07277908000003,13.334748800000057],[122.0739954600001,13.351418980000062],[122.06699976000004,13.35423639000004]]]},"properties":{"psgc_code":1704006014,"name":"Maranlig","corr_code":174006014,"geo_level":"Bgy","city_class":"","inc_class":"","urb_rur":"","pop_2015":"R","pop_2020":"","status":"","adm4_pcode":"PH1704006014","adm4_en":"Maranlig","adm3_pcode":"PH1704006","adm2_pcode":"PH17040","adm1_pcode":"PH17","adm0_pcode":"PH","shape_len":0.111304311603,"shape_area":0.000765589659256,"shape_sqkm":9.17584017879}},
{"type":"Feature","geometry":{"type":"Polygon","coordinates":[[[122.09077980000006,13.358942580000075],[122.08624067000005,13.361414900000057],[122.08125997000002,13.363941210000064],[122.0739954600001,13.351418980000062],[122.07277908000003,13.334748800000057],[122.06580936000012,13.33112790000007],[122.07720104000009,13.322605600000031],[122.08726629700004,13.324100948000023],[122.08833527400009,13.324091342000031],[122.08852615700005,13.324217991000069],[122.08859403400004,13.324652972000024],[122.08875092200003,13.324814614000047],[122.08935156200005,13.324790534000044],[122.08963723900001,13.324956758000042],[122.09005201900004,13.324799643000063],[122.09110266700009,13.324716532000025],[122.0911111370001,13.324317540000038],[122.09189970200009,13.32506285900007],[122.0922934460001,13.325024958000029],[122.09227901800011,13.325328020000029],[122.09294023100006,13.325402053000062],[122.09421700000007,13.325153628000066],[122.09426858000006,13.325186870000039],[122.0910511300001,13.32921674000005],[122.09069741000008,13.329680100000076],[122.09105012000009,13.333497630000068],[122.09020958000008,13.334309590000032],[122.0897588900001,13.33521324000003],[122.08981873000005,13.336400620000063],[122.08978747000003,13.336796840000034],[122.08992569000009,13.339051400000073],[122.08995469000001,13.340215980000039],[122.08968169000002,13.341405960000031],[122.08963785000003,13.342035360000068],[122.08987079500002,13.342435235000039],[122.08972444000005,13.34259183000006],[122.08933124000009,13.342627290000053],[122.08916117000001,13.343011090000061],[122.08864108000012,13.34354712000004],[122.08858307000003,13.344002420000038],[122.08814646000008,13.344169640000075],[122.08768738000003,13.344822170000043],[122.08774899000002,13.345287450000058],[122.08797723000009,13.345497000000023],[122.08779928000001,13.346174760000054],[122.08804630000009,13.346560750000037],[122.08785905000002,13.347109760000023],[122.08791789000009,13.347373120000043],[122.08770038000011,13.34770018000006],[122.08779048000008,13.348201760000052],[122.08803104000003,13.348786480000058],[122.08789350000006,13.349429870000051],[122.08795234000002,13.34991259000003],[122.08907023000006,13.35041584000004],[122.08955856000011,13.35084474000007],[122.08974246000002,13.351342450000061],[122.09008955000002,13.351563820000024],[122.08995804000006,13.35193447000006],[122.0901223300001,13.352067150000039],[122.09070789000009,13.352165220000074],[122.09084049000012,13.352299080000023],[122.09057185000006,13.352770650000025],[122.08992016000002,13.353217990000076],[122.08933636000006,13.35338403000003],[122.08886295000002,13.353649820000044],[122.08867896000004,13.353911340000025],[122.08888994000006,13.354967380000062],[122.08911650000005,13.355403820000049],[122.08919185000002,13.356313430000057],[122.08936368000002,13.357068130000073],[122.08968907000008,13.35771815000004],[122.08974799000009,13.358324500000037],[122.09012752000001,13.358598920000077],[122.09067796000011,13.358778380000047],[122.09077980000006,13.358942580000075]]]},"properties":{"psgc_code":1704006015,"name":"Marlangga","corr_code":174006015,"geo_level":"Bgy","city_class":"","inc_class":"","urb_rur":"","pop_2015":"R","pop_2020":"","status":"","adm4_pcode":"PH1704006015","adm4_en":"Marlangga","adm3_pcode":"PH1704006","adm2_pcode":"PH17040","adm1_pcode":"PH17","adm0_pcode":"PH","shape_len":0.124558514875,"shape_area":0.000627909925223,"shape_sqkm":7.52579059274}},
{"type":"Feature","geometry":{"type":"Polygon","coordinates":[[[122.11239030600007,13.393606458000022],[122.10838918700006,13.394959358000051],[122.10772617000009,13.395422130000043],[122.10477247000006,13.401063900000054],[122.10296617000006,13.398525610000036],[122.10280406000004,13.398378850000029],[122.10049418000006,13.396673380000038],[122.09549571000002,13.394366680000076],[122.09413986000004,13.392261230000031],[122.09477361000006,13.391247520000036],[122.09478124000009,13.391143420000049],[122.09775061000005,13.390128540000035],[122.09785069000009,13.390127280000058],[122.1041398000001,13.383879410000077],[122.11003329000005,13.390264410000043],[122.1106386130001,13.390619186000038],[122.11086573300008,13.391033296000046],[122.11119385000006,13.391291266000053],[122.11170926800003,13.39142822100007],[122.11188071900006,13.391660663000039],[122.11173575900011,13.392112817000054],[122.11186257500003,13.392568691000065],[122.11229432800008,13.392859276000024],[122.11239030600007,13.393606458000022]]]},"properties":{"psgc_code":1704006016,"name":"Matuyatuya","corr_code":174006016,"geo_level":"Bgy","city_class":"","inc_class":"","urb_rur":"","pop_2015":"R","pop_2020":"","status":"","adm4_pcode":"PH1704006016","adm4_en":"Matuyatuya","adm3_pcode":"PH1704006","adm2_pcode":"PH17040","adm1_pcode":"PH17","adm0_pcode":"PH","shape_len":0.0523781763243,"shape_area":0.000143218548342,"shape_sqkm":1.71618239831}},
{"type":"Feature","geometry":{"type":"Polygon","coordinates":[[[122.02788670000007,13.381332230000055],[122.02064272000007,13.393043760000069],[122.00890787700007,13.390104271000041],[122.00082795100002,13.367359717000056],[122.00521314600007,13.356673362000038],[122.03329386000007,13.352800400000035],[122.06102857000008,13.354193890000033],[122.06111968000005,13.354308980000042],[122.06699976000004,13.35423639000004],[122.06324039000003,13.357455040000048],[122.06148329000007,13.361790830000075],[122.05795518000002,13.378528990000063],[122.05759605500009,13.37850852400004],[122.04545097000005,13.378966690000027],[122.04382899000007,13.380184000000042],[122.02788670000007,13.381332230000055]]]},"properties":{"psgc_code":1704006017,"name":"Nangka","corr_code":174006017,"geo_level":"Bgy","city_class":"","inc_class":"","urb_rur":"","pop_2015":"R","pop_2020":"","status":"","adm4_pcode":"PH1704006017","adm4_en":"Nangka","adm3_pcode":"PH1704006","adm2_pcode":"PH17040","adm1_pcode":"PH17","adm0_pcode":"PH","shape_len":0.180958212906,"shape_area":0.00168879170268,"shape_sqkm":20.2386241544}},
{"type":"Feature","geometry":{"type":"Polygon","coordinates":[[[122.08758923000005,13.398325370000066],[122.0772070700001,13.401571680000075],[122.0711067200001,13.388281840000047],[122.07237683000005,13.38662725000006],[122.07120957000006,13.377466670000047],[122.07796739000003,13.370583280000062],[122.09292638500006,13.389846091000038],[122.09478124000009,13.391143420000049],[122.09477361000006,13.391247520000036],[122.09413986000004,13.392261230000031],[122.09549571000002,13.394366680000076],[122.08758923000005,13.398325370000066]]]},"properties":{"psgc_code":1704006018,"name":"Pakaskasan","corr_code":174006018,"geo_level":"Bgy","city_class":"","inc_class":"","urb_rur":"","pop_2015":"R","pop_2020":"","status":"","adm4_pcode":"PH1704006018","adm4_en":"Pakaskasan","adm3_pcode":"PH1704006","adm2_pcode":"PH17040","adm1_pcode":"PH17","adm0_pcode":"PH","shape_len":0.0857665408437,"shape_area":0.000427511445918,"shape_sqkm":5.12294707057}},
{"type":"Feature","geometry":{"type":"Polygon","coordinates":[[[122.0420900800001,13.333204440000031],[122.0373635850001,13.341137589000027],[122.01943112000004,13.33160341000007],[122.01367225000001,13.321294760000058],[122.01457531000005,13.319441850000032],[122.02794705000008,13.308725090000053],[122.04196050000007,13.309082580000052],[122.05224392000002,13.318663510000022],[122.04358303900005,13.329595340000026],[122.0420900800001,13.333204440000031]]]},"properties":{"psgc_code":1704006019,"name":"Payanas","corr_code":174006019,"geo_level":"Bgy","city_class":"","inc_class":"","urb_rur":"","pop_2015":"R","pop_2020":"","status":"","adm4_pcode":"PH1704006019","adm4_en":"Payanas","adm3_pcode":"PH1704006","adm2_pcode":"PH17040","adm1_pcode":"PH17","adm0_pcode":"PH","shape_len":0.106475196888,"shape_area":0.000761928896882,"shape_sqkm":9.13272391071}},
{"type":"Feature","geometry":{"type":"Polygon","coordinates":[[[122.0911111370001,13.324317540000038],[122.09110266700009,13.324716532000025],[122.09005201900004,13.324799643000063],[122.08963723900001,13.324956758000042],[122.08935156200005,13.324790534000044],[122.08875092200003,13.324814614000047],[122.08859403400004,13.324652972000024],[122.08852615700005,13.324217991000069],[122.08833527400009,13.324091342000031],[122.08726629700004,13.324100948000023],[122.07720104000009,13.322605600000031],[122.08067883300009,13.31479396900005],[122.08125503800011,13.313898785000049],[122.08341496100002,13.313222346000032],[122.08395137200012,13.313844330000052],[122.08466318300009,13.314281664000077],[122.08573805600008,13.315351024000051],[122.08646375600006,13.31593837500003],[122.08654559800004,13.316087115000073],[122.08750941400001,13.317046950000076],[122.08783204200006,13.317258923000054],[122.08821918600006,13.317815837000069],[122.08880851700007,13.318368328000076],[122.08886780300008,13.318829985000036],[122.08964474400011,13.319525165000073],[122.09000344100002,13.319650525000043],[122.09025458100007,13.320137823000039],[122.09069985500003,13.320673966000072],[122.09103785100001,13.32118988700006],[122.09111895100011,13.321560163000072],[122.09091900900012,13.322040925000067],[122.09060412600002,13.322351385000047],[122.09058452800002,13.322907637000071],[122.09046157000012,13.323197787000026],[122.09063258700007,13.32368811300006],[122.0911111370001,13.324317540000038]]]},"properties":{"psgc_code":1704006020,"name":"Poblacion","corr_code":174006020,"geo_level":"Bgy","city_class":"","inc_class":"","urb_rur":"","pop_2015":"U","pop_2020":"","status":"","adm4_pcode":"PH1704006020","adm4_en":"Poblacion","adm3_pcode":"PH1704006","adm2_pcode":"PH17040","adm1_pcode":"PH17","adm0_pcode":"PH","shape_len":0.0424175585735,"shape_area":0.000095276516752,"shape_sqkm":1.14202911082}},
{"type":"Feature","geometry":{"type":"Polygon","coordinates":[[[122.09077980000006,13.358942580000075],[122.09067796000011,13.358778380000047],[122.09012752000001,13.358598920000077],[122.08974799000009,13.358324500000037],[122.08968907000008,13.35771815000004],[122.08936368000002,13.357068130000073],[122.08919185000002,13.356313430000057],[122.08911650000005,13.355403820000049],[122.08888994000006,13.354967380000062],[122.08867896000004,13.353911340000025],[122.08886295000002,13.353649820000044],[122.08933636000006,13.35338403000003],[122.08992016000002,13.353217990000076],[122.09057185000006,13.352770650000025],[122.09084049000012,13.352299080000023],[122.09070789000009,13.352165220000074],[122.0901223300001,13.352067150000039],[122.08995804000006,13.35193447000006],[122.09008955000002,13.351563820000024],[122.08974246000002,13.351342450000061],[122.08955856000011,13.35084474000007],[122.08907023000006,13.35041584000004],[122.08795234000002,13.34991259000003],[122.08789350000006,13.349429870000051],[122.08803104000003,13.348786480000058],[122.08779048000008,13.348201760000052],[122.08770038000011,13.34770018000006],[122.08791789000009,13.347373120000043],[122.08785905000002,13.347109760000023],[122.08804630000009,13.346560750000037],[122.08779928000001,13.346174760000054],[122.08797723000009,13.345497000000023],[122.08774899000002,13.345287450000058],[122.08768738000003,13.344822170000043],[122.08814646000008,13.344169640000075],[122.08858307000003,13.344002420000038],[122.08864108000012,13.34354712000004],[122.08916117000001,13.343011090000061],[122.08933124000009,13.342627290000053],[122.08972444000005,13.34259183000006],[122.08987079500002,13.342435235000039],[122.08963785000003,13.342035360000068],[122.08968169000002,13.341405960000031],[122.08995469000001,13.340215980000039],[122.08992569000009,13.339051400000073],[122.08978747000003,13.336796840000034],[122.08981873000005,13.336400620000063],[122.0897588900001,13.33521324000003],[122.09020958000008,13.334309590000032],[122.09105012000009,13.333497630000068],[122.09069741000008,13.329680100000076],[122.0910511300001,13.32921674000005],[122.09426858000006,13.325186870000039],[122.09419830700006,13.324946970000042],[122.0945765250001,13.324865955000064],[122.09463805700011,13.32465783400005],[122.09502975800001,13.324641325000073],[122.0952945140001,13.32412955500007],[122.09572555300008,13.324096240000074],[122.09586297200008,13.324356258000023],[122.09637243200007,13.324470061000056],[122.09665773300003,13.324770723000029],[122.09676026700004,13.32507004100006],[122.09713717500006,13.325228068000058],[122.09898101400006,13.325659298000062],[122.10081588300011,13.326200454000059],[122.10208207000005,13.326719710000077],[122.10264366400008,13.327069416000029],[122.10317365600008,13.327218321000032],[122.10379309900009,13.327636399000028],[122.10413136800003,13.327561667000055],[122.10411530100009,13.327897277000034],[122.10441247900008,13.328340426000068],[122.1048555530001,13.328228877000072],[122.10489995400008,13.328690210000048],[122.10529937800004,13.328846658000032],[122.1058309880001,13.329183224000076],[122.10583999900007,13.329692432000058],[122.10619241800009,13.330020405000027],[122.10652900700006,13.330074245000048],[122.10685620000004,13.330431777000058],[122.10728091300007,13.330628040000022],[122.10751030100005,13.330964970000025],[122.10719796100011,13.331548299000076],[122.10747136100008,13.331926592000059],[122.1077575160001,13.332138573000066],[122.10788766000007,13.332645908000075],[122.10767039500001,13.333128122000062],[122.10805905000007,13.333425380000051],[122.1051229200001,13.33702130000006],[122.10370495000006,13.347376890000021],[122.09530744000006,13.357798940000066],[122.09077980000006,13.358942580000075]]]},"properties":{"psgc_code":1704006021,"name":"Poctoy","corr_code":174006021,"geo_level":"Bgy","city_class":"","inc_class":"","urb_rur":"","pop_2015":"R","pop_2020":"","status":"","adm4_pcode":"PH1704006021","adm4_en":"Poctoy","adm3_pcode":"PH1704006","adm2_pcode":"PH17040","adm1_pcode":"PH17","adm0_pcode":"PH","shape_len":0.0957586508569,"shape_area":0.000440624343796,"shape_sqkm":5.28108364766}},
{"type":"Feature","geometry":{"type":"Polygon","coordinates":[[[122.03329386000007,13.352800400000035],[122.00521314600007,13.356673362000038],[122.00529792700002,13.333754399000043],[122.00532169000007,13.327201650000063],[122.00409764500012,13.321406030000048],[122.01367225000001,13.321294760000058],[122.01943112000004,13.33160341000007],[122.0373635850001,13.341137589000027],[122.03329386000007,13.352800400000035]]]},"properties":{"psgc_code":1704006022,"name":"Sibuyao","corr_code":174006022,"geo_level":"Bgy","city_class":"","inc_class":"","urb_rur":"","pop_2015":"R","pop_2020":"","status":"","adm4_pcode":"PH1704006022","adm4_en":"Sibuyao","adm3_pcode":"PH1704006","adm2_pcode":"PH17040","adm1_pcode":"PH17","adm0_pcode":"PH","shape_len":0.117787277403,"shape_area":0.000744442211986,"shape_sqkm":8.9224598133}},
{"type":"Feature","geometry":{"type":"Polygon","coordinates":[[[122.12287319200004,13.392343393000033],[122.12263223200011,13.39236926500007],[122.12251185000002,13.392809364000072],[122.12276091700005,13.393159893000075],[122.1227691360001,13.394506498000055],[122.12265819200002,13.394678861000045],[122.12189167700001,13.39474119700003],[122.12177130700002,13.395163328000024],[122.12210378100008,13.395123141000056],[122.1224683050001,13.395442310000021],[122.12249887500002,13.397762889000035],[122.12252632100001,13.398104275000037],[122.12225369100008,13.398378072000071],[122.12241499900006,13.398773454000036],[122.12232714700008,13.398935090000066],[122.12233594300005,13.399515948000044],[122.12179605800009,13.40117424400006],[122.12162492200002,13.401560714000027],[122.12140316400007,13.401717765000058],[122.1212919620001,13.402220753000051],[122.12106077700003,13.402633819000073],[122.12073282500012,13.40278629900007],[122.1204950770001,13.403362832000028],[122.12000532600007,13.403757745000064],[122.1198370090001,13.404456050000022],[122.11963371200011,13.404622095000036],[122.11959650400001,13.404972419000046],[122.11941153900011,13.405318142000056],[122.11940171900005,13.40608213400003],[122.11916116600003,13.406656894000037],[122.11897174600006,13.406791505000058],[122.11915143700003,13.407299193000028],[122.11885169300001,13.408113899000057],[122.11861599600002,13.408374244000072],[122.11758172400005,13.409213171000033],[122.11271809000004,13.407076580000023],[122.10782331000007,13.404710530000045],[122.10477247000006,13.401063900000054],[122.10772617000009,13.395422130000043],[122.10838918700006,13.394959358000051],[122.11239030600007,13.393606458000022],[122.11294967100002,13.393882693000023],[122.11338459700005,13.39432275300004],[122.11364203700009,13.395167353000033],[122.11362455300002,13.396005890000026],[122.11369521300003,13.396287861000076],[122.11442812200005,13.396392203000062],[122.11467534700012,13.396297717000039],[122.11529502300004,13.395843962000072],[122.11576746800006,13.395019896000065],[122.11639032900007,13.394601923000039],[122.11740622200011,13.394403777000036],[122.11789503000011,13.393782946000044],[122.11794898700009,13.393190269000058],[122.11779410400004,13.392985865000071],[122.11714206900001,13.39257370000007],[122.11704859500003,13.392417874000046],[122.1173551820001,13.391769527000065],[122.11774797800001,13.391569279000066],[122.11845260600012,13.391533997000067],[122.11864952300004,13.39138983600003],[122.11815316400009,13.39041302000004],[122.11828933600009,13.390084013000035],[122.11857844400004,13.389897802000064],[122.11972784600005,13.38972584000004],[122.12025519600002,13.389531095000052],[122.12066971700006,13.389497875000075],[122.12098263300004,13.389682815000072],[122.12137940000002,13.390343252000037],[122.12187293400007,13.390637785000024],[122.1222334900001,13.391128607000041],[122.12287319200004,13.392343393000033]]]},"properties":{"psgc_code":1704006023,"name":"Suha","corr_code":174006023,"geo_level":"Bgy","city_class":"","inc_class":"","urb_rur":"","pop_2015":"R","pop_2020":"","status":"","adm4_pcode":"PH1704006023","adm4_en":"Suha","adm3_pcode":"PH1704006","adm2_pcode":"PH17040","adm1_pcode":"PH17","adm0_pcode":"PH","shape_len":0.068084120224,"shape_area":0.000204626976596,"shape_sqkm":2.4519620026}},
{"type":"Feature","geometry":{"type":"Polygon","coordinates":[[[122.01367225000001,13.321294760000058],[122.00409764500012,13.321406030000048],[121.99948456200002,13.318878409000035],[121.99448750700003,13.317206663000036],[121.99488429600001,13.315501380000057],[121.99520421500006,13.312291296000069],[121.99660035000011,13.311303930000065],[121.99725461900005,13.308212498000046],[121.98948662200007,13.306101151000064],[121.99916610200012,13.301349046000041],[122.01525168700005,13.296659029000068],[122.02726920000009,13.30187305000004],[122.02794705000008,13.308725090000053],[122.01457531000005,13.319441850000032],[122.01367225000001,13.321294760000058]]]},"properties":{"psgc_code":1704006024,"name":"Talawan","corr_code":174006024,"geo_level":"Bgy","city_class":"","inc_class":"","urb_rur":"","pop_2015":"R","pop_2020":"","status":"","adm4_pcode":"PH1704006024","adm4_en":"Talawan","adm3_pcode":"PH1704006","adm2_pcode":"PH17040","adm1_pcode":"PH17","adm0_pcode":"PH","shape_len":0.104722601589,"shape_area":0.000601200832351,"shape_sqkm":7.2065886321}},
{"type":"Feature","geometry":{"type":"Polygon","coordinates":[[[122.04857437100009,13.278672382000025],[122.04822728700003,13.27933027000006],[122.03182700800005,13.279951341000071],[122.0310485330001,13.279157695000038],[122.02210351700012,13.27760353900004],[122.01828675000002,13.277520958000025],[122.01906009300001,13.276222975000053],[122.02102275100003,13.275841659000037],[122.02202760800003,13.275874582000029],[122.02274674400007,13.27515457100003],[122.02260596100007,13.274226733000035],[122.02284396100004,13.27254548600007],[122.02327332000004,13.271926406000034],[122.02461334500003,13.271620066000025],[122.02542538700004,13.271499753000057],[122.02640147600005,13.270893780000051],[122.02615186800006,13.270252622000044],[122.02502870800004,13.270137716000022],[122.02445366500001,13.269906628000058],[122.02421008600004,13.268940823000037],[122.02483501600011,13.267773633000047],[122.02371209800003,13.265798554000071],[122.02280589800012,13.262720165000076],[122.02290306200007,13.260187661000032],[122.0239481210001,13.258367018000058],[122.02413554600002,13.256122379000033],[122.02364588000012,13.254116238000051],[122.02694238300012,13.253515277000076],[122.03869306000001,13.264756810000051],[122.04191809800011,13.266022773000032],[122.0435681130001,13.26640913500006],[122.04429829000003,13.266492925000023],[122.04390473100011,13.267683401000056],[122.04375548000007,13.268406081000023],[122.04374576000009,13.269437997000068],[122.04414707600006,13.271488572000067],[122.04439683700002,13.272287264000056],[122.04502030700007,13.273787157000072],[122.04566378300001,13.275119191000044],[122.04617980900002,13.27598997900003],[122.04671488500003,13.276764662000062],[122.0472526640001,13.277414779000026],[122.04857437100009,13.278672382000025]]]},"properties":{"psgc_code":1704006025,"name":"Tigwi","corr_code":174006025,"geo_level":"Bgy","city_class":"","inc_class":"","urb_rur":"","pop_2015":"R","pop_2020":"","status":"","adm4_pcode":"PH1704006025","adm4_en":"Tigwi","adm3_pcode":"PH1704006","adm2_pcode":"PH17040","adm1_pcode":"PH17","adm0_pcode":"PH","shape_len":0.101870775582,"shape_area":0.000416295168734,"shape_sqkm":4.99091535128}}
]}