{"type":"FeatureCollection", "features": [
{"type":"Feature","geometry":{"type":"Polygon","coordinates":[[[120.51604002400006,17.09851481900006],[120.5125670750001,17.100285874000065],[120.51152645400009,17.100485238000033],[120.5090503030001,17.100983859000053],[120.50382394500002,17.102068263000035],[120.50276294700006,17.102253260000055],[120.4952076620001,17.105449730000032],[120.49412817200005,17.105957988000057],[120.49071162900009,17.106283373000053],[120.48350228600009,17.105884752000065],[120.48173930000007,17.10568299700003],[120.47809212800007,17.105062329000077],[120.4700711050001,17.103001370000072],[120.46123654100006,17.100512621000064],[120.4602634580001,17.100045059000024],[120.45861514100011,17.099293620000026],[120.45777767700008,17.099282163000055],[120.45736303700005,17.09917043400003],[120.45656355100004,17.09914064000003],[120.45464520700011,17.09928578000006],[120.45280263500001,17.100089269000023],[120.45040296500008,17.100020182000037],[120.44673000800003,17.09956121400006],[120.44510058200001,17.09968945600002],[120.44273033500008,17.099945412000068],[120.44027667000012,17.09981491700006],[120.43677532800007,17.09942054000004],[120.43604131400002,17.099455200000023],[120.43604234600002,17.099754391000033],[120.43581735900011,17.099755945000027],[120.43596114200011,17.099216882000064],[120.4358665520001,17.098360170000035],[120.43580737000002,17.097565321000047],[120.43583072400008,17.09664012500002],[120.43572436800002,17.095886028000052],[120.43580680200012,17.095350465000024],[120.43596586300009,17.094646372000057],[120.43608354100002,17.093560764000074],[120.4361247810001,17.09338599800003],[120.43597708800007,17.092423592000046],[120.4360300510001,17.09197506000004],[120.4362126960001,17.09125344100005],[120.43626564800002,17.090757346000032],[120.43615936600008,17.090284730000064],[120.43623599200009,17.09011158900006],[120.436306607,17.089502742000036],[120.43638242800012,17.086229653000032],[120.4362818730001,17.085090937000075],[120.43625797100003,17.08388363800003],[120.43657607800003,17.08250733600005],[120.43659352700001,17.08157432400003],[120.43671715800008,17.08074738700003],[120.43699997200008,17.07974616200005],[120.43704109500004,17.079148598000074],[120.4370937010001,17.077357843000073],[120.43721583400009,17.077021959000035],[120.43764626100005,17.076734352000074],[120.43800598600001,17.076694803000066],[120.4383421010001,17.076581974000078],[120.43857789800006,17.076232404000052],[120.438601446,17.076080191000074],[120.43858367400003,17.074675677000073],[120.43846721300008,17.073863688000074],[120.43852964900009,17.073290986000075],[120.43869937700003,17.07269173000003],[120.43878865800002,17.072195949000047],[120.43880643600005,17.07181130500004],[120.43925318800007,17.07062748900006],[120.44092444900002,17.06774179300004],[120.4423671190001,17.063923499000055],[120.44336189500007,17.062029861000042],[120.44393286200011,17.060223132000033],[120.44427159100007,17.059038588000078],[120.444690949,17.057398937000073],[120.44481757000005,17.056972703000042],[120.4448568040001,17.05663842100006],[120.4452367560001,17.05567728500006],[120.4452104930001,17.055551940000043],[120.44531293900002,17.05492801500003],[120.44545699100001,17.054347178000057],[120.44572817200003,17.054048091000027],[120.4460752220001,17.05271138100005],[120.44648803200005,17.050812244000042],[120.44652736500007,17.050375721000023],[120.44661697400011,17.05006351800006],[120.44679985300002,17.049682678000067],[120.44729322100011,17.04733617100004],[120.44754754000007,17.045951543000058],[120.44777174300009,17.045003890000032],[120.44797262700001,17.043835683000054],[120.44797954,17.043586093000044],[120.4481846330001,17.04352363600003],[120.44816584500006,17.043083597000077],[120.44821213600005,17.042073912000035],[120.44830278600011,17.041293105000022],[120.44851464300007,17.04053268100006],[120.4486008990001,17.038931528000035],[120.44877978800002,17.036871891000033],[120.4491380720001,17.03432497400007],[120.44941088500002,17.031902581000054],[120.44970037700011,17.028228307000063],[120.4496915960001,17.02752524600004],[120.4498880430001,17.02692022800005],[120.44987936200005,17.026520280000057],[120.4499986290001,17.02522039400003],[120.45007513400003,17.023881662000065],[120.45008316200006,17.02231203200006],[120.44998871400003,17.021100914000044],[120.44991133200006,17.019784740000034],[120.44991962200004,17.01900094800004],[120.44998765600008,17.017907655000045],[120.44997043800004,17.017547954000065],[120.45006436800008,17.017204571000036],[120.45014966700012,17.01661593600005],[120.4501576030001,17.014766877000056],[120.45011426300005,17.01297861200004],[120.45018963300004,17.011910554000053],[120.45024048200003,17.010704985000075],[120.45031139000002,17.009509629000036],[120.45016477900003,17.005298164000067],[120.45017002600002,17.004336586000022],[120.44991383900003,17.001517860000035],[120.44993933900003,17.00107639400005],[120.44985344800011,16.999853311000038],[120.44978143200001,16.999086813000076],[120.4498729720001,16.998169936000068],[120.44955918000005,16.99548625400007],[120.44946294400006,16.994243035000068],[120.44934122000006,16.993668632000038],[120.44935922500008,16.99294612400007],[120.44924945600008,16.992144136000036],[120.4544710350001,16.99169224800005],[120.45518843600007,16.991634735000048],[120.47468696600004,16.990654962000065],[120.4828801220001,16.994334844000036],[120.48423115600008,16.998816566000073],[120.48449016200004,16.999631516000022],[120.4859781780001,17.001734379000027],[120.48654218600007,17.002783313000066],[120.4887622120001,17.006240090000063],[120.48951822100003,17.00738401700005],[120.4911202400001,17.009929853000074],[120.49197425000011,17.01130676500003],[120.49262326100006,17.01275267400007],[120.49298226400003,17.01315164700003],[120.49408827900004,17.01513452100005],[120.49503429100002,17.016676422000046],[120.49680431200011,17.019455244000028],[120.49852833000011,17.021907085000066],[120.49940533900008,17.023054010000067],[120.5045403900001,17.029925563000063],[120.50573040300003,17.03153745900005],[120.50886642600005,17.034630252000056],[120.51398546000007,17.03920394200003],[120.51854587300011,17.04067014800006],[120.53359150900008,17.045803473000035],[120.54291780500012,17.049440728000036],[120.53219211800001,17.07130217100007],[120.52786654900001,17.081843141000036],[120.52720008100005,17.084365854000055],[120.52446615200006,17.094951346000073],[120.52007070500008,17.097630405000075],[120.51604002400006,17.09851481900006]]]},"properties":{"psgc_code":102924000,"name":"Santa Cruz","corr_code":12924000,"geo_level":"Mun","city_class":"","inc_class":"","urb_rur":"1st","pop_2015":"","pop_2020":"","status":"","adm3_pcode":"PH0102924","adm3_en":"Santa Cruz","adm3_alt":"","adm2_pcode":"PH01029","adm1_pcode":"PH01","adm0_pcode":"PH","shape_len":0.37308282555,"shape_area":0.00780517374785,"shape_sqkm":91.9547218152}},
{"type":"Feature","geometry":{"type":"MultiPolygon","coordinates":[[[[120.12210736200007,15.82899001900006],[120.12211842600004,15.828780079000069],[120.12195824900004,15.828439179000043],[120.12181533500006,15.828323762000025],[120.121209539,15.828027114000065],[120.12054092000005,15.827994516000047],[120.12000918900003,15.827802247000022],[120.11979184000006,15.827642790000027],[120.11941990300011,15.827125715000022],[120.1193169280001,15.827048717000025],[120.11828150500003,15.82685643700006],[120.11748595200004,15.826641972000061],[120.11669430100005,15.826374934000057],[120.11614790700003,15.826375161000044],[120.1157087150001,15.826602715000035],[120.1152407620001,15.827054117000046],[120.11500675400009,15.827175882000063],[120.11466247700002,15.827232362000075],[120.11446612200007,15.827514974000053],[120.1142554590001,15.827688568000042],[120.11388289100012,15.827627864000021],[120.11372832100005,15.827749630000028],[120.11399791800011,15.828128226000047],[120.11393194000004,15.828311407000058],[120.11347997500002,15.828451231000031],[120.11307707800006,15.828667766000024],[120.11291076900011,15.828861734000043],[120.11266002400009,15.828911424000069],[120.11254128900009,15.828625872000032],[120.1122951320001,15.82848169500005],[120.11165506400005,15.828391837000026],[120.11131961100011,15.828044581000029],[120.1110824220001,15.827930522000031],[120.1110079020001,15.827753374000054],[120.11041710800009,15.827358546000028],[120.10917503000007,15.826900161000026],[120.10899218400004,15.826795753000056],[120.1088887950001,15.826576617000057],[120.10909048000008,15.825895315000025],[120.10907179100002,15.825569070000029],[120.10881726000002,15.825128222000046],[120.10849399500012,15.824883660000069],[120.10830855800009,15.824842944000068],[120.10754697700008,15.824891638000054],[120.10721842700002,15.82483822100005],[120.10657502400011,15.824450635000062],[120.10630465700001,15.824241674000064],[120.10611115100005,15.824007185000028],[120.10592012600011,15.823387697000044],[120.10584852600005,15.823275545000058],[120.1055357780001,15.823153274000049],[120.10513424300007,15.823163622000038],[120.10490899100012,15.823237662000054],[120.10456465100003,15.823462094000035],[120.10440048500004,15.823689043000059],[120.10393057500005,15.82462285500003],[120.10367083100004,15.824908587000039],[120.10322041300003,15.824883164000028],[120.10282890600001,15.824630224000032],[120.1023783060001,15.824490049000076],[120.10211320600001,15.824462061000077],[120.10180040000012,15.824559087000068],[120.1017182490001,15.824686664000069],[120.10167496200006,15.825405482000065],[120.10140630400008,15.82572235300006],[120.10100805200011,15.82609237400004],[120.10076150400005,15.826468997000063],[120.1011406020001,15.827220750000038],[120.1013748580001,15.827802445000032],[120.1015352180001,15.82839208300004],[120.10156972400011,15.829227034000041],[120.10150421000003,15.829515953000055],[120.10131216000002,15.829722847000028],[120.10080048100008,15.829935093000074],[120.10032295500002,15.830026263000036],[120.09916503000011,15.830004745000053],[120.09823599100002,15.830098273000033],[120.09753869300005,15.83032937300004],[120.09713459300008,15.83029528000003],[120.09659439400002,15.830041103000042],[120.0963076170001,15.829449427000043],[120.0959096250001,15.829039505000026],[120.09528719500008,15.828837004000036],[120.09482604700008,15.828847890000077],[120.09452801500004,15.828904948000059],[120.09397895900008,15.829130500000076],[120.09293151400004,15.829719642000043],[120.09268098900009,15.829881596000064],[120.09210525700007,15.830095382000025],[120.09171546400012,15.830133523000029],[120.09135771700005,15.830051171000036],[120.09103199700007,15.829841456000054],[120.09054695600003,15.829601704000027],[120.09000947400011,15.829611735000071],[120.08984859300006,15.82972542500005],[120.08969512400006,15.830121261000045],[120.08970252200004,15.830396566000047],[120.08988540900009,15.830879374000062],[120.09069093500011,15.832310059000065],[120.09074120500009,15.832530303000055],[120.0907815160001,15.833152604000077],[120.09064577000004,15.833341956000027],[120.09035968700005,15.833497040000054],[120.0898812050001,15.833605530000057],[120.08839610500002,15.83388050700006],[120.0870413130001,15.834203395000031],[120.0867408680001,15.834368845000029],[120.08662291900009,15.834541057000024],[120.08659117700006,15.83523651400003],[120.08633375600004,15.835491441000045],[120.08588660700002,15.835650129000044],[120.08512429300004,15.835695460000068],[120.084573137,15.835644220000063],[120.08246794400009,15.835044657000026],[120.08189875300002,15.834926438000025],[120.08147995400009,15.834902640000053],[120.0807678760001,15.835109729000067],[120.07913609500008,15.835704468000074],[120.07862076800006,15.835856335000074],[120.07815194500006,15.835946182000043],[120.07767848100002,15.83598782200005],[120.07718811200004,15.835891738000043],[120.07675485900006,15.835654408000039],[120.07663968300005,15.835471735000056],[120.07664706000003,15.835060793000025],[120.07687952700007,15.83473345300007],[120.07775494600003,15.834063699000069],[120.07794081300005,15.833825921000027],[120.07804071900011,15.833512476000067],[120.07801198000004,15.833360982000045],[120.07776830800003,15.832982363000042],[120.0773887470001,15.832720895000023],[120.0766512560001,15.832552688000078],[120.07646877200011,15.832614756000055],[120.07619695200003,15.832914494000022],[120.07588938700007,15.833396840000034],[120.07508952500007,15.834177500000067],[120.07375384000011,15.835562078000066],[120.07347103900008,15.836005658000033],[120.07309252800007,15.837340959000073],[120.07296381900005,15.837953534000064],[120.07279375000007,15.840712691000022],[120.07263275600008,15.841251257000067],[120.07237934300008,15.841355934000035],[120.07174812000005,15.841214888000025],[120.07118892900007,15.841336315000035],[120.07081858200002,15.841504661000045],[120.07051817400009,15.841780587000073],[120.07005688900006,15.841922109000052],[120.06887685400011,15.84202244100004],[120.06780809300005,15.842138754000075],[120.06756340200002,15.842125460000034],[120.06717440300008,15.841866808000077],[120.0670274040001,15.841362551000032],[120.06717365400004,15.840064443000074],[120.067145159,15.839351543000078],[120.06709594200004,15.839028764000034],[120.06699084700006,15.838793467000073],[120.06680890900009,15.838618748000044],[120.06659202200001,15.838558431000024],[120.06616566700006,15.838652846000059],[120.06572542600009,15.838962503000062],[120.06557176400008,15.839137442000037],[120.0647128820001,15.840496431000076],[120.06406080800002,15.841739217000054],[120.0634731560001,15.842775389000053],[120.06310283300002,15.84299756400003],[120.06288612200001,15.842984245000025],[120.06219388700003,15.842823241000076],[120.06158558800007,15.842796704000023],[120.06123602500008,15.842843996000056],[120.06075375300009,15.843099855000048],[120.0606420470001,15.843328590000056],[120.06062831300005,15.843698523000057],[120.060845631,15.84455937100006],[120.06099870700007,15.845533972000055],[120.0611973880001,15.847692559000052],[120.06114201200012,15.848567082000045],[120.06094646800011,15.848964083000055],[120.06073689700008,15.849260189000063],[120.06055518100004,15.849381383000036],[120.06015668500004,15.849435441000026],[120.05957619000003,15.84922725000007],[120.05912140900011,15.848864253000045],[120.05889040000011,15.848501127000077],[120.0586244650001,15.848198572000058],[120.05827468400003,15.847996978000026],[120.05754732200012,15.847822516000065],[120.05654748800009,15.848031613000046],[120.05600913800004,15.84822026300003],[120.05549877700003,15.848462722000022],[120.054967497,15.848785932000055],[120.05469487500011,15.849001358000066],[120.05430364400002,15.849519575000045],[120.05332568000006,15.85127592200007],[120.05244291100007,15.852796752000074],[120.05169059800005,15.854004467000038],[120.05136361200005,15.854320577000067],[120.05085908600006,15.854640677000077],[120.05052264500011,15.854698661000043],[120.05014208300008,15.854633371000034],[120.04981348900003,15.854417763000072],[120.04830229800007,15.853115907000074],[120.04740306200006,15.852414087000056],[120.04698239900006,15.852368163000051],[120.04664999900001,15.852476306000028],[120.04650593500003,15.85273836500005],[120.04651808800008,15.853011909000031],[120.04697116200009,15.853713002000063],[120.04742440600012,15.854552300000023],[120.04773800100008,15.855374518000076],[120.04855713500001,15.857684148000033],[120.04869767500008,15.858285335000062],[120.04870579400006,15.858505008000066],[120.0485096860001,15.858809596000071],[120.04814358100009,15.858916630000067],[120.04700967200006,15.858944147000045],[120.04660105500011,15.859148695000044],[120.04648906500006,15.859507231000066],[120.04660149900008,15.859919598000033],[120.04658177800002,15.860466950000045],[120.04637665300004,15.860832230000028],[120.04594394700007,15.86127463400004],[120.0449158030001,15.86216395100007],[120.04427285100007,15.862643404000039],[120.04218766100007,15.86349634100003],[120.04139245500005,15.863896055000055],[120.0403211040001,15.864853587000027],[120.0402939170001,15.865578795000033],[120.04070414300008,15.86706786600007],[120.04073241600008,15.867986107000036],[120.04060129300001,15.869440574000066],[120.04018022800005,15.870778190000067],[120.03965256600009,15.872371274000045],[120.03888525200011,15.873336485000038],[120.03768890000003,15.873823020000032],[120.03641615200002,15.874149902000056],[120.03471133200003,15.874044964000063],[120.03285631300002,15.873259303000054],[120.03229851900005,15.87297034200003],[120.03201971600004,15.87293941300004],[120.03117772400003,15.872964212000056],[120.02996770400011,15.873071519000064],[120.029375576,15.87303025400007],[120.0285946360001,15.872757844000034],[120.02730735300008,15.872155202000044],[120.0261402320001,15.872056083000075],[120.02552236000008,15.872163353000076],[120.02492159300004,15.872361470000044],[120.02403719800009,15.872768632000032],[120.0234365010001,15.87294197600005],[120.02301600400006,15.873008011000024],[120.0223723680001,15.873007995000023],[120.02153131900002,15.872900635000065],[120.02057871800002,15.872661201000028],[120.01961753400008,15.872207125000045],[120.01836321300004,15.871064365000052],[120.01789980600006,15.870560757000078],[120.0174964790001,15.87003240000007],[120.01722190100008,15.869437993000076],[120.01713614800008,15.868711528000063],[120.01715337700011,15.86805081500006],[120.01828647600007,15.864604232000033],[120.01836375200003,15.864174967000054],[120.01838095700009,15.863630103000048],[120.01832092400002,15.863035698000033],[120.01808068900004,15.862168862000033],[120.01693769300005,15.85939763700003],[120.01653440200005,15.858662852000066],[120.01607100700005,15.858217039000067],[120.01549937400011,15.85788314000007],[120.01125998500004,15.855876618000025],[120.0107511000001,15.855588728000043],[120.00808874800009,15.853575414000034],[120.00777981800002,15.853319443000032],[120.00732503300003,15.852774509000028],[120.00707624000006,15.852047951000031],[120.007093456,15.851635163000026],[120.00773745300012,15.849269160000063],[120.00776329900009,15.848592058000065],[120.00771182300002,15.848336075000077],[120.00753161000011,15.848104835000072],[120.00705963500002,15.847824063000076],[120.0066563370001,15.847493840000027],[120.00635602600005,15.847048032000032],[120.00627026300003,15.846610454000029],[120.00629604500011,15.846342895000078],[120.00662221400012,15.845963070000039],[120.0069311950001,15.845764977000044],[120.00755768500005,15.845558599000071],[120.00854950500002,15.845451426000068],[120.0098969390001,15.845493006000027],[120.01100404400006,15.845567408000022],[120.01175060300011,15.845443541000066],[120.01286630400011,15.844948288000069],[120.01378459400007,15.844296145000044],[120.01439404100006,15.84363574400004],[120.01483183900007,15.842834957000036],[120.01484918000006,15.84196601900004],[120.01462612600005,15.84135505200004],[120.01426584800004,15.840859667000075],[120.01367373900007,15.840463312000054],[120.01315016600006,15.840314646000024],[120.0125837170001,15.840215516000058],[120.01191433000008,15.840174169000022],[120.01099615400005,15.840322696000044],[120.01015207900002,15.840628108000033],[120.00768685000003,15.84167646000003],[120.00731767600007,15.841791981000028],[120.00706874800005,15.841775426000027],[120.00530265200007,15.840936183000053],[120.00489066900002,15.84058931100003],[120.00471899800004,15.84030853300004],[120.00460753700008,15.839879204000056],[120.00462494800001,15.839242365000075],[120.00495167700001,15.836631149000027],[120.0047457500001,15.83614394500006],[120.0044109910001,15.835813571000074],[120.00389605700002,15.83568139600004],[120.00338968300002,15.835623527000052],[120.00249437600007,15.83568949100004],[120.00164464600005,15.835854511000036],[120.00120691600011,15.835887477000028],[120.00060612400011,15.835804813000038],[120.00018554600001,15.835598282000035],[119.99993665900001,15.835243159000072],[119.99990240000011,15.83489637200006],[119.99995397600003,15.83456611400004],[120.00058939300004,15.833057722000035],[120.00240995600006,15.830016011000055],[120.00387801200009,15.827791399000034],[120.00396386300008,15.827353758000072],[120.00404116300001,15.826399046000063],[120.00401550600009,15.82590362600007],[120.00371527700008,15.824843980000026],[120.00345783800003,15.824406301000067],[120.00302885200006,15.823770464000063],[120.00209356500011,15.822853800000075],[119.9996563630001,15.82038248400005],[119.99890120200007,15.819663963000039],[119.9979248630001,15.819099378000033],[119.99691212400012,15.818727628000033],[119.99589946600008,15.818545800000038],[119.9952045330001,15.818553936000058],[119.99477545100001,15.81867772000004],[119.9935822970001,15.819115123000074],[119.99273124800004,15.81926358000004],[119.99185590600007,15.819263417000059],[119.99098051600004,15.81908984100005],[119.98941644800004,15.818377332000068],[119.98691074600004,15.816355466000061],[119.98609549200012,15.815768969000032],[119.98568363700008,15.81524037500003],[119.98491621100004,15.81305756200004],[119.98377505500002,15.809492596000041],[119.98341476500002,15.808526291000078],[119.98300293400007,15.808030712000061],[119.9819645440001,15.807559754000067],[119.98039050600005,15.80707364500006],[119.9775068130001,15.806395731000066],[119.97394424800007,15.80507344700004],[119.97349795700006,15.804924678000077],[119.97287141600009,15.804883215000075],[119.9723821660001,15.804932632000032],[119.97055387000012,15.805493672000068],[119.96765426700006,15.80707779900007],[119.96538601600002,15.808738321000021],[119.96482421000007,15.809099717000038],[119.96431098000005,15.809270624000078],[119.96396183400009,15.809305516000052],[119.96346888200003,15.809208157000057],[119.96247500900006,15.808772383000075],[119.96183185600012,15.808249394000029],[119.96066844800009,15.807156450000036],[119.95995138300009,15.806654652000077],[119.95937363400003,15.806374523000045],[119.95880395000006,15.806265426000039],[119.95822206900004,15.806261307000057],[119.95769266400009,15.806338890000063],[119.95718343200008,15.806498126000065],[119.95682371800001,15.806692425000051],[119.95631869100009,15.807209381000064],[119.9560191590001,15.807815542000071],[119.95566325200002,15.808639681000045],[119.95496968000009,15.80978986100007],[119.95455736400004,15.810217419000026],[119.9540521350001,15.81053997600003],[119.95374495100009,15.81065650000005],[119.9533084850001,15.810683536000056],[119.95252756500008,15.810574364000047],[119.952111392,15.810407011000052],[119.95122110400007,15.809709503000022],[119.95051427300007,15.808966617000067],[119.95000951700001,15.808130457000061],[119.94940076300009,15.806858789000046],[119.94917862900002,15.806520422000062],[119.94881904800002,15.806244242000048],[119.948185695,15.805931933000068],[119.94561415900012,15.804889674000037],[119.94521403300007,15.80470776900006],[119.94372804800003,15.80444372200003],[119.94294587400009,15.804452792000063],[119.94230055700007,15.804499561000057],[119.94189962500002,15.804640504000076],[119.94159643100011,15.804856746000041],[119.9414399100001,15.805044835000047],[119.9413909000001,15.805327050000074],[119.94152760100008,15.805721346000041],[119.9418891150001,15.806267156000047],[119.94197697200002,15.806577656000059],[119.9419572380001,15.806982184000049],[119.94175171000006,15.807443069000044],[119.94145820800009,15.807847459000072],[119.94100831900005,15.808148305000032],[119.93912937100004,15.808851541000024],[119.93877730400004,15.809039553000048],[119.93806322800003,15.809763598000075],[119.93788713300012,15.809979888000044],[119.93776959700006,15.810431391000066],[119.93812094000009,15.811767390000057],[119.93815990000007,15.812077854000052],[119.93805221600007,15.812360027000068],[119.93784678000009,15.812604522000072],[119.93750450000005,15.812773693000054],[119.93724051700008,15.812773573000072],[119.93688860300006,15.812632308000047],[119.93646830400007,15.812378124000077],[119.93542256600006,15.811512184000037],[119.93326623600001,15.809494567000058],[119.93222657500007,15.808672080000065],[119.93131757200001,15.808116608000034],[119.93035384000007,15.807726873000036],[119.92921856700002,15.807143259000043],[119.92821167900001,15.806879351000077],[119.92754691300001,15.806803729000023],[119.92696999900011,15.806888120000053],[119.92661789400006,15.807085525000048],[119.92634399400004,15.807329994000042],[119.92609939600004,15.807630922000044],[119.92539512100007,15.808872922000035],[119.92529699300007,15.809522007000055],[119.92526734900002,15.810067650000065],[119.92602839200003,15.813069369000061],[119.92630128300004,15.81467821700005],[119.92608583800006,15.815280199000028],[119.92559667000012,15.815806777000034],[119.92487300900007,15.816022790000034],[119.92403211200008,15.816078809000032],[119.923132613,15.815993690000028],[119.92249719000006,15.81576758600005],[119.92171039100003,15.815327996000065],[119.91989293800009,15.813088035000078],[119.91738821700005,15.809197289000053],[119.91711470000007,15.808726765000074],[119.91684107900005,15.808463207000045],[119.91651850100004,15.808331327000076],[119.91599049000001,15.808331055000053],[119.91546245800009,15.808462467000027],[119.91484637700012,15.80866909200006],[119.91424982000001,15.808828713000025],[119.91140999100003,15.809325733000037],[119.9106474140001,15.809334703000047],[119.90962089100003,15.809136558000034],[119.90486296300003,15.807050840000045],[119.90308285000003,15.806918068000073],[119.90178234300004,15.807124243000032],[119.89853656700006,15.808676019000075],[119.89539513900002,15.809659959000044],[119.89469665500008,15.80973300100004],[119.8924774950001,15.810421537000025],[119.89141148100009,15.810836636000033],[119.89109782900005,15.809764227000073],[119.89068227100006,15.81000416300003],[119.89054201300007,15.809969184000067],[119.89005984700009,15.810188862000075],[119.888993346,15.810486794000042],[119.88872583000011,15.810701728000026],[119.88829728200005,15.810931664000066],[119.88796482700002,15.811019146000035],[119.88674397300008,15.81160170000004],[119.88640112300004,15.811586719000047],[119.88577262000001,15.811280761000035],[119.88575703800007,15.810779127000046],[119.88580190000005,15.810611184000038],[119.88576038000008,15.810104559000024],[119.88567217900004,15.809805078000068],[119.88546207700006,15.80976292400004],[119.88542316200005,15.809545800000024],[119.88559450500009,15.80947982300006],[119.88607966900008,15.809071921000054],[119.8875125300001,15.808020708000072],[119.88789994100011,15.807503029000031],[119.88836015000004,15.806780642000035],[119.88974155300002,15.80429319700005],[119.8902707850001,15.80347031100007],[119.89084665200005,15.802779692000058],[119.89117506600007,15.802292822000027],[119.89152692800008,15.802492630000074],[119.89188008200006,15.802402321000045],[119.89221199500003,15.802620485000034],[119.89233532900005,15.802475092000066],[119.89227871500009,15.802146105000077],[119.89236657100003,15.80180413200003],[119.89228064500003,15.801549285000021],[119.89196622400004,15.801335942000037],[119.89214642200011,15.800768919000063],[119.89207890800003,15.80036726000003],[119.89244724200012,15.799460442000054],[119.89305966500001,15.79813179000007],[119.89312890200006,15.79763771100005],[119.8931331770001,15.796847680000042],[119.89329897200003,15.796076990000074],[119.8933966510001,15.795486664000066],[119.89371604000007,15.79440674400007],[119.89410764500008,15.79357626600006],[119.89423027800001,15.79277135600006],[119.8942757640001,15.790373245000069],[119.89438956000004,15.790018155000041],[119.89472995100004,15.789475887000037],[119.89499126700002,15.78892169200003],[119.89518354900008,15.788651610000045],[119.89573385300002,15.787759946000051],[119.89582433800001,15.78754409000004],[119.89604713300002,15.786682401000064],[119.89633421700012,15.78586477500005],[119.89663762100008,15.785269192000044],[119.89680597400002,15.784750478000035],[119.89727608300007,15.78343609600006],[119.89739965100011,15.782772867000062],[119.8975009510001,15.782510119000051],[119.8975584960001,15.78203502100007],[119.89767432000008,15.781555853000043],[119.8978269050001,15.78131006500007],[119.89816166300011,15.781132950000028],[119.89815194900007,15.780914063000068],[119.89825387700012,15.780344609000053],[119.89858972000002,15.779314958000043],[119.8987669600001,15.778393764000043],[119.89881051000009,15.77800800500006],[119.89880802200003,15.777210959000058],[119.89908756500006,15.77562445600006],[119.89913534100003,15.77519979300007],[119.8994626540001,15.774158274000058],[119.89953049100006,15.77346863200006],[119.89971290000005,15.773082680000073],[119.9002360930001,15.771063926000068],[119.90050033300008,15.770898094000074],[119.90070850900008,15.77096087800004],[119.90096726800004,15.771284727000022],[119.90121778200012,15.77138833500004],[119.90228358800005,15.771277061000035],[119.90246118700009,15.771452090000025],[119.90268322100007,15.771439735000058],[119.90306930300005,15.771143774000052],[119.90372048300003,15.77088031900007],[119.90528185300002,15.769723505000059],[119.90574565100007,15.769250756000076],[119.90609183400011,15.768830863000062],[119.906272564,15.768436977000022],[119.90641272000005,15.76787685000005],[119.90660159900006,15.76766002900007],[119.90671405700004,15.767291533000048],[119.90700008700003,15.765788034000025],[119.90709882800002,15.765398712000035],[119.90726378200009,15.764250694000054],[119.90717775400003,15.763459776000047],[119.90689493900004,15.762362422000024],[119.90688840100006,15.761673018000067],[119.90695131600012,15.761019410000074],[119.90711873300006,15.760487127000033],[119.90713693800001,15.760250856000027],[119.90900751700008,15.760081944000035],[119.90955565600007,15.76005142300005],[119.91045748300007,15.759931639000058],[119.91119955400006,15.759915633000048],[119.91115541600004,15.759198930000025],[119.91064225000002,15.75910864900004],[119.91047171600007,15.75925496700006],[119.91011041500008,15.759428075000073],[119.90993560200002,15.75941685500004],[119.90954018900004,15.759245821000036],[119.90931644300008,15.758916353000075],[119.90930821800009,15.758644523000044],[119.90921319900008,15.758388635000074],[119.9091778930001,15.757895215000076],[119.90880709700002,15.757874653000044],[119.90875011500009,15.757512082000062],[119.9089520330001,15.757446019000042],[119.9092793530001,15.757547007000028],[119.9095848820001,15.757524887000045],[119.9097894350001,15.757022552000024],[119.90975087700008,15.756486069000061],[119.9097497680001,15.755636013000071],[119.90958671200008,15.754943495000077],[119.90936622000004,15.754257368000026],[119.90908711600002,15.753606062000074],[119.908517157,15.752624424000032],[119.90776825800003,15.751627993000056],[119.90729310000006,15.751227423000046],[119.90698854400011,15.751028139000027],[119.90610900100012,15.750315129000057],[119.9057130110001,15.750101724000046],[119.90442445700012,15.749091927000052],[119.90402685200002,15.748657125000022],[119.9040226080001,15.748444974000051],[119.90422971900011,15.748442354000076],[119.9047528530001,15.747608479000064],[119.90489802800005,15.747142670000073],[119.90529034800011,15.746506010000076],[119.90490967900007,15.746229597000024],[119.90439099900004,15.746703914000022],[119.90389822800012,15.74668600900003],[119.90373704700005,15.746899332000055],[119.90401575200008,15.747253199000056],[119.9038170230001,15.747581640000021],[119.90346655600001,15.747916481000061],[119.90324531600004,15.747823522000033],[119.90328688600005,15.747640803000024],[119.90311387500003,15.747550600000068],[119.9029221610001,15.747726097000054],[119.902788869,15.748013791000062],[119.90280666400008,15.748187299000051],[119.90258593700003,15.748337785000047],[119.90278748000003,15.748527355000022],[119.90266858300004,15.748769522000032],[119.90240706600002,15.748881967000045],[119.90190985600009,15.749182107000024],[119.9016325120001,15.749486527000045],[119.90116237600012,15.74945596200007],[119.90091832900009,15.74954321000007],[119.9004495690001,15.749504306000063],[119.8993876080001,15.749031107000064],[119.89881725400005,15.748814022000033],[119.89838639400011,15.748541772000067],[119.89752163900005,15.748284471000034],[119.89676733800002,15.748033881000026],[119.89634920500009,15.747931321000067],[119.8961902740001,15.748018611000077],[119.89603774600005,15.748582890000023],[119.89591704400004,15.748608237000042],[119.89550352100002,15.749149758000044],[119.89507961800007,15.749634095000033],[119.89471329800006,15.750742177000063],[119.89380455500009,15.750448462000065],[119.8931729740001,15.75020224800005],[119.89286321300006,15.75026037400005],[119.89264451100007,15.74994958600007],[119.89237885500006,15.749833439000042],[119.89210598000011,15.750285516000076],[119.89174115600008,15.750162215000046],[119.8917528290001,15.749993973000073],[119.89199360900011,15.749390504000075],[119.89199783900006,15.749257546000024],[119.89139869200005,15.74903286500006],[119.89088607400004,15.748991898000043],[119.89055333500005,15.74916967300004],[119.8904021840001,15.749523553000074],[119.89045359400006,15.749998487000028],[119.89056396600006,15.750188001000026],[119.89033263600004,15.750293100000022],[119.89020810800002,15.749445239000067],[119.88963843600004,15.749223895000057],[119.88918495300004,15.749173290000044],[119.88890631200002,15.749245889000065],[119.88810401300009,15.74912514500005],[119.8875550250001,15.749154560000022],[119.88683797100009,15.748917135000056],[119.88626668800009,15.748602682000069],[119.88570182100011,15.748105120000048],[119.88498244200002,15.747682906000023],[119.88436004200003,15.74721893900005],[119.88385436500005,15.746896134000053],[119.88367306200007,15.746712173000049],[119.88299697100001,15.745641159000058],[119.8827009150001,15.745235010000044],[119.88242796800012,15.744948558000033],[119.8819296590001,15.744570992000035],[119.88103990100001,15.744123178000052],[119.88051948500004,15.743988443000035],[119.87982040100007,15.743666695000059],[119.87943367900004,15.743599148000044],[119.87894011000003,15.743397190000053],[119.87786341600008,15.743189793000056],[119.87665585600007,15.743216056000051],[119.87628937800002,15.743269627000075],[119.87532738300001,15.743510005000076],[119.87502026900006,15.743500030000064],[119.87424451100003,15.743275803000074],[119.87328208300005,15.742670019000059],[119.87193335100005,15.742110988000036],[119.8719645430001,15.741842261000045],[119.87159029300005,15.741652019000071],[119.8706277760001,15.740204892000065],[119.87047239700007,15.739825349000057],[119.86995799800002,15.738790807000044],[119.86955917000012,15.737672693000036],[119.869518674,15.737275933000035],[119.86927627300008,15.736352475000047],[119.86918836400002,15.73583370700004],[119.86924327400004,15.734811528000023],[119.86940737400005,15.733397338000032],[119.86961279800005,15.733206660000064],[119.86960688500005,15.73276598700005],[119.86970160500005,15.732468045000076],[119.86982640200006,15.732380995000028],[119.87009387100011,15.731736210000065],[119.87029386200004,15.731071625000027],[119.87051088700002,15.73078859900005],[119.87054966200003,15.730380140000022],[119.87082817400005,15.730193318000033],[119.87097369300011,15.72998997700006],[119.87110086700011,15.729594224000039],[119.87124045600001,15.729606341000022],[119.87159857900008,15.729246919000047],[119.8721178190001,15.728583582000056],[119.8727586440001,15.72789029300003],[119.87364225600004,15.727088684000023],[119.8737643280001,15.726764685000035],[119.87397247000001,15.726823164000052],[119.87413837200006,15.726691426000059],[119.87403317700011,15.726520993000065],[119.87406907200011,15.726336291000052],[119.87397500700001,15.726118949000067],[119.87418487100001,15.725775833000057],[119.87442800800011,15.725801553000053],[119.87462738200009,15.725679761000038],[119.87513085900002,15.725237419000052],[119.8755460540001,15.724605907000068],[119.87592103700001,15.724482521000027],[119.8764019670001,15.72457502900005],[119.87662675500007,15.724502071000074],[119.87696914000003,15.72423311800003],[119.87723046100007,15.724149874000034],[119.87765030600008,15.72427854700004],[119.8782288330001,15.724183050000022],[119.87887052000008,15.724127977000023],[119.87918691000004,15.723884201000033],[119.87942467200003,15.723781818000077],[119.87987420900004,15.723873398000023],[119.88028667300011,15.723883729000022],[119.880905127,15.723731139000051],[119.88110903900008,15.723602822000032],[119.88205654500007,15.72275017000004],[119.882779905,15.722035623000068],[119.88361025800009,15.720790433000047],[119.88370031700003,15.720518731000027],[119.88401566700009,15.72008071700003],[119.88436484900001,15.719909141000073],[119.88527784100006,15.719621859000029],[119.88594184400006,15.719258527000022],[119.8870798050001,15.71816889300004],[119.88792053600002,15.717301230000032],[119.88824703800003,15.716777557000057],[119.88895273800006,15.715568125000061],[119.88948005200007,15.714428693000059],[119.88973795200002,15.71407626000007],[119.89001240900006,15.713417592000042],[119.89013766500011,15.712984422000034],[119.89046383900006,15.712319463000028],[119.89077216900012,15.711892467000041],[119.89102850400002,15.711427799000035],[119.89135166400001,15.710728482000036],[119.89194080000004,15.70952214500005],[119.89238307100004,15.708439558000066],[119.89287238000009,15.707870780000064],[119.89325981100001,15.707537131000038],[119.89390046200003,15.707302276000064],[119.89415296300001,15.707374935000075],[119.89424017700003,15.70758195600007],[119.89406812000004,15.707759234000036],[119.89379253700008,15.707846971000038],[119.89353103200006,15.708289364000052],[119.89296103600009,15.709159658000033],[119.89238979200002,15.710182521000036],[119.89209644900006,15.710575964000043],[119.89188611800012,15.711258704000045],[119.8918460650001,15.711921919000076],[119.89173582900003,15.712527271000056],[119.89169429900005,15.713172974000031],[119.89156725100008,15.71392942400007],[119.89124279200007,15.71445387600005],[119.89120624600002,15.714607440000066],[119.89248790400006,15.71500373200007],[119.89270691000002,15.714659332000053],[119.89284444300006,15.714339481000025],[119.89345892400002,15.71323970800006],[119.89372438900011,15.71291289100003],[119.89466582400007,15.71196476800003],[119.89522472600004,15.711295255000039],[119.8956811810001,15.710394248000057],[119.89587243000005,15.709640845000024],[119.89558613200006,15.709088331000032],[119.8956092410001,15.708758944000067],[119.89586721300009,15.706650609000064],[119.89585353200005,15.706425110000055],[119.89509961600004,15.706610566000052],[119.89403052700004,15.706950839000058],[119.89386106600011,15.70708991500004],[119.89363429700006,15.706994631000043],[119.89368856300007,15.706479814000033],[119.8938667320001,15.706199387000026],[119.89424351800005,15.705823721000058],[119.8948962390001,15.705544787000065],[119.89598325500003,15.70462935200004],[119.89755828400007,15.703168662000053],[119.89776364200009,15.703052986000046],[119.89829442200005,15.702498105000075],[119.89952616200003,15.701367627000025],[119.89996340200003,15.701029465000033],[119.90077850600005,15.700565878000077],[119.90121027200007,15.700447316000066],[119.90175350700008,15.700534280000056],[119.90208102300005,15.70054435700007],[119.90273414800004,15.700731443000052],[119.90335819800009,15.700786060000041],[119.90372508100006,15.700854347000075],[119.90404604000003,15.701026967000075],[119.90421554800002,15.701267675000054],[119.90445588000011,15.701835300000027],[119.90466771700005,15.702159736000056],[119.90498230200001,15.702512650000074],[119.90570654300006,15.703483892000065],[119.9060194430001,15.703868311000065],[119.9065999390001,15.704318272000023],[119.9067026460001,15.704612094000026],[119.90688860800003,15.704788300000075],[119.90737851300003,15.705120858000043],[119.90850281000007,15.705665994000071],[119.90888417700012,15.705798346000051],[119.90984553500004,15.70599945400005],[119.9105370420001,15.706171526000048],[119.91133267900011,15.706244967000032],[119.91155906900008,15.706378323000024],[119.91202517600004,15.70650371000005],[119.91253778200007,15.706551369000067],[119.91273987200009,15.706637644000068],[119.91296532500007,15.70690718000003],[119.91330454000001,15.706883449000031],[119.91387063600007,15.706716398000026],[119.91532319200007,15.706617263000055],[119.91580252200004,15.706536414000027],[119.91705885300007,15.706238376000044],[119.91790591400002,15.705935988000022],[119.91854971200007,15.70562379300003],[119.91885266300005,15.705418656000063],[119.91972662300009,15.705060285000059],[119.92064785200012,15.704354116000047],[119.92104630000006,15.70393671100004],[119.92157100100007,15.70354708900004],[119.92198441400001,15.703191636000042],[119.92245343700006,15.70249645900003],[119.92354764100003,15.701175200000023],[119.92396175700003,15.700702548000038],[119.92458636900005,15.699809010000024],[119.92513953100001,15.699067135000064],[119.92531219700004,15.698737390000076],[119.92573873700007,15.697769784000059],[119.9259665080001,15.697505698000043],[119.92646879200004,15.697344046000069],[119.92641853200007,15.697807149000027],[119.92682723100006,15.697873635000064],[119.92690780400005,15.697647446000076],[119.92730446400003,15.697375392000026],[119.92771327900005,15.697290764000059],[119.92906402300002,15.696661176000077],[119.92927576900001,15.696589862000053],[119.9300971450001,15.696191505000058],[119.93089477900003,15.695616998000048],[119.93176767900002,15.69481077000006],[119.93221053600007,15.694479948000037],[119.93289054900004,15.693624653000029],[119.93321122600003,15.693266847000075],[119.93345066100005,15.692891860000032],[119.93395477500007,15.691620198000066],[119.93401056200003,15.690936313000066],[119.93395314400004,15.690695249000044],[119.93373405500006,15.69019060900007],[119.93382986100005,15.689299217000041],[119.93382893300009,15.688971666000043],[119.93393526700004,15.688703932000067],[119.93423776000009,15.688421055000049],[119.93513086600001,15.687958112000047],[119.93561131000001,15.687527222000028],[119.9358764000001,15.687349062000067],[119.93559766300007,15.687203410000052],[119.93685712900003,15.685783842000035],[119.93712009800004,15.684845110000026],[119.93784879100008,15.683877521000056],[119.93941338400009,15.682719083000052],[119.94058601200004,15.68250492900006],[119.94153386700009,15.68243251000007],[119.9434955590001,15.682113336000043],[119.94458195900006,15.681888919000073],[119.94524580900008,15.681589297000073],[119.94576261100008,15.681062582000038],[119.94582819400011,15.680705661000047],[119.94611152800007,15.680530089000058],[119.94651660300008,15.68037713700005],[119.94747168200001,15.680367285000045],[119.94768265100004,15.680667701000061],[119.94826968500001,15.680932399000028],[119.94869319200006,15.681163019000053],[119.9488033130001,15.681145265000055],[119.94902241300008,15.680861633000063],[119.94913209700007,15.680490255000052],[119.9496695690001,15.680206601000066],[119.95010511400005,15.680144038000037],[119.95044749400006,15.680009755000071],[119.95093350100001,15.679569696000044],[119.95122112400009,15.679129731000046],[119.95125400200004,15.678902058000062],[119.9512075340001,15.678472518000035],[119.951403475,15.678354608000063],[119.95175820700001,15.678310113000066],[119.95310115000007,15.678338887000052],[119.95340482400002,15.678378415000054],[119.9540757960001,15.678819453000074],[119.95432239400009,15.678909012000076],[119.95476887000007,15.678912469000068],[119.95524220100003,15.678751634000037],[119.9556834550001,15.678755863000049],[119.95600866000007,15.678605103000052],[119.95643249000011,15.678297877000034],[119.95682312800011,15.677586077000058],[119.95679156500012,15.677434660000074],[119.9570381420001,15.677356204000034],[119.95722494300003,15.677483228000028],[119.95773049400009,15.677576748000035],[119.95873638600006,15.677574807000042],[119.95863624200001,15.677925224000035],[119.95883050900011,15.678311141000052],[119.95918664700002,15.678452751000066],[119.95962277600006,15.67816262100007],[119.96013492300006,15.678060071000061],[119.96059522000007,15.678117850000035],[119.96106993800004,15.67828626100004],[119.96376838000003,15.682537870000033],[119.96586204800008,15.682654188000072],[119.96807752500001,15.685362375000068],[119.97075607400006,15.686610790000032],[119.97198105300004,15.688760511000055],[119.97284188300011,15.689179783000043],[119.97389446000011,15.689082300000052],[119.97936317300002,15.686059956000065],[119.98215605600001,15.684779874000071],[119.98411279400011,15.684410531000026],[119.98580338600004,15.684439502000032],[119.98816257600004,15.684946060000073],[119.99088017500003,15.68607643300004],[119.99273396800004,15.687561236000022],[119.99517223800001,15.691111354000043],[119.99658998600012,15.691444623000052],[119.99766705900004,15.69150380800005],[120.00061094300008,15.690565057000072],[120.01653490800004,15.690169095000044],[120.0201734310001,15.68952014000007],[120.02354122300005,15.69017260000004],[120.02697553100006,15.689855008000052],[120.02977338000005,15.69076721700003],[120.0355164770001,15.69119332300005],[120.04719947700005,15.691166707000036],[120.0542545940001,15.694265983000037],[120.07179815600011,15.694866865000051],[120.09035737500005,15.697824137000055],[120.215071996,15.681738971000073],[120.21245195000006,15.687199554000074],[120.21149419100004,15.688433392000036],[120.2083886800001,15.691769445000034],[120.20441632400002,15.695123468000077],[120.20263549600008,15.697763308000049],[120.20101892200012,15.700590041000055],[120.20035354700008,15.702396758000077],[120.19750677900004,15.707041426000046],[120.19398487700005,15.71352831400003],[120.1918974240001,15.715848126000026],[120.18635825800004,15.725367191000032],[120.1777761410001,15.735479338000061],[120.17219788500006,15.746569737000073],[120.16200444200001,15.766045819000055],[120.15955697300001,15.769265243000063],[120.15845308700011,15.771714149000047],[120.15675737000004,15.777489523000042],[120.15673063200006,15.777628940000056],[120.15644934300008,15.778000553000027],[120.15631391500006,15.778621190000024],[120.15352514800009,15.788376782000057],[120.15314545700005,15.792689973000051],[120.15209010300009,15.800813101000074],[120.1514493200001,15.807604513000058],[120.15117335700006,15.80956008000004],[120.15099503800002,15.812006448000034],[120.15059775300006,15.815911991000064],[120.15032036100001,15.817238574000044],[120.1497494570001,15.819213877000038],[120.14880539900003,15.821141058000023],[120.14825190300007,15.822452504000069],[120.14766179100002,15.823549146000062],[120.14669297600005,15.824728466000067],[120.14561601700007,15.825531330000047],[120.14429317400004,15.826197594000064],[120.14013089700006,15.827268377000053],[120.13663235500007,15.827649360000066],[120.1332764760001,15.827747986000077],[120.13105976400004,15.827526050000074],[120.12637772000005,15.826255600000025],[120.12210736200007,15.82899001900006]]],[[[119.86388672300006,15.812573862000022],[119.8639069300001,15.811854525000058],[119.86404650100008,15.811436037000021],[119.86436269600006,15.811204025000052],[119.86462100100005,15.811181263000037],[119.86502533800001,15.811361314000067],[119.86542307100001,15.811898360000043],[119.86603704100003,15.81245132500004],[119.86610479000001,15.812580896000043],[119.86388672300006,15.812573862000022]]],[[[119.79715659200008,15.779226161000054],[119.79775849700002,15.779648348000023],[119.79778281400002,15.779879534000031],[119.79794465300006,15.779936641000063],[119.79797265100001,15.780310563000057],[119.79812789300001,15.780434917000036],[119.79815369900007,15.780621009000072],[119.79885780200004,15.781206877000045],[119.79905077100011,15.78151557800004],[119.7993770380001,15.781573489000039],[119.79954540900007,15.781699778000075],[119.7999214680001,15.782268222000027],[119.80031038100003,15.782724564000034],[119.80084307000004,15.783507240000063],[119.80094890800001,15.783895656000027],[119.8011348120001,15.784240751000027],[119.80133420100003,15.784753572000056],[119.80147272200009,15.785258033000048],[119.80148594800005,15.78548255800007],[119.80140699300011,15.785918060000029],[119.80147825800009,15.786584491000042],[119.80171029200005,15.78781267200003],[119.80185080100011,15.788207065000051],[119.80177758200011,15.78883363400007],[119.80185125000003,15.790089032000026],[119.80174865000004,15.79068572500006],[119.80182850100005,15.791159419000053],[119.80175964600005,15.791382142000032],[119.8018590480001,15.792015912000068],[119.80183996800008,15.792240328000048],[119.80196098400006,15.792994539000063],[119.80209397300007,15.793345843000054],[119.80221179800003,15.793888011000035],[119.80244928800005,15.794503227000064],[119.80256936400008,15.795346281000036],[119.80264197800011,15.795624261000057],[119.80247414700011,15.796646267000028],[119.80233688300007,15.79696737100005],[119.80229912100003,15.79723249400007],[119.80207908700004,15.797708549000049],[119.80187825900009,15.79795886200003],[119.80175246900001,15.798402564000071],[119.80207766000001,15.799828036000065],[119.80205741200007,15.80030393900006],[119.80195570800004,15.800951313000041],[119.80208396800003,15.801440704000072],[119.80192918400007,15.801730748000068],[119.8017295950001,15.802297785000064],[119.80171205200008,15.802536476000057],[119.80178432500009,15.803057531000036],[119.80196186600006,15.80345113900006],[119.80227171900003,15.803886356000078],[119.80284887300002,15.804458922000038],[119.80338741000003,15.804779214000064],[119.80373091400008,15.804841509000028],[119.80386327800011,15.804780033000043],[119.8038774900001,15.80456042700007],[119.80406480200008,15.80438803900006],[119.80461392000007,15.80412129900003],[119.80495029000008,15.804106561000026],[119.80512923700007,15.804199137000069],[119.80520290000004,15.80455636000005],[119.80498542100008,15.804796681000028],[119.80388075400003,15.805275865000056],[119.80351744100005,15.805340712000032],[119.80279787600011,15.805563198000073],[119.80217771200012,15.80568555800005],[119.80178162100003,15.805853748000061],[119.80117706500005,15.806008348000034],[119.80052597200006,15.806381705000035],[119.7995435580001,15.807109538000077],[119.7992676130001,15.80743232900005],[119.7989940220001,15.807613580000066],[119.7985910430001,15.807982718000062],[119.79780195500007,15.808466391000024],[119.79685360400003,15.808892505000074],[119.79597192200004,15.809185402000026],[119.79501091800012,15.80941976500003],[119.79445689200008,15.809620808000034],[119.79402240700006,15.809648548000041],[119.79352850700002,15.80953876500007],[119.79285373800008,15.809481006000055],[119.79242847900002,15.809558245000062],[119.7915932300001,15.809976881000068],[119.79124144700006,15.810231073000068],[119.79009179900004,15.811150164000026],[119.78904043600005,15.811724387000027],[119.78866833900008,15.811875747000045],[119.7883045210001,15.811959458000047],[119.78781006600002,15.81198106200003],[119.78730822200009,15.811896943000022],[119.78669269400007,15.811608427000067],[119.78636557700008,15.811204747000033],[119.78606784200008,15.810547202000066],[119.78590057000008,15.80979128000007],[119.78583318900007,15.809018215000037],[119.78587068700006,15.808296743000028],[119.7858732950001,15.806317805000049],[119.78592828100011,15.805431352000028],[119.78610030200002,15.804221985000027],[119.78641166900002,15.803053266000063],[119.78664551100007,15.802500432000045],[119.7867999020001,15.801967698000055],[119.7872527930001,15.800795523000033],[119.78746916600005,15.800082847000056],[119.78763015400011,15.799797004000027],[119.78795896700001,15.798827531000029],[119.78827861600007,15.797661811000069],[119.78844251300006,15.797284382000043],[119.78863978200002,15.796294825000075],[119.78890334800008,15.794284873000038],[119.78891832800002,15.793483600000059],[119.78906121600005,15.79233137400007],[119.78909211300004,15.791020163000042],[119.78903316600008,15.790149091000046],[119.78912528500007,15.789298391000045],[119.78909020000003,15.788532840000073],[119.7891178640001,15.788109367000061],[119.78904841600001,15.787442016000057],[119.7885866360001,15.785002070000075],[119.78854282900011,15.784655712000074],[119.7885690380001,15.784278033000078],[119.78880538300007,15.783254352000029],[119.78899892000004,15.78270742500007],[119.78927417700004,15.782117242000027],[119.78979421200006,15.781286613000077],[119.79033200200001,15.78065637700007],[119.79066450100004,15.780340466000041],[119.79105173100004,15.77986323500005],[119.79148724600009,15.779410605000066],[119.7922579430001,15.778681049000056],[119.79252232100009,15.778506348000064],[119.79323542600002,15.778175692000048],[119.79371565000008,15.778052315000025],[119.79445039600012,15.777968250000072],[119.79519386000004,15.778338423000037],[119.79567992200009,15.77850414900007],[119.79592778200004,15.778642575000049],[119.7963634460001,15.778764143000046],[119.79715659200008,15.779226161000054]]],[[[119.82223727100006,15.729582051000023],[119.82262313500007,15.72971301900003],[119.82317790800005,15.730147445000057],[119.82357358800004,15.730384945000026],[119.82388336400004,15.730497566000054],[119.82424469900002,15.730782866000027],[119.82440220800004,15.731049767000059],[119.82510310100008,15.731718882000052],[119.82561932400006,15.732074878000049],[119.82573067300007,15.732252814000049],[119.82621736200008,15.732609487000047],[119.82667111400008,15.732889592000049],[119.82733778500005,15.73319572500003],[119.82841818100007,15.733646126000053],[119.82899701200006,15.733808554000063],[119.82925521400011,15.733790347000024],[119.82944337200001,15.734536569000056],[119.82982079600004,15.735352918000046],[119.83031966800002,15.735981760000072],[119.83058300400012,15.736669877000054],[119.83066979600005,15.73708847100005],[119.83146392100002,15.737948785000071],[119.83160785500002,15.738220911000042],[119.83180060400002,15.73874419200007],[119.83210476300007,15.739322448000053],[119.83255992800002,15.739923760000067],[119.83296975300004,15.740129558000035],[119.83305001500003,15.740261813000075],[119.83298416200012,15.740494535000039],[119.83176394400004,15.740701714000068],[119.83140795800011,15.740684730000055],[119.83082131300011,15.740743920000057],[119.83059754300007,15.740660262000063],[119.82997152300004,15.740604569000027],[119.82946310900002,15.740671563000035],[119.82891198700008,15.740822028000025],[119.82864342300002,15.740988432000051],[119.82816272600007,15.741441567000038],[119.82773155500001,15.74170093600003],[119.82725018500003,15.741881829000022],[119.82683722900003,15.741964443000029],[119.8261880020001,15.741893011000059],[119.82467755400012,15.741538544000036],[119.82420881700011,15.74129739700004],[119.82371963600008,15.74118992800004],[119.822833822,15.740687270000024],[119.82216019100008,15.740163773000063],[119.82128722000004,15.739308808000033],[119.82094223500008,15.73891625400006],[119.82067338400009,15.738453101000061],[119.82045230000006,15.737972714000023],[119.82024070500006,15.737140728000043],[119.82025164000004,15.737009932000035],[119.8200211190001,15.736065523000036],[119.81990203700002,15.735023408000075],[119.81981557300003,15.733975558000054],[119.81966392000004,15.732852235000053],[119.81971325600011,15.731998777000058],[119.81983334900008,15.730947007000054],[119.81999401200005,15.730305284000053],[119.82025284800011,15.729623028000049],[119.8204216580001,15.728990030000034],[119.82058744400001,15.728984871000023],[119.82106585400004,15.728817660000061],[119.82145771500007,15.728634710000051],[119.82187083500003,15.728600885000048],[119.82215337200012,15.72883906800007],[119.82203353400007,15.729380528000036],[119.82223727100006,15.729582051000023]]]]},"properties":{"psgc_code":307113000,"name":"Santa Cruz","corr_code":37113000,"geo_level":"Mun","city_class":"","inc_class":"","urb_rur":"1st","pop_2015":"","pop_2020":"","status":"","adm3_pcode":"PH0307113","adm3_en":"Santa Cruz","adm3_alt":"","adm2_pcode":"PH03071","adm1_pcode":"PH03","adm0_pcode":"PH","shape_len":1.30084791348,"shape_area":0.0387539953777,"shape_sqkm":459.550110093}},
{"type":"Feature","geometry":{"type":"MultiPolygon","coordinates":[[[[121.41241577900007,14.304329116000076],[121.41261347900002,14.304721374000053],[121.41298954600006,14.305880409000054],[121.41283703800002,14.30618888400005],[121.41266965600005,14.306236633000026],[121.41241989900004,14.306120942000064],[121.41205641800002,14.305548396000063],[121.41182645600009,14.304993031000038],[121.41186604300003,14.304113685000061],[121.41191741300008,14.30393484800004],[121.41215138000007,14.303920123000069],[121.41241577900007,14.304329116000076]]],[[[121.42966543400007,14.292195821000064],[121.42932438500009,14.292079304000026],[121.42903608600011,14.291839738000021],[121.42874478100009,14.291680617000054],[121.42821951500002,14.291653893000046],[121.4279245670001,14.291725399000029],[121.42745755300007,14.291922646000046],[121.42686617100003,14.292279335000046],[121.42649627300011,14.292296923000038],[121.42616968800007,14.29199426300005],[121.4255400080001,14.291950030000066],[121.4249569110001,14.292099760000042],[121.42422887800001,14.292409883000062],[121.42373113400004,14.292744766000055],[121.42354359600006,14.292997158000048],[121.42344266700002,14.29326220200005],[121.42329354500009,14.293333682000025],[121.42258769900002,14.293316924000067],[121.42237842200007,14.293134369000029],[121.42215785500002,14.292794726000068],[121.42142749600009,14.292741569000043],[121.42102149800007,14.292352384000026],[121.42034236500001,14.292058006000047],[121.41927753900006,14.292014701000028],[121.41892597600008,14.291667873000051],[121.41883673500001,14.29140073700006],[121.41883854500009,14.291141611000057],[121.41874868200011,14.290963318000024],[121.41841380700009,14.291079556000057],[121.41777597600003,14.29109012300006],[121.41754160800008,14.290947889000051],[121.41738590400007,14.290413769000054],[121.41744824600005,14.290184660000023],[121.41760340000008,14.289983009000025],[121.41806150500008,14.289615857000058],[121.41807216000007,14.289449339000043],[121.41763775900006,14.289141037000036],[121.41758463700012,14.288594642000078],[121.41730298300001,14.288157786000056],[121.41701809300002,14.288183656000058],[121.41672190000008,14.288468589000047],[121.41650143100003,14.28878179000003],[121.41608070100006,14.289232482000045],[121.41600335700002,14.289435577000063],[121.41603969800008,14.289667192000024],[121.41631471100004,14.289696787000025],[121.41664588700007,14.289837815000055],[121.41671076300008,14.290060365000045],[121.41666175900002,14.290282158000025],[121.41623914800005,14.291001231000052],[121.41602589900003,14.291638402000046],[121.41574913300008,14.291858679000029],[121.41544642500003,14.291717838000068],[121.41544849900004,14.291421694000064],[121.41535554300003,14.291143427000065],[121.41505264200009,14.291030350000028],[121.414929013,14.29106654700007],[121.41476586800002,14.291324598000074],[121.41472362800005,14.291935142000057],[121.41482432300006,14.292463344000055],[121.41505803500002,14.292711904000043],[121.4154008810001,14.292800363000026],[121.41602657700003,14.292897079000056],[121.41632896400006,14.293084191000048],[121.41649758200003,14.29339998100005],[121.41630544800012,14.293731881000042],[121.41604727200001,14.29400781000004],[121.41522152800007,14.294707033000066],[121.41464431000009,14.295859944000028],[121.4141802690001,14.296258452000075],[121.41412713500006,14.296788211000035],[121.41424109000002,14.296981738000056],[121.41465211200011,14.297096927000041],[121.41483252100011,14.297210578000033],[121.41497818500011,14.297581021000042],[121.41500617600002,14.298288025000033],[121.41514688600012,14.299365253000076],[121.41548628200007,14.300299228000029],[121.4156489830001,14.30058946500003],[121.41554789600002,14.300910072000022],[121.41523739100012,14.300554594000062],[121.41510493400006,14.300650096000027],[121.41512005600009,14.300842965000072],[121.4155108980001,14.301488130000052],[121.41547671400008,14.301664607000077],[121.41524598300009,14.30167913400004],[121.41477165100002,14.30119405000005],[121.41415075700002,14.30046703000005],[121.41359581800009,14.300005619000046],[121.41339607500004,14.299894786000038],[121.41315134000001,14.299606250000068],[121.41284706400006,14.299687513000038],[121.4127682190001,14.30010345900007],[121.41268978100004,14.300991683000063],[121.4127046540001,14.30125240700005],[121.41290269600006,14.30159580000003],[121.41288153200003,14.302230933000033],[121.41324684000006,14.302542864000031],[121.41364749800005,14.302578116000063],[121.41371225600005,14.302871752000044],[121.41405869100004,14.303493049000053],[121.41405697700009,14.303737373000047],[121.4139530970001,14.304257931000052],[121.41396865800004,14.304420926000034],[121.41421681500003,14.304764653000063],[121.41424428000005,14.305611869000074],[121.41404303400009,14.305724550000036],[121.41385940600003,14.305707035000069],[121.41364339900008,14.305542703000071],[121.41319754100005,14.304806719000055],[121.41247241100007,14.303401016000066],[121.41233946800003,14.30330239400007],[121.41202209800008,14.303300274000037],[121.41193686300005,14.303544040000077],[121.41161789000012,14.303769957000043],[121.41114972800005,14.303831985000045],[121.41059850700003,14.303828301000067],[121.41020048000007,14.303418412000042],[121.41013698800009,14.302945605000048],[121.41032439300011,14.302425608000021],[121.410325768,14.302230148000035],[121.41010999600007,14.302033236000057],[121.40951141700009,14.301638295000032],[121.40941241900009,14.301021277000075],[121.4091516740001,14.30063405900006],[121.40898256300011,14.300466873000062],[121.40870867900003,14.300400464000063],[121.40830053800005,14.300591462000057],[121.4074112400001,14.300594733000025],[121.40695677300005,14.300647040000058],[121.4063113520001,14.300947148000034],[121.4054405170001,14.301015112000073],[121.40507993400001,14.301169522000066],[121.40435655100009,14.301791985000023],[121.4040427440001,14.302020509000045],[121.40377721400012,14.302110979000076],[121.4029344280001,14.302225247000024],[121.40205452000009,14.302237786000035],[121.4014501900001,14.302076895000027],[121.40098557100009,14.301851902000067],[121.40061537200006,14.301481613000021],[121.40059395500009,14.301318600000059],[121.40091012500011,14.30085553400005],[121.40111152300005,14.300469429000032],[121.40106748500011,14.300007872000037],[121.40094594200002,14.299804100000074],[121.40043478500002,14.29850913200005],[121.40028006500006,14.298017542000025],[121.39960736100011,14.296199974000046],[121.39932018400009,14.295500098000048],[121.39915146700002,14.294573120000052],[121.39902616500001,14.293703408000056],[121.39922208500002,14.292850102000045],[121.39950704700004,14.291797982000048],[121.39957302500011,14.290730146000044],[121.39950976900002,14.289348077000056],[121.39955482900007,14.28904353300004],[121.39956898300011,14.28839630300007],[121.39881294100007,14.287931382000068],[121.39823519200002,14.28751402100005],[121.39785978500004,14.286992621000024],[121.39735275300006,14.286062282000046],[121.39706485200009,14.28567382700004],[121.3962881550001,14.285282077000033],[121.39568301600002,14.284917249000046],[121.39457952800001,14.284033704000024],[121.39327624900011,14.283301815000073],[121.39236804900008,14.283089567000047],[121.39165981800011,14.282733708000023],[121.39101869500007,14.282027225000036],[121.38983799200003,14.280614944000035],[121.38915918100008,14.280029684000056],[121.38864855000008,14.279772937000075],[121.38758199200004,14.279487817000074],[121.38653885300005,14.279249167000046],[121.38579129300001,14.27918620500003],[121.38449693500002,14.279212164000057],[121.3841650810001,14.279128858000036],[121.38343171000008,14.278741768000032],[121.38205618100005,14.27793792600005],[121.38139448200002,14.277738389000035],[121.38091332800002,14.277314244000024],[121.38061242600008,14.276706550000029],[121.38022710300004,14.276129078000054],[121.3793161860001,14.275455642000054],[121.37882370700004,14.275144333000071],[121.37842625000008,14.274792610000077],[121.37743759200009,14.273573734000024],[121.37709524000002,14.273244899000076],[121.37654039800009,14.272801110000046],[121.37610436400007,14.272346553000034],[121.37563205100003,14.271984380000049],[121.37520639700006,14.27173831600004],[121.37454255500006,14.271594837000066],[121.37343811700009,14.271633616000031],[121.37284417800004,14.271675876000074],[121.37209246000009,14.271683492000022],[121.37109557000008,14.271759153000062],[121.37063803000001,14.271628270000065],[121.37030426600006,14.271362489000069],[121.37003869700004,14.270721895000065],[121.36956159700003,14.26989620300003],[121.36905856100009,14.269261966000045],[121.36822102400004,14.268465744000025],[121.3673040320001,14.267770558000052],[121.36718774000008,14.267649941000059],[121.36884777500006,14.260993689000031],[121.36960493000004,14.259277292000036],[121.37074674900009,14.257019933000038],[121.37115073900009,14.255562024000028],[121.37155151000002,14.25268455400004],[121.37231401600002,14.251460532000067],[121.37379889600004,14.247928925000053],[121.3746817980001,14.24636378200006],[121.3748389860001,14.246249266000063],[121.37620680900011,14.24600259500005],[121.37795396600006,14.24622574700004],[121.38035467600002,14.246267567000075],[121.38267165500008,14.24319975000003],[121.38492763400006,14.240014941000027],[121.38643161000005,14.236356167000054],[121.38798135000002,14.230348324000033],[121.38795009000012,14.227472370000044],[121.38751244500008,14.226284476000046],[121.38638653500004,14.224311942000043],[121.38740690100008,14.220721979000075],[121.38740690100008,14.218007693000061],[121.390391754,14.218904422000037],[121.39324489600006,14.217662979000067],[121.3952268490001,14.216966028000058],[121.39644030000011,14.217000940000048],[121.40056463000008,14.218186829000047],[121.40390503800006,14.219768061000025],[121.40377499200008,14.22067837700007],[121.40357063600004,14.221458648000066],[121.40357063600004,14.222424698000054],[121.40363594500002,14.222888526000077],[121.40383054500012,14.223728806000054],[121.40550030600002,14.22422040300006],[121.41102453700012,14.226951626000073],[121.41241855100009,14.229267468000046],[121.41443755800003,14.230585372000064],[121.41490756600001,14.231854287000033],[121.41481457400005,14.23313620500005],[121.41500258400004,14.234726102000025],[121.41556659000003,14.235839027000054],[121.41597481500003,14.237322907000078],[121.41638612800011,14.237569816000075],[121.41662859500002,14.237993433000042],[121.41736245600009,14.239009896000027],[121.41857254400009,14.240003254000044],[121.4192594650001,14.24065332500004],[121.41932874200006,14.241092257000048],[121.41906633600001,14.24193918700007],[121.42024874600008,14.244844323000052],[121.42076623500009,14.246637708000037],[121.42170559400006,14.247868223000069],[121.42220791000011,14.248338100000069],[121.42297309800006,14.248861588000068],[121.42380237600003,14.249050044000057],[121.42438616300001,14.248923981000075],[121.4250165200001,14.249376435000045],[121.42539515400006,14.249791290000076],[121.42553558200007,14.25049681400003],[121.42539702900001,14.251145119000057],[121.42526468800008,14.251446144000056],[121.42507145600007,14.251632581000024],[121.42488169500007,14.252408393000053],[121.42464408700005,14.254907953000043],[121.42456230000005,14.25617243000005],[121.42460475500002,14.257780789000037],[121.42465851400004,14.258106772000076],[121.42537801700007,14.258846259000052],[121.42558643500001,14.259439239000073],[121.42614720200004,14.261350167000046],[121.42618861300002,14.262114093000037],[121.42586580800003,14.26243769000007],[121.42544333500007,14.262558760000047],[121.42486264500008,14.26263476500003],[121.425018754,14.262850234000041],[121.4261070120001,14.263132253000038],[121.42655210900011,14.263621860000057],[121.42676194,14.263647294000066],[121.42728333900004,14.263844408000068],[121.42793190900011,14.264651941000068],[121.42817989100001,14.265586644000052],[121.42875027500008,14.266004188000068],[121.42883293600005,14.266398416000072],[121.42877598400003,14.266633682000077],[121.42899720800006,14.266727076000052],[121.4291599820001,14.267306551000047],[121.42913393800006,14.267729763000034],[121.42723217700006,14.269167554000035],[121.4266918720001,14.269626811000023],[121.42731908500002,14.273016725000048],[121.4266448090001,14.276156324000056],[121.42893060800009,14.276652343000023],[121.4297371670001,14.281282588000067],[121.4305138530001,14.285524489000068],[121.43007699400005,14.287912409000057],[121.42966543400007,14.292195821000064]]]]},"properties":{"psgc_code":403426000,"name":"Santa Cruz","corr_code":43426000,"geo_level":"Mun","city_class":"","inc_class":"","urb_rur":"1st","pop_2015":"","pop_2020":"","status":"","adm3_pcode":"PH0403426","adm3_en":"Santa Cruz (Capital)","adm3_alt":"","adm2_pcode":"PH04034","adm1_pcode":"PH04","adm0_pcode":"PH","shape_len":0.294914288766,"shape_area":0.00311682031221,"shape_sqkm":37.2131701203}},
{"type":"Feature","geometry":{"type":"Polygon","coordinates":[[[122.50998404600011,13.768092543000023],[122.50939554400009,13.768640936000054],[122.50945548700008,13.768227022000076],[122.5093059290001,13.767886670000053],[122.50911612800007,13.767600874000038],[122.50883112500003,13.76743022900007],[122.50853311100002,13.76735616700006],[122.50824793900006,13.767376698000021],[122.50769745600007,13.767580563000024],[122.50744333600005,13.767622921000054],[122.5068320360001,13.767068149000067],[122.50658692600007,13.767012505000025],[122.50570970700005,13.767039176000026],[122.50544597500004,13.767193140000074],[122.50519362000011,13.766979721000041],[122.5048130780001,13.767163696000068],[122.50457690700011,13.76685081200003],[122.5041309500001,13.766421609000076],[122.50378959200009,13.766395920000036],[122.50352764700006,13.76615101300007],[122.5035134640001,13.765860936000024],[122.50392865900005,13.765660611000044],[122.5038933080001,13.765363378000075],[122.5035633650001,13.765172962000065],[122.50320340300004,13.765359950000061],[122.50279815500005,13.765412009000045],[122.50251712800002,13.765599761000033],[122.50201480900012,13.765579151000054],[122.5017959060001,13.765799247000075],[122.50132750700004,13.76573567500003],[122.50143726800002,13.765363189000027],[122.5011916520001,13.765139458000021],[122.50093594600003,13.765350175000037],[122.50036850200001,13.765323008000053],[122.50020740000002,13.765585165000061],[122.49986360600008,13.765708862000054],[122.49955291000003,13.76551356300007],[122.499315464,13.765170385000033],[122.49920924700007,13.76479944700003],[122.49882994500001,13.76458490400006],[122.49842894500011,13.764486397000042],[122.49806863200001,13.764500111000075],[122.49782406300005,13.76469555600005],[122.49750987000004,13.764334895000047],[122.49702963300001,13.76432760800003],[122.49682158900009,13.764568864000069],[122.49693287700006,13.765092113000037],[122.49666377300002,13.765323469000066],[122.49646550600005,13.765588295000043],[122.49585893300002,13.765840883000067],[122.49581930600004,13.765456021000034],[122.49572944900001,13.76527997900007],[122.4954749200001,13.765439916000048],[122.49535302700008,13.765980824000053],[122.49505014700003,13.766136626000048],[122.4946894310001,13.766145857000026],[122.49427843700005,13.76606276800004],[122.4939704630001,13.766235657000038],[122.49377575500012,13.766083069000047],[122.4933629840001,13.766188386000067],[122.49242777800009,13.76624681900006],[122.49204856900008,13.766156443000057],[122.48816683000007,13.766596164000077],[122.48460740000007,13.771192858000063],[122.48519481200003,13.771731319000025],[122.4849500570001,13.772171877000062],[122.48274726300008,13.772759289000021],[122.48201299900006,13.773493554000027],[122.4814255870001,13.774717328000065],[122.4805934210001,13.774815230000058],[122.48044656800005,13.775500543000021],[122.48021290800011,13.776175231000025],[122.4776244200001,13.781554700000072],[122.46524334000003,13.788077830000077],[122.46509314000002,13.788206580000065],[122.46434212000008,13.788571360000049],[122.46376276000001,13.789021970000022],[122.4627542500001,13.789429660000053],[122.4622821800001,13.789687160000028],[122.46168137000006,13.789966110000023],[122.46155262000002,13.790137770000058],[122.46131659000002,13.790845870000055],[122.46056557000009,13.790845870000055],[122.4600076700001,13.790738580000038],[122.45957851000003,13.790502550000042],[122.45932102000006,13.790245060000075],[122.45889187000012,13.79011631000003],[122.45805502000007,13.79000902000007],[122.45696068000007,13.790159230000029],[122.45640278000008,13.790266510000038],[122.45586634000006,13.790588380000031],[122.45524406000004,13.791060450000032],[122.45502949000002,13.791060450000032],[122.44905576200006,13.796473590000062],[122.44320631000005,13.801875110000026],[122.44024714600005,13.801209441000026],[122.42886710500011,13.799994971000046],[122.42467112200006,13.802088859000037],[122.42102050500012,13.803969422000023],[122.41682815400009,13.806061644000067],[122.41493726300007,13.806920171000058],[122.3981418190001,13.815137426000035],[122.39459851600009,13.816908215000069],[122.39408512400007,13.79358064400003],[122.39285818500002,13.793629721000059],[122.39163124600009,13.793776954000066],[122.39010984200002,13.793089868000038],[122.38003322200007,13.785051502000044],[122.37929327400002,13.784116831000063],[122.37793021200002,13.782714824000038],[122.37613875800002,13.780650758000036],[122.37407469300001,13.77913191700003],[122.37333474400009,13.778781415000026],[122.37302318700006,13.778781415000026],[122.37259479600004,13.778625637000061],[122.37228323900001,13.77839196900004],[122.37158223600011,13.77757413200004],[122.37095912200004,13.776912073000062],[122.37045284100009,13.77671735000007],[122.36990761600009,13.77660051600003],[122.36944028100004,13.776211069000055],[122.36897294500011,13.775393232000056],[122.36846666500003,13.775432177000027],[122.36807721800005,13.775587955000049],[122.3671814920001,13.775626900000077],[122.36659732200008,13.775159564000035],[122.36667521100003,13.774536450000028],[122.36686993500007,13.77395228000006],[122.36722043600003,13.773290222000071],[122.36722043600003,13.772706052000046],[122.36710360200004,13.771849270000075],[122.36706465800012,13.771148266000068],[122.36722043600003,13.770797765000054],[122.36776566100002,13.770603042000062],[122.36827194200009,13.770174651000048],[122.36831088600002,13.769356813000059],[122.3679993290001,13.768811588000062],[122.36710360200004,13.767876917000024],[122.36624682000001,13.767020135000053],[122.36542898300002,13.76690330100007],[122.36465009000005,13.767253803000074],[122.3640269760001,13.768149529000027],[122.3637543640001,13.76760430400003],[122.36387119800008,13.766669633000049],[122.36363753000012,13.765618128000028],[122.36371541900007,13.76495606900005],[122.3637543640001,13.76413823200005],[122.36352069600002,13.763709841000036],[122.36328702800006,13.76308672700003],[122.36313124900005,13.762541502000033],[122.36355964000006,13.761762609000073],[122.36398803200007,13.761334218000059],[122.36410486500006,13.760827938000034],[122.36379330800003,13.76047743600003],[122.36367647400004,13.760165879000056],[122.36328702800006,13.759893266000063],[122.36301441600006,13.759503820000077],[122.36309230500001,13.759153318000074],[122.36289758200007,13.758608093000078],[122.36246919100006,13.758218647000035],[122.36204080000005,13.757712367000067],[122.36161240900003,13.757089252000071],[122.36118401800002,13.756271415000072],[122.36118401800002,13.754051571000048],[122.36071668200009,13.753428457000041],[122.36063879300002,13.752844287000073],[122.3603272360001,13.752260117000048],[122.35997673400004,13.75167594800007],[122.36090399300008,13.74857881500003],[122.36156605200006,13.747410476000027],[122.36195549800004,13.746358970000074],[122.36242283400009,13.745580078000046],[122.36331856100003,13.744918019000067],[122.36398062,13.74406123700004],[122.36464267800011,13.742620285000044],[122.36522684800002,13.740906721000044],[122.36542157100007,13.739855216000024],[122.36569418400006,13.738764766000031],[122.36678463300007,13.73783009500005],[122.3669793570001,13.736505977000036],[122.3682881420001,13.73596475200003],[122.36459273300011,13.718106762000048],[122.3769415810001,13.704309524000053],[122.38506753600007,13.693386408000038],[122.38880133300006,13.686605158000077],[122.3892948140001,13.68463123500004],[122.39412792700011,13.670674783000038],[122.4003048730001,13.660564538000074],[122.40126383200004,13.662349317000064],[122.40185115800011,13.663137406000033],[122.4036605870001,13.664617849000024],[122.40474231900009,13.665229923000027],[122.40552484800003,13.666043460000026],[122.40667630300004,13.66675626500006],[122.40793742000005,13.667633564000027],[122.40886955100007,13.669114007000076],[122.41024033100007,13.671142761000056],[122.41089830500005,13.672897359000046],[122.41133695400003,13.67371982700007],[122.41215942200006,13.67371982700007],[122.41522996900005,13.67355533400007],[122.41753288000007,13.673281178000025],[122.41967129600005,13.672678034000057],[122.42043893300001,13.672129722000022],[122.42164521900008,13.671745904000034],[122.4227966740001,13.672184554000069],[122.42318049300002,13.673390840000025],[122.42307083000003,13.675035776000072],[122.42278140200006,13.676261708000027],[122.4230289940001,13.676921953000033],[122.4230289940001,13.677705993000075],[122.42265760600003,13.67778852300006],[122.4221211580001,13.678242441000066],[122.42113079100011,13.678242441000066],[122.42075940400002,13.678613829000028],[122.42051181200009,13.67902648200004],[122.41997536400004,13.679686726000057],[122.41943891500011,13.680305705000023],[122.41906752800003,13.680305705000023],[122.41886120100003,13.68063582700006],[122.41898499700005,13.681254806000027],[122.41828348800004,13.681337337000059],[122.41741691700008,13.68224517300007],[122.4171280600001,13.682657826000025],[122.41754071300011,13.683606927000028],[122.41754071300011,13.684349702000077],[122.41721059000008,13.684638559000064],[122.41679793800006,13.684638559000064],[122.41646781600002,13.684803620000025],[122.41622022400009,13.685133742000062],[122.41617895900004,13.685793986000022],[122.41622022400009,13.686330435000059],[122.41539491800006,13.68686688300005],[122.41527112300002,13.687279536000062],[122.41531238800007,13.687939780000022],[122.41502353100009,13.688228637000066],[122.41499266700009,13.688576389000048],[122.41547550400003,13.688866092000069],[122.41619976100003,13.689542065000069],[122.41658603200005,13.689638633000072],[122.41702058600004,13.689638633000072],[122.41735857200001,13.68973520000003],[122.41750342400007,13.690218038000069],[122.41769655900009,13.69070087600005],[122.41784141000005,13.69094229500007],[122.41837253200003,13.69094229500007],[122.41885537000007,13.690797444000054],[122.41933820800011,13.690797444000054],[122.42011074800007,13.69137684900005],[122.42054530300004,13.69176311900003],[122.4211247080001,13.691956255000036],[122.42177052000011,13.691894581000042],[122.42201193900007,13.692312064000077],[122.42255212200007,13.69266762500007],[122.4235909350001,13.692166712000073],[122.42370264800002,13.69140337600004],[122.4242465850001,13.691121287000044],[122.42484804600008,13.691107650000049],[122.42510585500008,13.691436429000078],[122.4250025560001,13.692402607000076],[122.425251591,13.692676977000076],[122.42562869200003,13.692821680000065],[122.42619765500001,13.692507889000069],[122.42661844600002,13.69258946900004],[122.42684534700004,13.692856348000078],[122.42687047900006,13.69340476800005],[122.42754097400007,13.69370069100006],[122.42847045000008,13.69403933700005],[122.42910946400002,13.694095778000076],[122.429922755,13.694095778000076],[122.4306779530001,13.694885948000035],[122.43160742900011,13.695506794000039],[122.43236262700009,13.69590187800003],[122.43294354900002,13.69624052000006],[122.43364065600008,13.696522721000065],[122.43474440800003,13.696917803000076],[122.43608052800005,13.697030683000037],[122.43701000400006,13.697030683000037],[122.43741664900006,13.696974243000057],[122.43822994000004,13.696804923000059],[122.4388689540001,13.696635602000072],[122.43966568400003,13.696350080000059],[122.4397806390001,13.696003059000077],[122.4392997540001,13.694587910000052],[122.4392779850001,13.69387867000006],[122.43974447300002,13.693461781000053],[122.44026022300011,13.693280946000073],[122.44085111000004,13.693457392000028],[122.44132372600006,13.693874105000077],[122.44156014400005,13.694784102000028],[122.44114780200005,13.695542327000055],[122.44116929400002,13.696484504000068],[122.44176036100009,13.696954077000044],[122.44248648200005,13.697138215000052],[122.44321967600001,13.696764749000067],[122.4436097250001,13.696361982000042],[122.44342670200001,13.695563411000023],[122.44291114700002,13.69472091700004],[122.44252491300006,13.69356325800004],[122.44196971400004,13.692873647000056],[122.44191845300008,13.691285553000057],[122.44199315800006,13.690884271000073],[122.44214032500008,13.690549745000055],[122.44256199300003,13.69043756700006],[122.44301694100011,13.690696690000038],[122.4433421120001,13.691606469000021],[122.44447904700007,13.693725432000065],[122.44484208400002,13.693830652000031],[122.4453148880001,13.69376585200007],[122.44622166500005,13.693369629000074],[122.44749516600007,13.693292473000042],[122.44951557700006,13.694144752000057],[122.45038921600008,13.694229771000039],[122.4514469290001,13.693980489000069],[122.45275059100004,13.693549620000056],[122.45347031800009,13.693294562000062],[122.45369214200002,13.69285777400006],[122.45380985700001,13.691946298000062],[122.4538604500001,13.691030979000061],[122.45392364200006,13.690497931000039],[122.4536594760001,13.689363059000073],[122.45377129700012,13.688778153000044],[122.45439682200004,13.688613231000033],[122.45540966800002,13.68861835100006],[122.45569681000006,13.688353796000058],[122.45605704500008,13.687771140000052],[122.45618108200006,13.687467233000064],[122.45618028400008,13.687265124000021],[122.45575578500006,13.685974696000073],[122.45543939200002,13.685079815000051],[122.45516675100009,13.684037642000021],[122.45530093100001,13.683232880000048],[122.45564803600007,13.682780768000043],[122.45606608800006,13.682820115000027],[122.45659939500001,13.683354025000028],[122.4570771010001,13.684176088000072],[122.45737410800007,13.684266235000052],[122.45769322400008,13.684202105000054],[122.45788956900003,13.683882630000028],[122.45728714600011,13.683035413000027],[122.4573252460001,13.682800807000035],[122.45747336900001,13.682600857000068],[122.45772969100005,13.682563702000039],[122.45797254900003,13.682632822000073],[122.45841624100001,13.682921200000067],[122.45876728600001,13.682750716000044],[122.45875067600002,13.682331035000061],[122.45802300700007,13.681714141000043],[122.45720181800004,13.681219468000052],[122.45628436000004,13.680610650000062],[122.45617260900008,13.680401482000036],[122.45584152700008,13.679437212000039],[122.455259049,13.67843020600003],[122.45364458400002,13.676723517000028],[122.4548747980001,13.676884957000027],[122.45619113800001,13.676521140000034],[122.45660624900006,13.675920185000052],[122.45686876800005,13.675407900000039],[122.45726787600006,13.675070393000055],[122.45758329700004,13.674858262000043],[122.45829782600003,13.674858262000043],[122.45901235500003,13.674913226000058],[122.45943618000001,13.675587043000064],[122.46024059000001,13.67633806200007],[122.46048952400008,13.677057373000025],[122.46042172200009,13.677526947000047],[122.46041540700003,13.677917040000068],[122.46067903500011,13.67816107300007],[122.46097407600007,13.678326681000044],[122.46222376500009,13.678573567000058],[122.46279002200004,13.678567437000027],[122.46335564200001,13.678368662000025],[122.46409698900004,13.676769167000032],[122.4655943030001,13.676709988000027],[122.466887713,13.67648517400005],[122.46808822800006,13.676155214000062],[122.46935964900001,13.675597507000077],[122.47033298100007,13.674463511000056],[122.47083839000004,13.673220289000028],[122.47101643500002,13.672370902000068],[122.47092996300012,13.670904829000051],[122.47143165400007,13.670452130000058],[122.47206167000002,13.670884791000049],[122.4729330990001,13.671066173000042],[122.47371844400004,13.671334321000074],[122.47403327200004,13.671910258000025],[122.47447448900004,13.672141390000036],[122.47508882800003,13.672088210000027],[122.47561389300006,13.67181043200003],[122.47615431300005,13.671270113000048],[122.47696568100002,13.670741616000043],[122.47761448400001,13.670181787000047],[122.47794098200006,13.669837150000035],[122.47808609200001,13.669483444000036],[122.47776632500006,13.668623775000071],[122.47737120300008,13.667692253000041],[122.47746937400007,13.66740655500007],[122.47785028800001,13.667179820000058],[122.47865666400003,13.667160202000048],[122.47966262300008,13.667364760000055],[122.48070285300003,13.667638857000043],[122.48177015300007,13.668402731000072],[122.48279946600007,13.669418072000042],[122.48520538000002,13.670354819000067],[122.48625760800007,13.67078036600003],[122.48704664500008,13.671397084000034],[122.4874184890001,13.671932178000077],[122.48755453000001,13.672784700000022],[122.48735400300006,13.673779191000051],[122.48758667300001,13.674651231000041],[122.48826847500004,13.67537601500004],[122.48913032400003,13.675693264000074],[122.48970397400001,13.675451100000032],[122.48999189300002,13.67515684600005],[122.48988422900004,13.674317431000077],[122.48969430700004,13.67342368900006],[122.48971304400004,13.67263052100003],[122.48999419500001,13.672149843000057],[122.49162668400004,13.67118848900003],[122.49210736200007,13.670589909000057],[122.49295988400002,13.669828081000048],[122.49389194100002,13.669655903000034],[122.49446540200006,13.669964121000021],[122.49524536900003,13.671079656000074],[122.49580767100008,13.67149684800006],[122.49648844700005,13.671611749000022],[122.49768503400003,13.670998031000067],[122.49859360800008,13.670901206000053],[122.49918711500004,13.670929346000037],[122.50120651200007,13.67107356300005],[122.50115418200005,13.671334632000026],[122.50063663800006,13.67138453900003],[122.50056875300004,13.67149276200007],[122.50029192800002,13.671552229000042],[122.49982055300006,13.671933195000065],[122.49961415400003,13.672349607000058],[122.49936713300008,13.672469170000056],[122.49929444200006,13.672290411000063],[122.4993925440001,13.67215053700005],[122.49925917700011,13.671878587000037],[122.49886727300009,13.671637690000068],[122.49875519500006,13.67166621900003],[122.49821141000007,13.67224213000003],[122.49795562400004,13.672290625000073],[122.49774882600002,13.672634205000065],[122.49764971600007,13.67303589200003],[122.4975583590001,13.673112541000023],[122.49713388800001,13.673049074000062],[122.4967520780001,13.673807916000044],[122.49636680600008,13.674185928000043],[122.49582369000007,13.675185939000073],[122.49563328500005,13.675415653000073],[122.49562034400003,13.67564406400004],[122.49580130400011,13.676543464000076],[122.49591198200005,13.676741517000039],[122.49555716500004,13.677548251000076],[122.49555520100012,13.677755170000069],[122.49537429400004,13.678055505000032],[122.49523452400001,13.678581807000057],[122.49501908000002,13.67899340300005],[122.49504851900008,13.679116873000055],[122.4948977470001,13.679333392000046],[122.49451511200004,13.67945779200005],[122.49427284400008,13.679788896000048],[122.49409170000001,13.680158325000036],[122.49370381800009,13.680697905000045],[122.49346902200011,13.680871035000052],[122.49310451300005,13.680976443000077],[122.49301040800003,13.681144836000044],[122.49271984200004,13.681398880000074],[122.49240416600003,13.681401750000077],[122.4922949170001,13.681766677000041],[122.49192531100005,13.682090808000055],[122.49192296100011,13.682292984000071],[122.49178371000005,13.682654572000047],[122.49154800600002,13.682901444000038],[122.4916505970001,13.683027887000037],[122.49155123600008,13.68338587200003],[122.49159025200004,13.683632127000067],[122.4915183810001,13.683812798000076],[122.49134938800012,13.683845748000067],[122.49107365500004,13.684220973000038],[122.4909022280001,13.684215943000027],[122.49065413400001,13.684387954000044],[122.49052439100001,13.684635663000051],[122.49029284300002,13.68482739500007],[122.49001364900005,13.68493767700005],[122.48971097700007,13.685413434000054],[122.48931601100003,13.685882768000056],[122.4892270790001,13.685884599000076],[122.48899813800006,13.686229070000024],[122.48851172400009,13.686610090000045],[122.48846674900005,13.686760712000023],[122.48800146600001,13.686865801000067],[122.48760005300005,13.686892650000061],[122.48767069900009,13.687219059000029],[122.48752101700006,13.687752297000031],[122.48693440300008,13.688824657000055],[122.48683330900008,13.689105338000047],[122.48656839300008,13.68915964000007],[122.48622490500009,13.689070640000068],[122.48606038200012,13.68918190900007],[122.48630716700006,13.689334590000044],[122.48640606900005,13.689603572000067],[122.4855483020001,13.690795327000046],[122.48494681900002,13.691816695000057],[122.48440237600005,13.69252457400006],[122.48425708200011,13.69263279200004],[122.48384262200011,13.693186389000061],[122.48372699600009,13.693499375000044],[122.48350159600011,13.69391395200006],[122.48331948500004,13.694108577000065],[122.48330810100003,13.69428993200006],[122.48271796800009,13.695277748000024],[122.48264111700007,13.695530105000046],[122.48235165800008,13.695855775000041],[122.48199724000006,13.696449105000056],[122.48216192300004,13.69655496200005],[122.48211042500009,13.696850102000042],[122.48179149100008,13.697071797000035],[122.4813298790001,13.697126240000046],[122.48113528800002,13.69703510100004],[122.48097114900008,13.697219199000074],[122.48117185000001,13.697920144000022],[122.48089761300002,13.698126555000044],[122.48101071500002,13.698313146000032],[122.48095093800009,13.698759776000031],[122.48071124500007,13.698950325000055],[122.48076308700001,13.699112694000064],[122.48059177300001,13.69939443900006],[122.48057776100006,13.699942830000055],[122.48046796300002,13.700274978000039],[122.4805266510001,13.700583459000029],[122.48036430100001,13.70089906100003],[122.48044344300001,13.701118433000033],[122.48030712600007,13.701472221000074],[122.48029409100002,13.70227819300004],[122.48008600100002,13.702708361000077],[122.48014117700006,13.702990218000025],[122.48009547600009,13.703364940000029],[122.4799874140001,13.703718541000057],[122.47990080300008,13.704226635000055],[122.47983337300002,13.704894012000068],[122.4798665720001,13.705360128000052],[122.47985388200004,13.706100597000045],[122.4797874520001,13.706464416000074],[122.47983214100009,13.706673264000074],[122.47978050600011,13.70700137700004],[122.47976667600005,13.707517062000022],[122.47970091800005,13.707562719000066],[122.47980694700004,13.708043290000035],[122.4797366460001,13.708780005000051],[122.479795695,13.709317009000074],[122.47988125900008,13.709532280000076],[122.4799027790001,13.709874117000027],[122.48000134400002,13.710179508000067],[122.47999423500005,13.710586943000067],[122.4801230270001,13.710699139000042],[122.47995346300002,13.711014251000051],[122.48016941300011,13.711582514000042],[122.48027722300003,13.711488532000033],[122.48033110000006,13.712057960000038],[122.48029129100007,13.712602484000058],[122.48016546800011,13.712735346000045],[122.4802917830001,13.713239055000031],[122.48034973900008,13.71373851800007],[122.4804347480001,13.714066205000051],[122.48058337500004,13.715034991000039],[122.48066961200004,13.715206963000071],[122.48081352300005,13.71599090500007],[122.48106103300006,13.716558052000039],[122.48108030200001,13.716697623000073],[122.48132119400009,13.71723107300005],[122.48157778200004,13.717371491000051],[122.48164983100003,13.717924155000048],[122.48205460500003,13.719018296000058],[122.48247131700009,13.71969651300003],[122.48249425200004,13.719943458000046],[122.48284336600011,13.720533444000068],[122.48256352600004,13.721006746000057],[122.48278921500003,13.721244268000078],[122.48260561100005,13.721553148000055],[122.48297504600009,13.721743926000045],[122.48319733700009,13.72208886900006],[122.48329154500004,13.722364410000068],[122.48368151400007,13.722440549000055],[122.48384111500002,13.72255546200006],[122.48395766400006,13.722875268000053],[122.483736582,13.723056005000046],[122.48383409300004,13.72321039700006],[122.48353330500004,13.723404181000035],[122.4836228580001,13.723962785000026],[122.48374060200001,13.724220509000077],[122.48405067800002,13.724636332000046],[122.48454907500002,13.725602860000038],[122.4848436850001,13.726035858000046],[122.48490094300007,13.726198594000039],[122.48531499800004,13.726860013000021],[122.48542293700007,13.726960233000057],[122.48559554500002,13.726683319000074],[122.48572335000006,13.72677169800005],[122.48587746300007,13.727079656000058],[122.48601521600006,13.727105387000051],[122.48617021300004,13.727336513000068],[122.4860827760001,13.72766776900005],[122.48575960900007,13.728036136000071],[122.48544600000002,13.72847549100004],[122.48523652600011,13.728947258000062],[122.48504866500002,13.729253441000026],[122.48559478000004,13.729544950000047],[122.48564566800007,13.729276115000062],[122.48582321800006,13.729051253000023],[122.48597727800006,13.729031654000039],[122.48662673500007,13.729193077000048],[122.48667674700005,13.729280978000077],[122.48731690500006,13.729592982000042],[122.48754913700009,13.729938270000048],[122.48804331600002,13.730391187000066],[122.48832795400006,13.730702191000034],[122.48849892700002,13.730789284000025],[122.48894831500002,13.731241278000027],[122.48926316600011,13.73147879000004],[122.48938973800011,13.731319237000037],[122.4897321410001,13.73138646700005],[122.49002758000006,13.731783462000067],[122.49007061900011,13.732091686000047],[122.49002572200004,13.732401156000037],[122.48977447100003,13.732231073000037],[122.48988370900008,13.73274703100003],[122.49001656600001,13.73284786000005],[122.49015266800006,13.73262829500004],[122.4904873380001,13.732575415000042],[122.49078398400002,13.732740038000031],[122.49098953200007,13.73274011500007],[122.4916608640001,13.73298737500005],[122.49195976600004,13.733031035000067],[122.49206336500004,13.733187109000028],[122.49279055400007,13.73366433600006],[122.49331278400007,13.73388811600006],[122.49347367000007,13.734055333000072],[122.4944549820001,13.734264666000058],[122.49459720000004,13.734183883000071],[122.4951910420001,13.734259738000048],[122.49547974600011,13.734224316000052],[122.49556039300012,13.73438438100004],[122.4958006380001,13.734438701000045],[122.49585885900001,13.734589412000048],[122.49670793100006,13.734563759000025],[122.49731915200005,13.734352514000022],[122.49752051200005,13.734200416000022],[122.49747833100002,13.733934096000041],[122.4977249430001,13.733779973000026],[122.49764167800004,13.733603595000034],[122.49777776200006,13.73349341900007],[122.49846661800007,13.733115889000032],[122.49852970500001,13.733274822000055],[122.49873178900009,13.733280930000035],[122.49886886400009,13.733032097000034],[122.49928361100001,13.73275536500006],[122.49968565800009,13.732637762000024],[122.49999918900005,13.732660938000038],[122.50047594900002,13.73259321100005],[122.50090118300011,13.732729026000072],[122.50106732600011,13.732427040000061],[122.50185404900003,13.732120432000045],[122.50194276600007,13.732276071000058],[122.50248150300001,13.732276563000028],[122.50299911000002,13.732441623000057],[122.50315697500002,13.732330020000063],[122.50339250400009,13.73230944100004],[122.50373400300009,13.732171720000053],[122.50399846300002,13.732250609000062],[122.5042858160001,13.732000895000056],[122.50402932300005,13.731905801000039],[122.50446393100003,13.73146975900005],[122.50474491300008,13.73104926700006],[122.50507860500011,13.730852129000027],[122.50545508300002,13.730832836000047],[122.50572837400011,13.731275412000059],[122.50597251200008,13.73124955000003],[122.50639938500001,13.731549804000053],[122.50689698400004,13.731632244000025],[122.50716953300002,13.731384803000026],[122.5074699590001,13.731393714000035],[122.50769546600009,13.73123677600006],[122.50801236500001,13.731177820000028],[122.50816403500005,13.730852889000062],[122.50842888600005,13.73061691600003],[122.50898650600004,13.730652669000051],[122.5092082860001,13.730849935000037],[122.50949340800003,13.730799753000042],[122.51001256300003,13.730966962000025],[122.51024070400001,13.730932151000047],[122.51064861000009,13.730719944000043],[122.5106211530001,13.730991121000045],[122.51073178200011,13.731294847000072],[122.5112301800001,13.731441033000067],[122.51137592000009,13.731333773000074],[122.51171465000004,13.731394127000044],[122.51190625800007,13.731526546000055],[122.51180500400005,13.731702808000023],[122.51151910200008,13.731860212000072],[122.51134607100005,13.732179575000032],[122.51151991600011,13.73243693300003],[122.51191363900011,13.732765331000053],[122.51244111300002,13.73296397100006],[122.51259910400006,13.73312855000006],[122.51305999300007,13.733385767000073],[122.51383342700001,13.73368460000006],[122.51497307400007,13.733933868000065],[122.51589574500008,13.734050669000055],[122.51657925900008,13.734171469000046],[122.51680496000006,13.734160551000059],[122.51723963200004,13.734245486000077],[122.5183272910001,13.73432417500004],[122.5187799680001,13.734235004000027],[122.51876545200003,13.733786977000022],[122.51911448800001,13.733607349000067],[122.51955307300011,13.733717744000046],[122.51962672100001,13.733889515000044],[122.51989471400009,13.733795264000037],[122.51993782200009,13.733473847000027],[122.52005519600004,13.733108040000047],[122.52024946400002,13.73295386500007],[122.52014819600004,13.732795602000067],[122.52016438100009,13.732544003000044],[122.52001637600006,13.732046708000041],[122.52026599500005,13.731796062000058],[122.52045036700008,13.731762575000062],[122.52095417300006,13.731841381000038],[122.52136686600011,13.73169408700005],[122.52159224700006,13.73135023900005],[122.52221567100003,13.731571508000059],[122.52252727300004,13.731556132000037],[122.52307575800012,13.731650647000038],[122.52343616300004,13.731784066000046],[122.52357233000009,13.732177413000045],[122.52355166900008,13.732338106000043],[122.52367404900008,13.73270969300006],[122.52381019500001,13.732887272000028],[122.52383091800004,13.733334193000076],[122.52397913100003,13.733556803000056],[122.52396031100011,13.733824392000031],[122.52375109900004,13.733695112000078],[122.52352459400004,13.733887416000073],[122.52325411300001,13.734399647000032],[122.52319038000007,13.734627299000067],[122.52321476200007,13.735077198000056],[122.5228219600001,13.735848891000046],[122.52267208600006,13.736247286000037],[122.52256876800004,13.736979605000045],[122.52260500900002,13.73753197800005],[122.52258094900003,13.73818661000007],[122.52252607100002,13.738673938000034],[122.52241928700005,13.739217956000061],[122.52241416700008,13.739728486000047],[122.52263135300007,13.740382723000039],[122.5226468940001,13.740714148000052],[122.52256077900006,13.74116944800005],[122.52257090100011,13.741866796000068],[122.52219677300002,13.743092410000031],[122.52192799800002,13.743596271000058],[122.52128139600006,13.744645658000024],[122.52041379100001,13.745806779000077],[122.51999338000007,13.746491430000049],[122.51978661100009,13.746702354000035],[122.5188910710001,13.747913658000073],[122.51857402600001,13.748290303000033],[122.51766310800008,13.749513143000058],[122.51718082000002,13.750074058000052],[122.51674143100001,13.750685055000076],[122.51645712600009,13.751131997000073],[122.51552463200005,13.752321813000037],[122.51519778800002,13.752652010000077],[122.51448266500006,13.753293148000068],[122.5141998360001,13.753481252000029],[122.51390172300012,13.75376248200007],[122.51321031300006,13.754711540000073],[122.51298975500004,13.75510323900005],[122.5128260670001,13.755546823000032],[122.51266235600008,13.755576961000031],[122.51266443100008,13.755835868000077],[122.51302289600005,13.756145515000071],[122.51287299400008,13.756594121000035],[122.51292815500005,13.756848847000072],[122.51268517300002,13.756935902000066],[122.51259902200002,13.757197031000032],[122.51239741400002,13.75755022800007],[122.51235608600007,13.758114552000052],[122.51245008900003,13.758739791000039],[122.51262072400004,13.759226879000039],[122.51298956300002,13.760058274000073],[122.51305335100005,13.760483433000047],[122.51302583600011,13.760876604000032],[122.5128742060001,13.761338602000023],[122.51278117300001,13.76181398600005],[122.51274156600005,13.762332807000064],[122.51274333300012,13.763112830000068],[122.51270741000008,13.763870040000029],[122.51258509800005,13.764702380000074],[122.51256788900002,13.765150979000055],[122.51262305400007,13.765457294000043],[122.51259188800009,13.765834589000065],[122.51232995700002,13.76628822300006],[122.51185260200009,13.766684955000073],[122.5113140420001,13.766954837000071],[122.51068847300007,13.767349899000067],[122.5102647110001,13.767744452000045],[122.50998404600011,13.768092543000023]]]},"properties":{"psgc_code":405605000,"name":"Buenavista","corr_code":45605000,"geo_level":"Mun","city_class":"","inc_class":"","urb_rur":"4th","pop_2015":"","pop_2020":"","status":"","adm3_pcode":"PH0405605","adm3_en":"Buenavista","adm3_alt":"","adm2_pcode":"PH04056","adm1_pcode":"PH04","adm0_pcode":"PH","shape_len":0.737531194185,"shape_area":0.0143193507562,"shape_sqkm":171.343659136}},
{"type":"Feature","geometry":{"type":"MultiPolygon","coordinates":[[[[122.71802290700009,10.650669159000074],[122.717761644,10.650974199000075],[122.71768177600006,10.651497660000075],[122.71799602600004,10.651944423000032],[122.71804331600003,10.65224921400005],[122.7177321150001,10.652549054000076],[122.71758770400004,10.65296845100005],[122.7177387270001,10.653232311000068],[122.71775550900009,10.65347068400007],[122.71750532700003,10.65390095500004],[122.7177082180001,10.654064368000036],[122.71748259300011,10.654406529000028],[122.71730868400005,10.654854790000059],[122.71743530100002,10.654898572000036],[122.71692120500006,10.655550724000022],[122.71673814200005,10.655841568000028],[122.71671153000011,10.65613723000007],[122.7168549270001,10.656330628000035],[122.71636183100009,10.65702039200005],[122.71607197900005,10.65756800500003],[122.71586298000011,10.658118212000034],[122.71586297500005,10.658385192000026],[122.71602315700011,10.65847364800004],[122.71589348600003,10.658745002000046],[122.71611621300008,10.658830458000068],[122.71605976600006,10.659136514000068],[122.71626883300007,10.65953449500006],[122.71656631100007,10.659817847000056],[122.71650986500003,10.660032233000038],[122.7168348030001,10.659912298000052],[122.71742591300006,10.660364655000024],[122.71755405800002,10.66075145000002],[122.71779051500005,10.660895254000025],[122.71776305500009,10.66123857100007],[122.7179476440001,10.661433467000052],[122.71772796800008,10.661536912000031],[122.71753269900012,10.661376497000049],[122.71742133400005,10.661775712000065],[122.71741980800005,10.66202757900004],[122.71771118600009,10.661928631000023],[122.71770050800001,10.662104037000063],[122.71801476900009,10.662372694000055],[122.71810477600002,10.66271751100004],[122.71831987600001,10.662895915000036],[122.71840530700001,10.66323473500006],[122.71878348200005,10.663579541000047],[122.71894366800007,10.663985825000054],[122.71901068300008,10.664425276000031],[122.71885660300006,10.664746107000042],[122.71883524600003,10.664996474000077],[122.71871472900011,10.665366776000042],[122.71862893800005,10.665840896000077],[122.71862741500001,10.666352123000024],[122.7184855380001,10.66661298400004],[122.71839858200008,10.667290489000038],[122.71816669700002,10.667530362000036],[122.71791864700003,10.668297993000067],[122.71757114800005,10.669035921000045],[122.71748418900006,10.669427213000063],[122.71731027200008,10.669752539000058],[122.71713154300005,10.670378009000046],[122.71713917000011,10.670823271000074],[122.7170140720001,10.670964799000046],[122.71696525100003,10.671425054000053],[122.71680811300007,10.672032720000061],[122.71681726500003,10.672626404000027],[122.71686760900002,10.672794315000033],[122.71705429100007,10.672819111000024],[122.71711397600006,10.672514922000062],[122.71738424300008,10.672650782000062],[122.71738740100011,10.672823719000064],[122.71753452600001,10.67313058700006],[122.71780163500011,10.67301167200003],[122.71807975800004,10.673102753000023],[122.7181174860001,10.673314291000054],[122.71792736600003,10.673368349000043],[122.71801695400006,10.673683336000067],[122.71785670800011,10.673985990000062],[122.71789758700004,10.674326660000077],[122.71749271500005,10.674575760000039],[122.71729003300004,10.674754888000052],[122.71768337300011,10.675077112000054],[122.71782795500008,10.675385919000064],[122.71797250300006,10.675237676000052],[122.7181736340001,10.675325262000058],[122.71837163600003,10.675575390000063],[122.71801655500008,10.67594291100005],[122.71796189700001,10.676179503000071],[122.71776906000002,10.67637490900006],[122.717820458,10.676709559000074],[122.71805517500002,10.676765369000066],[122.71838256500007,10.676625779000062],[122.71847823500002,10.676514120000036],[122.71878023600004,10.676685981000048],[122.71881612800007,10.676841703000036],[122.71865624400004,10.677632349000021],[122.71884236500011,10.677917732000026],[122.7188439680001,10.67824263500006],[122.71863698900006,10.678524864000053],[122.71865784700003,10.67875979300004],[122.71852467400004,10.678805517000058],[122.71855676200005,10.67921099800003],[122.71816045100002,10.679352900000026],[122.71828078900012,10.679690316000062],[122.71844926000006,10.679904747000023],[122.71829843700004,10.680046650000065],[122.71848295400002,10.680174364000038],[122.71884965100003,10.680107600000042],[122.7189259700001,10.68066808900005],[122.71877162400006,10.680715036000038],[122.71880909000004,10.68098914500007],[122.71896035400005,10.68121416100007],[122.71921570100005,10.681353263000062],[122.71938639600012,10.681338264000033],[122.7195643020001,10.681593510000027],[122.71965311400004,10.682087176000039],[122.71954070200002,10.682205819000046],[122.71969945400008,10.682932727000036],[122.71960583100008,10.683486129000073],[122.71986399800005,10.683781078000038],[122.72010756600002,10.683802125000057],[122.72026703400002,10.68451674000005],[122.72050062100004,10.684731681000073],[122.7205809300001,10.685427913000069],[122.72044103700011,10.685999585000047],[122.72044994900011,10.68629188500006],[122.72030412400011,10.68648048800003],[122.7200195480001,10.687237585000048],[122.71994196300011,10.687584981000043],[122.71978182200007,10.688596465000046],[122.71981647300004,10.68872944800006],[122.71966297200004,10.689060269000038],[122.71969032400011,10.689575716000036],[122.71977790100004,10.689767003000043],[122.71997790300009,10.689605622000045],[122.72062477000009,10.690066365000064],[122.72069207900006,10.690363041000069],[122.72086515100011,10.690459532000034],[122.72091547900004,10.690769511000042],[122.7211572870001,10.690794839000034],[122.72095598800001,10.691136827000037],[122.72107628000003,10.691370818000053],[122.72140892200002,10.69169888600004],[122.7214421540001,10.692082131000063],[122.72159313300006,10.692173797000066],[122.72161891100006,10.69237763500007],[122.72181162200002,10.692464475000065],[122.72192209100001,10.69226304800003],[122.72211603200003,10.692522367000038],[122.72206448200006,10.692733442000076],[122.72189739700002,10.692806479000069],[122.72187407800004,10.693111634000047],[122.721556168,10.69321777700003],[122.72130208700003,10.693543439000052],[122.72085726900002,10.69361953400005],[122.72064614600004,10.69378719100007],[122.720559922,10.693640436000067],[122.72014860200011,10.694243482000047],[122.71966192000002,10.695043964000035],[122.71943828600001,10.695513309000034],[122.71948365300011,10.695670552000024],[122.71929455500003,10.695923381000057],[122.71918296100012,10.696605058000046],[122.71930386200006,10.696745179000061],[122.71916126500003,10.697191435000036],[122.71928371700005,10.697560015000022],[122.71917058500003,10.697703594000075],[122.71915353800011,10.698224480000022],[122.71934418500007,10.698066081000036],[122.71954258700009,10.698239709000063],[122.71951123300005,10.69859867100007],[122.71932833400001,10.69878144200004],[122.71918418500002,10.69906777600005],[122.71895323600006,10.69916220600004],[122.7187238350001,10.699017517000073],[122.71850963800011,10.699449249000054],[122.71824303800008,10.699836107000067],[122.71810084800006,10.700500291000026],[122.71789004900006,10.701024224000037],[122.71774857800006,10.701244153000061],[122.71785503400008,10.701330856000027],[122.71811275700009,10.701303316000065],[122.7184909450001,10.701424411000062],[122.7183999240001,10.701841430000059],[122.71822206400009,10.70232749400003],[122.71835233200011,10.702415571000074],[122.71838597200008,10.702849107000077],[122.71852885900012,10.703167811000071],[122.71852748300012,10.70362337000006],[122.71835381200003,10.703887631000043],[122.71834122100006,10.704140358000075],[122.718669008,10.704615911000076],[122.71870683800012,10.704845754000075],[122.71887353500006,10.705105867000043],[122.7186172270001,10.70544032500004],[122.71847045000004,10.705797138000037],[122.71814689900009,10.70598433400005],[122.71779953100008,10.706066930000077],[122.7174059240001,10.70580820400005],[122.71709218700005,10.70619221000004],[122.71726764900006,10.706436127000075],[122.71731949500008,10.706836631000044],[122.71727608300012,10.707030693000036],[122.7174483770001,10.707183456000053],[122.71724248400005,10.707381656000052],[122.7169346930001,10.707951173000026],[122.7164262450001,10.708088619000023],[122.71652430500001,10.708308824000028],[122.71679043400002,10.708220727000025],[122.71690109500003,10.708325322000064],[122.71666159000006,10.708647390000067],[122.71675887300012,10.708882741000025],[122.7166958580001,10.709221317000072],[122.71649837000007,10.70947043800004],[122.71610197600012,10.709635614000035],[122.71585935600001,10.709339137000029],[122.71567939600004,10.709540799000024],[122.71563362400002,10.709762621000039],[122.7153354720001,10.710092388000021],[122.71493135100002,10.710629116000064],[122.71492978300012,10.710864896000032],[122.71475928900009,10.710984345000043],[122.7148313140001,10.71136290100003],[122.71478396500004,10.711609542000076],[122.71482344700007,10.711949250000032],[122.71498111800008,10.712373680000042],[122.71465119000004,10.712848356000052],[122.71415496400004,10.713367872000049],[122.71402394800009,10.713791352000044],[122.71399712100003,10.714058157000068],[122.71386768000002,10.714396321000038],[122.7139378920001,10.714651613000058],[122.71381793000012,10.715166613000065],[122.71387636200006,10.715628863000063],[122.71365049200006,10.715832931000023],[122.71319739700004,10.715772453000056],[122.7127900910001,10.71583916700007],[122.71252013800006,10.716053240000065],[122.71205737700006,10.716323902000056],[122.711768473,10.716404573000034],[122.71141642900011,10.71679858400006],[122.71072969300008,10.71706075700007],[122.71040680600004,10.717081593000046],[122.70982742000001,10.717399603000047],[122.70971217700003,10.717559378000033],[122.70930171500004,10.717840153000054],[122.70915126300008,10.71800033900007],[122.70877394600006,10.71800965600005],[122.70869816800007,10.718094971000028],[122.70831611800008,10.718175641000073],[122.7080158770001,10.71833792600006],[122.70762592900007,10.718296052000028],[122.70694550700011,10.718905681000024],[122.70680138000012,10.719185123000045],[122.70692792200009,10.719258258000025],[122.70694430600008,10.719604925000056],[122.70678799600012,10.719815563000054],[122.70663763700009,10.719859447000033],[122.70643151400009,10.720156024000062],[122.70648064400007,10.720305222000036],[122.70623947500007,10.720385677000024],[122.7062841400001,10.720536337000055],[122.70618885100009,10.720871868000074],[122.70580774400003,10.721177587000057],[122.70573777000004,10.720980119000046],[122.7055427470001,10.72089528400005],[122.70511329700003,10.720924380000042],[122.70504482000001,10.721243258000072],[122.70485575500004,10.721393922000061],[122.7043376790001,10.721331032000023],[122.70423793400005,10.721234493000054],[122.70398455300005,10.721320035000076],[122.703914585,10.721482398000035],[122.70412747600005,10.72173691100005],[122.70351012600008,10.722230910000064],[122.70318707800004,10.722369125000057],[122.70309897800007,10.722560485000031],[122.70278735500005,10.72216804900006],[122.702642061,10.722268289000056],[122.70232364200001,10.722202994000043],[122.70207014900006,10.722280456000021],[122.70128377200001,10.722310650000054],[122.70082779400002,10.722628075000046],[122.7003239930001,10.722433382000077],[122.700024127,10.722518437000076],[122.70013233400005,10.722806992000073],[122.6999537160001,10.723054561000026],[122.70001864200003,10.723370454000076],[122.6996940470001,10.723621051000066],[122.69946837400005,10.723715216000073],[122.69913759700012,10.723997706000034],[122.69894128900012,10.723930885000073],[122.69903093700009,10.723756231000038],[122.69901547400002,10.723426669000048],[122.69869860400001,10.723543616000029],[122.69854561500006,10.72318368200007],[122.69842041200002,10.723163940000063],[122.69863063900004,10.723777152000025],[122.69858427100007,10.723869794000052],[122.69827667200002,10.72385005600006],[122.69836195200003,10.724164758000029],[122.69818419700005,10.724290816000064],[122.69782189200009,10.723985903000028],[122.69753129500009,10.72389630400005],[122.69742773600001,10.724116520000052],[122.69706139700008,10.723915967000039],[122.69719741500012,10.72351350300005],[122.69665517400006,10.723818901000072],[122.69648454200001,10.724001087000033],[122.69603153100002,10.724657462000039],[122.69550010700004,10.724721731000045],[122.69503324200002,10.725120917000027],[122.69477392600004,10.725201453000068],[122.69434934700007,10.72543513100004],[122.69370957500007,10.725995572000045],[122.69370420500002,10.726264883000056],[122.69382918200006,10.726460644000042],[122.69336698100005,10.72685406000005],[122.69312781000008,10.72666132200004],[122.69312780500002,10.726418415000069],[122.69284547400002,10.726448184000049],[122.69263578900006,10.726562324000042],[122.69202401100006,10.727119548000076],[122.69171678900011,10.727566109000065],[122.69057443800011,10.72867356100005],[122.69026719200008,10.728998051000076],[122.69020782000007,10.729168945000026],[122.68997123300005,10.729361484000037],[122.68902311200009,10.730362685000046],[122.68887375100007,10.730476564000071],[122.68882117700002,10.730761847000053],[122.68854754600011,10.730793547000076],[122.68848063100006,10.73065501700006],[122.6885821950001,10.730312208000043],[122.68840750200002,10.730086368000059],[122.68829756900004,10.72976704000007],[122.68798117200004,10.729760034000037],[122.68731258100001,10.729991362000021],[122.68672450400004,10.730453345000058],[122.68621446100008,10.730988466000042],[122.68593982700008,10.731421466000029],[122.68575052300002,10.731557163000048],[122.68551855400005,10.732001410000066],[122.68507208500012,10.732661864000022],[122.6850499200001,10.73282213400006],[122.68482150600005,10.733193773000039],[122.68436259600003,10.733813226000052],[122.68380635100004,10.734795725000026],[122.68360548200008,10.735090268000022],[122.68333804800011,10.735627703000034],[122.68319898300001,10.735809895000045],[122.6823838040001,10.737184120000052],[122.68219284700001,10.73756306100006],[122.68124560800004,10.739007877000063],[122.68075892700006,10.739638268000022],[122.68070484700002,10.739779463000048],[122.68011003100003,10.740616128000056],[122.67973856800006,10.741256166000028],[122.6795732280001,10.741447467000057],[122.67919001700011,10.742098792000036],[122.67919452900003,10.742246011000077],[122.67958555700011,10.742443155000046],[122.6796051340001,10.74267629600007],[122.67948648900006,10.742821714000058],[122.67920759700007,10.742812108000066],[122.6792123140001,10.742604202000052],[122.67901904300004,10.742470810000043],[122.67871713800002,10.74253499200006],[122.6786140910001,10.742681237000056],[122.6783196660001,10.742768027000068],[122.67793526900005,10.74261376000004],[122.67774715400003,10.742345387000057],[122.67760321300011,10.74242735000007],[122.67768279400002,10.742975208000075],[122.6778660010001,10.743238759000064],[122.67769098000008,10.743283761000043],[122.67713155900003,10.743081286000063],[122.6769201510001,10.743156621000026],[122.67652594900005,10.743515003000027],[122.67605590700009,10.743732936000072],[122.67574675800006,10.743974001000026],[122.67541307800002,10.744396661000053],[122.67495181000004,10.744816109000055],[122.67482206600005,10.745122180000067],[122.67462087500007,10.74542109500004],[122.67442459000006,10.74558180300005],[122.67356694400007,10.746408827000039],[122.67322936900007,10.746685072000048],[122.67264631900002,10.747463553000046],[122.67238422900004,10.747916751000048],[122.67244320200007,10.748182077000024],[122.67208700600008,10.748395352000045],[122.67184225300002,10.748088191000022],[122.67173515400009,10.747708405000026],[122.67147195000007,10.747639345000039],[122.67119394000008,10.747654389000047],[122.6707073440001,10.747833416000049],[122.6699881940001,10.74835203300006],[122.66952444700007,10.748850773000072],[122.66947507600003,10.749136416000056],[122.6690375280001,10.74912572900007],[122.6684356290001,10.74883813200006],[122.66791614100009,10.748806702000024],[122.66786815300009,10.748647786000049],[122.66763573700007,10.74855182400006],[122.6674924570001,10.748375156000066],[122.66720926100004,10.74849814700002],[122.6667923230001,10.748789743000032],[122.66636272500011,10.749218722000023],[122.6661327490001,10.74937680100004],[122.66575457400006,10.749817849000067],[122.66502778000006,10.75086860700003],[122.66484969100009,10.751283207000029],[122.66472719000001,10.751704587000063],[122.66475227000001,10.751863283000034],[122.66498901900002,10.752052057000071],[122.66489433900006,10.75218340300006],[122.66467988600004,10.752147852000064],[122.66458795500012,10.75189613200007],[122.66429552800003,10.751939939000067],[122.66412565600001,10.752139696000029],[122.66384154600007,10.751781282000024],[122.66352126800007,10.751874343000054],[122.66329843300002,10.751862060000065],[122.66295031900006,10.752053622000062],[122.66265510400001,10.752072801000054],[122.66236880500003,10.751916412000071],[122.66228245100001,10.751700261000053],[122.66202906800004,10.752348753000035],[122.66164131500011,10.752331148000053],[122.66139617200008,10.752581536000037],[122.66142352000008,10.752827311000033],[122.66155440200009,10.753006859000038],[122.66153428500002,10.753193718000034],[122.6612252650001,10.753392766000047],[122.66087978200005,10.753412676000039],[122.66060541900003,10.753200141000036],[122.6606872430001,10.752898741000024],[122.66055035500005,10.752757828000028],[122.6605614670001,10.752263952000021],[122.66041426200002,10.751952953000057],[122.6602325660001,10.752325398000039],[122.6600404730001,10.75222965200004],[122.6598561190001,10.752402347000043],[122.6596310320001,10.75241191300006],[122.65933421900002,10.752316197000027],[122.65934705400002,10.752561870000022],[122.65946106800004,10.752762160000032],[122.65971793900007,10.752925584000025],[122.65965387100005,10.753248889000076],[122.65944266800011,10.753206050000074],[122.65922739000007,10.753361577000021],[122.658898023,10.753339460000063],[122.6587876420001,10.753622190000044],[122.65888762800012,10.753799839000067],[122.65923506400009,10.753788769000039],[122.6592630560001,10.75395366600003],[122.65873757400004,10.754026198000076],[122.65859969300004,10.754193598000029],[122.65840827300008,10.754061168000021],[122.65787842500004,10.754022400000053],[122.65761903100008,10.753785207000021],[122.65722659700009,10.753580928000076],[122.6567157390001,10.75363941300003],[122.65612460500006,10.753299771000059],[122.65586631400004,10.753013834000058],[122.65599097900008,10.752771305000067],[122.65614547900009,10.752737560000071],[122.65619125300009,10.75241629200002],[122.65596882000011,10.752177522000068],[122.65590596200002,10.751956496000048],[122.65555989100005,10.751878055000077],[122.65538156900004,10.751994399000068],[122.65545885400002,10.752273978000062],[122.65522260400007,10.752612807000048],[122.6549138370001,10.752602120000063],[122.65458683300005,10.752662825000073],[122.65444652600002,10.752504613000042],[122.6543359740001,10.752220915000066],[122.65435208800011,10.752018160000034],[122.65391160100012,10.75171866900007],[122.65356812300001,10.751860089000047],[122.6533754720001,10.752062232000071],[122.65338543300004,10.752332554000077],[122.65357481300009,10.752814466000075],[122.65330283000003,10.752877913000077],[122.6532613490001,10.752723996000043],[122.65299669400008,10.752544944000022],[122.65277756000012,10.752599989000032],[122.65267242200002,10.752436621000072],[122.65269337500001,10.752017101000035],[122.6529753420001,10.751842631000045],[122.65322226300009,10.751583063000055],[122.65322819900007,10.751475472000038],[122.6529450480001,10.75120479900005],[122.65297657800011,10.751089154000056],[122.65273739000008,10.750819868000065],[122.6524402760001,10.750642833000029],[122.65220083500003,10.750595654000051],[122.65187799300008,10.751007825000045],[122.65158931000008,10.751099243000056],[122.65104461300007,10.750852447000057],[122.65081648500006,10.750550328000031],[122.65059219800003,10.750355983000077],[122.65039603900004,10.75036715300007],[122.65011930000003,10.750184940000054],[122.64963820100002,10.750282995000077],[122.6493353080001,10.750520479000045],[122.64893954200011,10.750495297000043],[122.6486581150001,10.750211183000033],[122.648642902,10.749963168000022],[122.64842442800011,10.749669384000072],[122.64830558500012,10.749330514000064],[122.64809144900005,10.749142394000046],[122.64802449600006,10.74885153300005],[122.64812955500008,10.74870106700007],[122.64808388600011,10.748431395000068],[122.64806467100004,10.747771335000039],[122.64800946200012,10.747310949000052],[122.64787911000008,10.746922443000074],[122.64771262300007,10.746647851000034],[122.64757456900008,10.74658990100005],[122.64766360700003,10.746365083000057],[122.64754821300005,10.746020624000039],[122.64740918500001,10.745922053000072],[122.64738071900001,10.745584331000032],[122.6474155620001,10.745102132000056],[122.64767747300004,10.744790777000048],[122.64785873500011,10.744456452000065],[122.64810124600001,10.744314798000062],[122.64843477800002,10.743800202000045],[122.64874658500003,10.743685957000025],[122.64912254300009,10.743687259000069],[122.649338768,10.743614488000048],[122.64944647700008,10.743411355000035],[122.64987621300008,10.743191799000044],[122.65010050800004,10.743169055000067],[122.65025260400012,10.743388673000027],[122.65052728700005,10.743438101000038],[122.65066492500011,10.743374391000032],[122.65087544700009,10.743581033000055],[122.65089626400004,10.743866860000026],[122.65108801400004,10.744160172000022],[122.65103200100009,10.74436785000006],[122.65074501800007,10.744547457000067],[122.65067581700009,10.744906420000063],[122.65053028400007,10.745068199000059],[122.65071172400008,10.745342659000073],[122.65076537800007,10.744934624000052],[122.65103083700001,10.744526834000055],[122.6512533660001,10.744411239000044],[122.6513967410001,10.744128980000028],[122.65168886000004,10.744223962000035],[122.65163941000003,10.743998004000048],[122.6514058570001,10.743901514000072],[122.65121765000004,10.743708328000025],[122.65147708000006,10.743032461000041],[122.65194666500008,10.743010372000072],[122.6520639680001,10.742944429000033],[122.65245683800003,10.742983583000068],[122.65249400700009,10.742776336000077],[122.65174930900002,10.74288671000005],[122.65158223200001,10.742822405000027],[122.65117001200008,10.742812757000024],[122.65094892800005,10.742692109000075],[122.6508378100001,10.742455180000036],[122.65063311900008,10.74235784800004],[122.65070912600004,10.742164401000025],[122.65049839200003,10.742053972000065],[122.65035880500011,10.74180971800007],[122.65038714900004,10.74139139500005],[122.6502186680001,10.741322038000021],[122.65004960200008,10.740810152000051],[122.64991391300009,10.740652530000034],[122.64979473400001,10.740175134000026],[122.64923185300006,10.740095418000067],[122.64907020300006,10.74003235500004],[122.64884825100012,10.740210347000072],[122.64834977200007,10.740360000000067],[122.64818093300005,10.740279921000024],[122.64802227700011,10.739941155000054],[122.64776401300003,10.739839501000063],[122.6475227840001,10.739552223000032],[122.64720165300002,10.738908848000051],[122.64711327600003,10.738326572000062],[122.64693912300004,10.738203696000028],[122.64700534400004,10.737914412000066],[122.64718487400012,10.737797645000057],[122.64755194600002,10.737762419000035],[122.6478357630001,10.738090850000049],[122.64823955700001,10.737799000000052],[122.64852938500007,10.73788002200007],[122.64869067900008,10.73782331700005],[122.64885195900001,10.738001312000051],[122.64919357500003,10.738092834000042],[122.64929005800002,10.737979806000055],[122.64996416000008,10.737949694000065],[122.65004970200005,10.73801125600005],[122.6504857970001,10.737988992000055],[122.65086438500009,10.73775663300006],[122.65087727000002,10.737914684000032],[122.65109085000006,10.737981727000033],[122.65128151400006,10.737755047000064],[122.65193075400009,10.737751958000047],[122.6520189580001,10.737617640000053],[122.65224402800004,10.737898682000036],[122.65248017200008,10.73751112900004],[122.65283465300001,10.737491385000055],[122.65289573700011,10.737210213000026],[122.65305944600004,10.737184962000072],[122.65299411100011,10.737509446000047],[122.65283910400001,10.737874584000053],[122.65288925000004,10.738550148000058],[122.65310271300007,10.738366816000052],[122.6534169250001,10.738431992000073],[122.65346690600006,10.737469901000054],[122.6535891100001,10.73698028900003],[122.65425098100002,10.736715627000024],[122.65449977500009,10.736548307000021],[122.65503047900006,10.735885064000058],[122.65511439700003,10.735722773000077],[122.65468570400003,10.735353069000041],[122.65482087600003,10.735197748000076],[122.65502163600001,10.735253604000036],[122.6550969970001,10.735059147000072],[122.6555412460001,10.734268764000035],[122.65592842600006,10.734166478000077],[122.65706031600007,10.734140852000053],[122.6575232140001,10.734167274000072],[122.65763661300002,10.734070080000038],[122.65794402800009,10.734164311000029],[122.6579822010001,10.733420524000053],[122.65774658800001,10.733644201000061],[122.65670728100008,10.733628948000046],[122.65558756500002,10.733510351000064],[122.65515072200003,10.733523811000055],[122.65463559800003,10.733631479000053],[122.65417908500001,10.73406047900005],[122.65413868600001,10.734951925000075],[122.65387645400006,10.734788500000036],[122.65375357500011,10.73499828200005],[122.65414169900009,10.735153764000074],[122.65438401200004,10.735689432000072],[122.65418253500002,10.736082792000047],[122.65394613100011,10.736276985000075],[122.65320047800003,10.736275959000068],[122.65282432700008,10.736501373000067],[122.6522611580001,10.736666876000072],[122.65208969700006,10.736613586000033],[122.65194273100008,10.736745943000074],[122.651580566,10.736754531000031],[122.65147558800004,10.736892046000037],[122.65117115900011,10.736854223000023],[122.650952458,10.736959075000073],[122.65064497900005,10.736874839000052],[122.65009917400005,10.737003462000075],[122.64942047700004,10.73689300600006],[122.64943261600001,10.736749477000046],[122.64914121200002,10.73677004600006],[122.64869301500005,10.736722167000039],[122.64840614100001,10.736614904000021],[122.64807523200011,10.736397786000055],[122.6480107000001,10.736206098000025],[122.64767937600004,10.735954322000055],[122.6478258190001,10.735635759000047],[122.64753295600008,10.735567239000034],[122.64767026300001,10.735333516000026],[122.64752724100003,10.735133039000061],[122.64706500500006,10.734713116000023],[122.64679262900006,10.734373532000063],[122.64656838100007,10.734292700000026],[122.64646035500004,10.734445050000033],[122.64627913100003,10.734393294000029],[122.64590668700009,10.734023469000022],[122.64599242200006,10.733821127000056],[122.64563887500003,10.733809706000045],[122.64512581200006,10.733412651000037],[122.64451480800005,10.733427263000067],[122.64433299400002,10.733700828000053],[122.64405312300005,10.733737486000052],[122.64369138500001,10.733565584000075],[122.64338643200006,10.733631713000023],[122.64322357100002,10.73331365200005],[122.64321683700007,10.732940885000062],[122.6428863750001,10.732844630000045],[122.64252067900009,10.733064095000032],[122.64237400100001,10.732971626000051],[122.64217797600008,10.733209216000034],[122.641771446,10.733523449000074],[122.64089659900003,10.733285710000075],[122.64079143300012,10.733198566000056],[122.64024391300006,10.733084199000075],[122.63971690000005,10.732894669000075],[122.63960767300011,10.732799275000048],[122.63889859100004,10.732535535000068],[122.63830310300011,10.732165747000067],[122.63787656800002,10.731695813000044],[122.63769717800005,10.731382194000048],[122.63734475400008,10.731182678000039],[122.6370488230001,10.730692489000035],[122.63660492800011,10.730430950000027],[122.63650674000007,10.730235875000062],[122.63622272700002,10.730086773000039],[122.63555614300003,10.729856160000054],[122.6351268310001,10.729656612000042],[122.634682956,10.729086389000031],[122.63421393400006,10.728541646000053],[122.6340292220001,10.728401803000054],[122.63335771400011,10.728089388000058],[122.63284365200002,10.727917064000053],[122.63238023000008,10.727994600000045],[122.63224123300006,10.728082328000028],[122.6319685740001,10.728054823000036],[122.63132900000005,10.728323299000067],[122.63102045700009,10.728238008000062],[122.6308276200001,10.728298590000065],[122.63023596700009,10.728086545000053],[122.62974092800005,10.72782468400004],[122.62961121700005,10.72765313900004],[122.62939942900005,10.727598305000072],[122.62896641000009,10.727187105000041],[122.62850102000004,10.726961433000042],[122.62804849500003,10.726589206000028],[122.6277084830001,10.72643084200007],[122.62761292500011,10.72622194400003],[122.62744826000005,10.726192997000055],[122.62731606800003,10.726393314000063],[122.62702808600011,10.72650419300004],[122.62654512400002,10.726195700000062],[122.6263234600001,10.72581314000007],[122.62601560600001,10.725765970000054],[122.62560063700005,10.725488374000065],[122.62550205900004,10.725309883000023],[122.6253077670001,10.725352455000063],[122.62519682200002,10.725176173000023],[122.62488262900001,10.725227646000064],[122.62479873300003,10.724949637000066],[122.62453845400012,10.72517778100007],[122.62422097500007,10.725237543000048],[122.62423076200002,10.725481477000073],[122.62390255700006,10.725331276000077],[122.6237197260001,10.725428716000067],[122.62317073500003,10.725421934000053],[122.62281772600011,10.725202275000072],[122.62219316100004,10.724594295000031],[122.62192598900003,10.72441156900004],[122.62194106800007,10.724148073000038],[122.62163537300012,10.724083678000056],[122.62153477800007,10.72378303000005],[122.62153682500002,10.723458191000077],[122.62115735000009,10.722964700000034],[122.62092551800004,10.72281917600003],[122.6207052100001,10.722301691000041],[122.62037079600009,10.722067423000055],[122.61982203800005,10.721853220000071],[122.61955753300003,10.721904108000047],[122.6192219510001,10.721545913000057],[122.61872182200011,10.721535326000037],[122.61839488200008,10.72135675900006],[122.61812014600002,10.72142913500005],[122.61835794100011,10.721052115000077],[122.61819480800011,10.720944411000062],[122.6180424050001,10.72042066900002],[122.6175877180001,10.720560574000046],[122.61736368100003,10.720527954000033],[122.61699816500004,10.720071326000038],[122.61665928500008,10.71971542500006],[122.61619352000002,10.71938885700007],[122.61565839500008,10.71942449200003],[122.61555589500006,10.719231157000024],[122.61520703000008,10.719214023000063],[122.61485909200007,10.718851581000024],[122.61478202700005,10.718493704000025],[122.61444326900005,10.717849900000033],[122.61447567800008,10.717297263000034],[122.61479473200006,10.716973711000037],[122.6150093330001,10.71668070800007],[122.61504771800003,10.71634888400007],[122.61499675800007,10.715400946000045],[122.61459224700002,10.715085011000042],[122.61441564500001,10.71478148500006],[122.61412994700004,10.714117444000067],[122.61413725300008,10.713904440000022],[122.61401326300006,10.713727901000027],[122.61383743200008,10.713684071000046],[122.61362546600003,10.713384251000036],[122.61369300700005,10.713262797000027],[122.61356810000007,10.713002214000028],[122.61322745200005,10.712634046000062],[122.61305816100003,10.712594162000073],[122.61264026600008,10.71229326200006],[122.61248428100009,10.711887653000076],[122.61235088400008,10.71176233400007],[122.61244750100002,10.711354217000064],[122.61240429500003,10.711082588000068],[122.61259625700006,10.710885019000045],[122.61276723300011,10.710266554000043],[122.61253184000009,10.709844621000059],[122.61263162600005,10.709432003000074],[122.61250187300004,10.709405761000028],[122.61239057300008,10.709047293000026],[122.61210172400001,10.708836955000038],[122.61177422300011,10.70825965900002],[122.6116967480001,10.708320811000021],[122.61121632100003,10.707999194000024],[122.61113355300006,10.707879786000035],[122.6111120590001,10.707462041000042],[122.61119047200009,10.707013319000055],[122.61100943300005,10.706370889000027],[122.6109903680001,10.705931986000053],[122.61063398100009,10.705627680000077],[122.61057083800006,10.705358828000044],[122.61057938300007,10.704870201000062],[122.61079519400005,10.704662969000026],[122.61089994000008,10.704079871000033],[122.61081066700001,10.703832695000074],[122.61089040400009,10.703555111000071],[122.61105880100001,10.703309486000023],[122.61113396200005,10.702989090000074],[122.61142354100002,10.70216195100005],[122.6115327220001,10.701637314000038],[122.61151113500011,10.70108158100004],[122.61162855900011,10.700869028000056],[122.61234029900004,10.700243606000072],[122.61252349100005,10.699670362000063],[122.6126591850001,10.699558421000063],[122.61276021900005,10.699293117000025],[122.61293485400006,10.699167905000024],[122.61323904500011,10.698457258000076],[122.61346427900003,10.69839931000007],[122.61380238800007,10.698093408000034],[122.61391359900006,10.697790996000037],[122.61410440400005,10.69767895900003],[122.61438433100011,10.696846038000047],[122.6146227260001,10.695943214000067],[122.61451626400003,10.695670520000021],[122.61483268400002,10.695486625000058],[122.61496549800006,10.694888880000065],[122.61502252100001,10.694797519000076],[122.61494496400007,10.694240340000022],[122.61474372100008,10.694024112000022],[122.61459717200012,10.693673757000056],[122.61460817900002,10.69320854600005],[122.61443952100001,10.692705978000049],[122.61458796400007,10.69230865000003],[122.61457597700007,10.691971435000028],[122.61442552300002,10.691799352000032],[122.61447742200005,10.691661278000026],[122.61438442800011,10.691381361000026],[122.61450448900007,10.691296479000073],[122.6145238900001,10.691047572000059],[122.61427156100001,10.690885880000053],[122.61410782500002,10.690929064000045],[122.61395704200004,10.690596550000066],[122.61382457200011,10.690054291000024],[122.6140458970001,10.68964617000006],[122.6141257490001,10.689319061000049],[122.61411375600005,10.68909074100003],[122.61428149400001,10.688516166000056],[122.61394769200001,10.688509784000075],[122.61357117300008,10.688672084000075],[122.613484115,10.688543683000034],[122.61280821700007,10.688865934000034],[122.61281532100008,10.688687568000034],[122.61319152200008,10.688531902000022],[122.613084791,10.688263968000058],[122.61367880600005,10.688034035000044],[122.61441576000004,10.687795676000064],[122.6149017680001,10.687690818000021],[122.61525523600005,10.687855958000057],[122.61593441000002,10.687730463000037],[122.61634225000012,10.687615580000056],[122.61714722200009,10.687442321000049],[122.61767290400007,10.68724058600003],[122.61780040000008,10.686758285000053],[122.61754939100001,10.686731846000043],[122.61759366100011,10.686929216000067],[122.61750338900003,10.687105914000028],[122.61715965000008,10.687010867000026],[122.61668692400008,10.687165666000055],[122.61668503100009,10.686980733000041],[122.61652630000003,10.686875580000049],[122.61604296500002,10.686388054000076],[122.61581064400002,10.686214990000053],[122.61575751800001,10.685958319000065],[122.61550201900002,10.685990627000024],[122.61531996800011,10.68563438800004],[122.61495920200002,10.685635945000058],[122.61487621000003,10.685521748000042],[122.61506112600011,10.685296638000068],[122.61498230600012,10.685091799000077],[122.61463824700002,10.68509036100005],[122.61440192300006,10.685176898000066],[122.61419796500002,10.685145606000049],[122.61417968700005,10.68553871100005],[122.61398445900011,10.685351997000055],[122.61319120200005,10.685239872000068],[122.61314006400005,10.685127369000043],[122.61279575100002,10.684983801000044],[122.61258278600008,10.684705700000052],[122.61225921100004,10.68454900300003],[122.6118872620001,10.684509538000043],[122.61162307600011,10.684411037000075],[122.61163583400003,10.684157915000071],[122.6114077960001,10.684061357000076],[122.61069007700007,10.683948570000041],[122.61045088500009,10.683836416000076],[122.610387478,10.68368922600007],[122.61067905800007,10.683184486000073],[122.61070772100004,10.682897780000076],[122.610642471,10.68244573800007],[122.61047481800006,10.682006414000057],[122.61066975500012,10.681612639000036],[122.61118774200008,10.681238098000051],[122.61114828600012,10.680926069000066],[122.6114154490001,10.680735961000039],[122.61137166800006,10.680430885000021],[122.61106971100003,10.680522447000044],[122.611185051,10.680260727000075],[122.61101662800002,10.680123865000041],[122.61154294300002,10.679818333000071],[122.61155270300003,10.679541564000033],[122.61131971500004,10.679107774000045],[122.61116367000011,10.67910166200005],[122.61051089000011,10.678628849000063],[122.61041663500009,10.678347661000032],[122.61050668700011,10.678178674000037],[122.61014053500003,10.677890188000049],[122.61016392700003,10.67771786700007],[122.60986384400007,10.677692328000035],[122.60992644300006,10.677253500000063],[122.61012551300007,10.677243255000064],[122.61002454900006,10.676878306000049],[122.6098574240001,10.67696182800006],[122.6096856800001,10.676797032000025],[122.60919216800005,10.676701108000032],[122.60924865300001,10.67645040900004],[122.6094357400001,10.676035101000025],[122.60969787800002,10.67564658200007],[122.6097969220001,10.675829530000044],[122.61001799000007,10.675602515000037],[122.60990072700008,10.675388335000036],[122.60946450600011,10.675650965000045],[122.60924026200007,10.675945394000053],[122.60883533800006,10.67588758100004],[122.60882200300011,10.675710596000044],[122.60848454500001,10.675735984000028],[122.60838721000005,10.675606186000039],[122.60852860000011,10.675381661000074],[122.60864910600003,10.674992823000025],[122.6082479260001,10.675054011000043],[122.60811945500006,10.675368612000057],[122.60796600600008,10.67517205200005],[122.60790434000012,10.674893459000032],[122.60771684800011,10.674755674000039],[122.60753964100002,10.674929752000025],[122.60727999900007,10.675022219000027],[122.60690250100004,10.674811472000044],[122.60643291500003,10.675112764000062],[122.60636022300002,10.674959528000045],[122.60643304300004,10.674772708000035],[122.60621033000007,10.674666399000046],[122.60594151300006,10.674894478000056],[122.60616423500005,10.675184516000058],[122.60578579800006,10.675308490000077],[122.60560759000009,10.675185580000061],[122.60539087600011,10.675407670000027],[122.60522392000007,10.67534538800004],[122.60509507000006,10.674909700000057],[122.6047275520001,10.674413209000022],[122.60459857000001,10.674500340000066],[122.60425766900005,10.674490289000062],[122.60409189300003,10.674192529000038],[122.60400898800003,10.673373196000057],[122.60413378700002,10.67283317700003],[122.60413728600008,10.67231765200006],[122.60425392100001,10.67190709700003],[122.60456650200001,10.671672662000049],[122.60503070800007,10.67170881800007],[122.60520216100008,10.671596849000025],[122.6052841400001,10.671296913000049],[122.60545642500006,10.671123312000077],[122.60559638600012,10.670703427000035],[122.60562787800006,10.670134250000046],[122.60552290600003,10.669635053000036],[122.60583548700004,10.668651823000062],[122.60592996200012,10.668152626000051],[122.60579291600004,10.667792225000028],[122.60485365400007,10.666718279000065],[122.60467614600009,10.666662807000023],[122.60423792400002,10.66680610800006],[122.60412704300006,10.66395164000005],[122.60823836400004,10.659319165000056],[122.61217596900008,10.656076432000077],[122.61814028000003,10.653239041000063],[122.62088693900012,10.652733010000077],[122.62446946000011,10.652082269000061],[122.62772890800011,10.645223767000061],[122.63898380300009,10.636647692000054],[122.64166451100004,10.639610941000058],[122.64316869400011,10.638810771000067],[122.64648430200009,10.63713692500005],[122.64931227600005,10.635684107000031],[122.65540126200005,10.629964030000053],[122.65801872800012,10.631775834000052],[122.66199328100004,10.63450550300007],[122.66413403800004,10.636018647000071],[122.66243410600009,10.639752617000056],[122.66270468000005,10.640216931000055],[122.66266335800003,10.640783837000072],[122.66256005000002,10.641014817000041],[122.66258476900009,10.641368162000049],[122.66273222900008,10.641492335000066],[122.66292442700001,10.641850710000028],[122.66298346600001,10.642359506000048],[122.66314407700008,10.642760846000044],[122.663187762,10.64322547200004],[122.66350063700008,10.643265443000075],[122.66359555000008,10.643368357000043],[122.66359127300007,10.643734494000057],[122.66370773200003,10.643924170000048],[122.66378554200003,10.644255481000073],[122.66405727400002,10.64451512200003],[122.66469380000001,10.644563431000051],[122.66491208100001,10.644662868000069],[122.66503157000011,10.644879410000044],[122.6650669820001,10.645800106000024],[122.66510239400009,10.645933580000076],[122.66535333500008,10.646064608000074],[122.66571090200011,10.645935276000046],[122.66591060700011,10.645320945000037],[122.66609699900005,10.645292415000029],[122.66632000100003,10.645661184000062],[122.66658960500001,10.645901041000059],[122.66675507600007,10.645735571000046],[122.66660482100008,10.645286709000061],[122.66661623300001,10.644695201000047],[122.66676190700002,10.644588377000048],[122.66707679800004,10.644718037000075],[122.6672929,10.644670186000042],[122.66793966300008,10.644633141000043],[122.66815576500005,10.644674817000066],[122.66840428300009,10.644839981000075],[122.66861044400002,10.645113644000048],[122.6689404220001,10.645294317000037],[122.66918197000007,10.645317141000021],[122.66952051800001,10.645189709000022],[122.67005877200006,10.644822632000057],[122.67037830000004,10.64477888700003],[122.6706921220001,10.64487398500006],[122.67086900400011,10.645016631000033],[122.67086678700002,10.645385901000054],[122.6707187500001,10.645756492000032],[122.67047561100003,10.646024738000051],[122.67045783100002,10.646192386000052],[122.6706826300001,10.646264779000035],[122.67076391300009,10.646511170000053],[122.67066739000006,10.646908696000025],[122.67051625300007,10.647212239000055],[122.67071545500005,10.647271987000067],[122.67095146800011,10.647105618000069],[122.67170361500007,10.646830003000048],[122.6721708340001,10.646759342000053],[122.67236139900001,10.646618927000077],[122.67237831900002,10.64601096900003],[122.67246305600008,10.64592385700007],[122.67280861000006,10.646051303000036],[122.67317230000003,10.64659877300005],[122.67331158500008,10.646738059000029],[122.67341411500001,10.647010827000031],[122.67342548800002,10.647665809000046],[122.67352956200011,10.648006850000058],[122.67394897300005,10.648286918000053],[122.67418131300008,10.648203651000074],[122.67421354500004,10.64805995000006],[122.67442305500003,10.64798608500007],[122.67466382100008,10.648292841000057],[122.67498214700004,10.64844582400002],[122.67519590200004,10.64833700500003],[122.6754611990001,10.647820895000052],[122.67565061500011,10.647798733000059],[122.67653924800004,10.649201223000034],[122.67679753700008,10.649372027000027],[122.67725995800004,10.64908596500004],[122.67742942300004,10.649049284000057],[122.67779991800012,10.649218487000041],[122.67829172800009,10.648781850000034],[122.67860509000002,10.64857522400007],[122.67912728500005,10.64835351000005],[122.67959706200008,10.64840969100004],[122.6799358940001,10.648651316000041],[122.68032193900001,10.64920538900003],[122.68043025400004,10.649301206000075],[122.68084962800003,10.649391469000022],[122.681096808,10.649628928000027],[122.68120651100003,10.65002191700006],[122.68179647500006,10.651257182000052],[122.68180363300007,10.651489724000044],[122.68153562300006,10.651966032000075],[122.6816272740001,10.652110452000045],[122.68192444600004,10.651864660000058],[122.6827270870001,10.651871604000064],[122.68334920400002,10.651681359000065],[122.68413518200009,10.651406405000046],[122.68455594400007,10.65138974100006],[122.68486700200003,10.651504999000053],[122.68490310700008,10.65175634600007],[122.68463926300001,10.652422899000044],[122.6846406520001,10.652672857000027],[122.68477118500005,10.652736735000076],[122.68504891600003,10.652674245000071],[122.68602791600006,10.652102120000052],[122.68653199800008,10.651853551000045],[122.6865930990001,10.651653585000076],[122.68630425800006,10.65149666700006],[122.68609873800006,10.650953704000074],[122.6861431750001,10.650752349000072],[122.68652505400007,10.650538496000024],[122.68731294100007,10.649803299000041],[122.68773734900003,10.649665034000066],[122.68806368300011,10.649798344000033],[122.68968424100001,10.650095516000022],[122.68996891600011,10.650106625000035],[122.69013555400011,10.650295482000047],[122.69020776400009,10.651095347000023],[122.69030497000006,10.651275871000053],[122.69060491900007,10.651502222000033],[122.69081043900007,10.651868827000044],[122.69077988900005,10.652043797000033],[122.69009528300012,10.652239596000072],[122.68992170100012,10.652403458000038],[122.68986730600011,10.652847976000032],[122.69004806800001,10.653157497000052],[122.69048688300006,10.653275533000055],[122.69144632000007,10.653333016000033],[122.69231886400007,10.653530722000028],[122.69271150600002,10.65379211100003],[122.69305513100005,10.653746764000061],[122.69298984900001,10.653540879000047],[122.69305593600006,10.653360011000075],[122.69333651300008,10.653273054000067],[122.6937654950001,10.653422619000025],[122.69389766800009,10.653615081000055],[122.69413766600007,10.653604646000076],[122.69437003900009,10.653740954000057],[122.69466983600012,10.653697398000077],[122.6948785300001,10.65377507900007],[122.69510925200007,10.653700877000063],[122.69538635200001,10.65383305000006],[122.69550007300006,10.653975884000033],[122.69581259400002,10.654034099000057],[122.69595200300012,10.654147464000062],[122.69984450600009,10.65314083900006],[122.70079081300003,10.65293686700005],[122.70546037500003,10.653449918000035],[122.71299127300006,10.645251837000046],[122.71333086200002,10.645273639000038],[122.71317593700007,10.64600352900004],[122.71331730800011,10.646158866000064],[122.7135190030001,10.646151709000037],[122.71367488500005,10.64627198900007],[122.71352353900011,10.646670492000055],[122.7137818540001,10.64692352700007],[122.71402975500007,10.646848503000058],[122.71422764200008,10.64692135200005],[122.71425265000005,10.647072485000024],[122.71413304800001,10.647351919000073],[122.71422872900007,10.647761827000068],[122.71454245100006,10.647956622000038],[122.71506385500004,10.648076111000023],[122.71629675500003,10.648192394000034],[122.7169806600001,10.648337003000051],[122.71716876200003,10.648311995000029],[122.71735142600005,10.648143466000022],[122.71807861600007,10.648484930000052],[122.71840191500007,10.648791755000047],[122.71834520900006,10.64910680500003],[122.7182049490001,10.649252501000035],[122.71830606700007,10.649418857000057],[122.71867357100007,10.649478658000021],[122.71891603600011,10.649998383000025],[122.71891494900001,10.650247372000024],[122.71854322800004,10.650352243000043],[122.71802290700009,10.650669159000074]]],[[[122.65467397500004,10.735024929000076],[122.65450033800005,10.73452670000006],[122.65453315800005,10.734274604000063],[122.65468121000004,10.734063308000032],[122.65528394500006,10.733912598000074],[122.65552523800011,10.734148581000056],[122.65531517600004,10.734609397000042],[122.65507792900007,10.735014170000056],[122.6548511090001,10.735108858000046],[122.65467397500004,10.735024929000076]]],[[[122.69578660500008,10.725143273000072],[122.69573448100004,10.724978673000066],[122.69587966800009,10.724859790000039],[122.6962445050001,10.724784793000026],[122.69638410300001,10.724512393000055],[122.69662981700003,10.724724539000022],[122.6966782290001,10.725178106000044],[122.69674896800007,10.725307956000051],[122.6967098880001,10.725604241000042],[122.69571588800011,10.725712066000028],[122.69553532600003,10.72560416600004],[122.69578660500008,10.725143273000072]]]]},"properties":{"psgc_code":607901000,"name":"Buenavista","corr_code":67901000,"geo_level":"Mun","city_class":"","inc_class":"","urb_rur":"2nd","pop_2015":"","pop_2020":"","status":"","adm3_pcode":"PH0607901","adm3_en":"Buenavista","adm3_alt":"","adm2_pcode":"PH06079","adm1_pcode":"PH06","adm0_pcode":"PH","shape_len":0.663260974864,"shape_area":0.00929834989425,"shape_sqkm":112.519736638}},
{"type":"Feature","geometry":{"type":"MultiPolygon","coordinates":[[[[124.04773787500005,10.155357183000035],[124.04770431200006,10.155726751000032],[124.04748354000003,10.156380284000022],[124.04706531500005,10.156932777000065],[124.04659072600009,10.15735023700006],[124.04579994100004,10.15790658000003],[124.04480100400008,10.158690575000037],[124.04373113300005,10.159583720000057],[124.04233663500008,10.160679798000047],[124.04178427200009,10.161083076000068],[124.04138390100002,10.161509523000063],[124.04132702300001,10.161696948000042],[124.04076894100001,10.162009128000022],[124.03996883500008,10.162627419000046],[124.03951060500003,10.163080433000061],[124.03912978500011,10.16366068700006],[124.03851589500005,10.164010623000024],[124.0378574990001,10.164430581000033],[124.03781601100002,10.164386786000023],[124.03910995800004,10.163604927000051],[124.03916632200003,10.163534910000067],[124.0392866730001,10.162085293000075],[124.03939672900003,10.161293938000028],[124.03957796500003,10.160444272000063],[124.03974425400008,10.159867916000053],[124.03957240500006,10.159616863000053],[124.03990462800004,10.159258049000073],[124.04026156200007,10.158369529000026],[124.04049815100007,10.157624827000063],[124.04076526300003,10.157000289000052],[124.04085731000009,10.156690984000022],[124.04126413900008,10.155890151000051],[124.04156157600005,10.155462011000054],[124.04251036800008,10.154338233000033],[124.0427526410001,10.154178622000074],[124.04365919500003,10.153734168000028],[124.04420135800001,10.153597827000056],[124.04430006600012,10.153727489000062],[124.04511613600005,10.153714089000061],[124.04532330200004,10.153641825000022],[124.04560390400002,10.153724155000077],[124.04556039800002,10.153900993000036],[124.04617070200004,10.154296301000045],[124.04652813400003,10.15440496900004],[124.04687081400004,10.154437994000034],[124.04710796400002,10.154572922000057],[124.0472972120001,10.154546690000075],[124.04757772100004,10.15485228500006],[124.04778488500006,10.154783309000038],[124.04785496400007,10.154979044000072],[124.0477379890001,10.155080944000076],[124.04773787500005,10.155357183000035]]],[[[124.13289209300001,10.10645491200006],[124.1322806280001,10.10789479300007],[124.13197563200004,10.108738735000031],[124.13182127100004,10.10934310600004],[124.13163487700001,10.109290491000024],[124.1313842720001,10.108931448000021],[124.13138425700004,10.108742278000022],[124.13150560000008,10.108553100000051],[124.13177865700004,10.10854312400005],[124.13183930700006,10.108184693000055],[124.13208201600003,10.108075158000076],[124.13211232000003,10.107637079000028],[124.13237519900008,10.106840562000059],[124.13249654700007,10.106691209000076],[124.13289209300001,10.10645491200006]]],[[[124.13306697300004,10.106093789000056],[124.13231446800012,10.106183456000053],[124.13193015900004,10.106064011000058],[124.13126269200006,10.10606406200003],[124.13098962000004,10.105825133000053],[124.13073678800004,10.105755458000033],[124.13051430200005,10.105795299000022],[124.13050421000003,10.106084029000044],[124.13032217400007,10.106084042000077],[124.12992774600002,10.10583516500003],[124.1297861490001,10.105665920000035],[124.12943212200003,10.104740009000068],[124.12971528000003,10.104620515000022],[124.12957368000002,10.104391529000054],[124.12938152600009,10.104341760000068],[124.12922979600012,10.103780430000029],[124.12929044300006,10.10331248500006],[124.1291690810001,10.103242799000043],[124.12870387900011,10.103242830000056],[124.12832966200006,10.10277491200003],[124.12780376,10.102516082000022],[124.12775318100012,10.102326916000038],[124.12784417800003,10.101998353000056],[124.1277531390001,10.101729539000075],[124.12720266400004,10.100988718000053],[124.12681835000001,10.100670140000034],[124.12630590700007,10.100157932000059],[124.12602352300007,10.099939524000035],[124.12568064200002,10.099899830000027],[124.12564027700012,10.09946298400007],[124.1254990760001,10.099165141000071],[124.12503518200003,10.099165167000024],[124.12487382300003,10.09908574800005],[124.12455111500003,10.099065909000046],[124.12447047800003,10.099820469000065],[124.12428895500011,10.099820479000073],[124.1242889350001,10.099463057000037],[124.12384516800012,10.098648953000065],[124.1235627850001,10.098410685000033],[124.12338124500002,10.098112842000035],[124.12297786300007,10.098172431000023],[124.12297787800003,10.098450427000046],[124.12271567800008,10.098490154000046],[124.12237278500004,10.09823202900003],[124.12220509200006,10.097841303000052],[124.12222592900002,10.097625782000023],[124.12200701400002,10.09744106200003],[124.1217672570001,10.097389759000066],[124.12177767200001,10.09718450500003],[124.12210079800002,10.096784247000073],[124.12237181100011,10.096537930000068],[124.12218417200006,10.09642505000005],[124.121944428,10.096599525000045],[124.12167340600001,10.096620062000056],[124.12116261800008,10.096394307000025],[124.1208811680001,10.096373794000044],[124.12025571100003,10.095953055000052],[124.12009933900003,10.095686233000038],[124.1193905020001,10.095624686000065],[124.11940090900009,10.095152607000045],[124.11998465300007,10.095132058000047],[124.1199429510001,10.094957596000029],[124.119432157,10.094577899000058],[124.1196719080001,10.094506053000032],[124.11944257100004,10.094321334000028],[124.11918197300008,10.094413707000058],[124.11897347900003,10.094105834000061],[124.11887964900006,10.093808220000028],[124.11872788000005,10.093665575000045],[124.11857046700004,10.093074215000058],[124.11838449900006,10.09280671700003],[124.1184130470001,10.09245469800004],[124.11854169900005,10.09204634100007],[124.11862738600007,10.091285983000034],[124.11865589000001,10.09068052400005],[124.11892757700002,10.090412951000076],[124.11891325700003,10.090300311000021],[124.11867007500007,10.089990585000066],[124.1184840310001,10.089286601000026],[124.11851244000002,10.08817424800003],[124.11831216700011,10.087906751000048],[124.11822630900008,10.087596838000024],[124.11826918600002,10.087427865000052],[124.11864101100002,10.08721659500003],[124.11858377400006,10.08706171800003],[124.11821190600006,10.08701953800005],[124.1180831480001,10.08679427100003],[124.11763979500006,10.086878828000067],[124.11758256900009,10.086766192000027],[124.11759675300004,10.086048085000073],[124.11743936500011,10.08563977800003],[124.11731065200001,10.08566796100007],[124.11725350200004,10.086034063000056],[124.11706766600003,10.086583231000077],[124.11688175600011,10.086667744000067],[124.11661002100004,10.086667789000046],[124.11640982300003,10.086836786000049],[124.11630976600009,10.08717473200005],[124.11595234000004,10.08787880500006],[124.11585224800001,10.087991464000027],[124.11528032600006,10.08885045300002],[124.11479408900004,10.088963167000031],[124.1146939890001,10.089033584000049],[124.11402194700008,10.089822186000049],[124.11330701800011,10.090751604000047],[124.11307818600005,10.090709395000033],[124.11307814200006,10.090427784000042],[124.11426494300008,10.089033648000054],[124.11372144800009,10.088794362000044],[124.11349258200005,10.088526870000067],[124.11323521100007,10.088864837000074],[124.11306360200001,10.088921183000025],[124.11266315500006,10.088864920000049],[124.11230557500005,10.088569286000052],[124.11189081400005,10.088428544000067],[124.11130440300008,10.088048463000064],[124.11111412600007,10.087612012000022],[124.11079945300003,10.087386769000034],[124.1104419080001,10.087386820000063],[124.11015581000004,10.08693628900005],[124.10988410700008,10.087133451000057],[124.10951227900011,10.087217985000052],[124.10901171100011,10.087105411000039],[124.108825765,10.086908314000027],[124.10858264500007,10.086936507000075],[124.10833954200007,10.087077343000033],[124.10808211300002,10.087049218000061],[124.10775313900001,10.086725416000036],[124.10746708500005,10.086528331000068],[124.10728113200003,10.08626083200005],[124.10758140100006,10.085838384000056],[124.10718096700009,10.085838437000064],[124.10680912700002,10.085782166000058],[124.10635146700008,10.085627342000066],[124.1057078450001,10.085120534000055],[124.105150019,10.084543308000036],[124.1047626620001,10.084060392000026],[124.10461963400007,10.083947766000051],[124.10406178900007,10.08315933700004],[124.10399026000005,10.082976302000077],[124.10366127400005,10.082483534000062],[124.10323218200006,10.082004858000062],[124.10296043200003,10.081765527000073],[124.1026028440001,10.081258681000065],[124.10231679000003,10.081005270000048],[124.10201642400011,10.080653299000062],[124.10108684700003,10.080653402000053],[124.10092952700006,10.080597098000055],[124.10045758800004,10.080639391000034],[124.10017155500009,10.08059718000004],[124.09994271900007,10.080484562000038],[124.09958512700007,10.080034025000032],[124.0991131290001,10.079653897000071],[124.09892639600002,10.079238747000034],[124.0989263680001,10.07897121700006],[124.09859738800003,10.078436194000062],[124.09808251200002,10.078056078000031],[124.09746753400009,10.07771821600005],[124.09710996900003,10.077324004000047],[124.09698122500004,10.07697200900003],[124.09630899400008,10.076169500000049],[124.09605151800008,10.075606313000037],[124.09599426900002,10.075169828000071],[124.09569386500004,10.07440951700005],[124.09546501000011,10.074071608000054],[124.09532279900009,10.073690175000024],[124.09527986900002,10.073394490000055],[124.09506533900003,10.073183305000043],[124.09462328200004,10.073139861000072],[124.09443608600009,10.07298624200007],[124.09429305100002,10.072704649000059],[124.09423582000011,10.07239488700003],[124.09372092300009,10.071634600000039],[124.09372086700012,10.07101506600003],[124.09379234900007,10.070789775000037],[124.09403543400003,10.070508147000055],[124.09443583000007,10.070268746000067],[124.0945787920001,10.069818164000026],[124.0948361930001,10.069719580000026],[124.09525164400009,10.069738133000044],[124.09569496200004,10.069583198000032],[124.0958808470001,10.069273406000036],[124.0964385420001,10.068879095000057],[124.09689613900002,10.068611519000058],[124.0974395070001,10.068062330000032],[124.09778270100003,10.067879249000043],[124.0980544040001,10.067808820000039],[124.09846911600005,10.06780877600005],[124.09914123200008,10.067752383000027],[124.09971323400009,10.067625598000063],[124.1002280030001,10.067231296000045],[124.10049971100011,10.067231265000032],[124.10067132600011,10.06731572800004],[124.10101458400004,10.067724015000067],[124.10114328500003,10.067695841000045],[124.1011432460001,10.06735791400007],[124.1013720300001,10.067160766000029],[124.10124329300004,10.066879175000054],[124.10094296800003,10.066752488000077],[124.10081424900011,10.066611701000056],[124.10057113300002,10.06654132600005],[124.1001707470001,10.066752574000077],[124.09974173400008,10.066738541000063],[124.0995129150001,10.06662592400005],[124.09934128800012,10.066414740000027],[124.09875491800005,10.065921994000064],[124.09835448500007,10.065724912000064],[124.09819715300011,10.065471484000057],[124.09805417400003,10.065696783000021],[124.09778247500003,10.065767212000026],[124.09761085000002,10.065598265000062],[124.09761082900002,10.065401141000052],[124.0977967120001,10.065203998000072],[124.09818276200008,10.064654826000037],[124.09882624600004,10.06437315200003],[124.09922605200006,10.064130910000074],[124.09897911700011,10.063793021000038],[124.09802099700005,10.06415921100006],[124.09762058500007,10.064243733000069],[124.09680547700009,10.064511338000045],[124.09619055400003,10.064511396000057],[124.09581873500008,10.064441030000069],[124.09533250000004,10.064229871000066],[124.09483197400004,10.06407503500003],[124.09444584700009,10.063892028000055],[124.0936163770001,10.06330073600003],[124.09292990500012,10.062624948000064],[124.09250086300005,10.062244819000057],[124.09221484900002,10.062132201000054],[124.09180014100002,10.062118156000054],[124.09149982200006,10.061963297000034],[124.09087055700002,10.06141421500007],[124.0904844480001,10.061414244000048],[124.08988384800011,10.061625494000054],[124.08952633400008,10.061625519000074],[124.08916880400011,10.061470660000055],[124.0880390420001,10.061470733000021],[124.08788173900007,10.061569306000024],[124.08806766700002,10.061738261000073],[124.08843949600009,10.061808640000038],[124.08848241200008,10.061963522000042],[124.08822500500003,10.062062103000073],[124.08781027700002,10.062062130000072],[124.08758144900003,10.061935420000054],[124.08749561000002,10.061569331000044],[124.0872524770001,10.061414457000069],[124.08705231300007,10.06201993700006],[124.08655825300002,10.062325613000041],[124.08610064200002,10.062297486000034],[124.08597194400011,10.06235381700003],[124.08584327300002,10.062846640000032],[124.08587190700007,10.063339449000068],[124.08615794600007,10.063832240000067],[124.08615796400011,10.064085684000077],[124.08632959600004,10.064494000000025],[124.08647261300007,10.064691112000048],[124.08634392700003,10.064916406000066],[124.08602931500002,10.064860106000026],[124.08585770400009,10.064747476000036],[124.08562890000007,10.064775652000037],[124.08505691000005,10.065099536000048],[124.08468512200011,10.06538116400003],[124.084527836,10.065648698000075],[124.08429903700005,10.065747273000056],[124.08392718900006,10.065141847000064],[124.08394146300009,10.064719441000022],[124.08402721900006,10.064015424000047],[124.0838841850001,10.063536704000057],[124.08385555000007,10.063015734000032],[124.08375542100009,10.062607409000066],[124.08371248000003,10.062001953000049],[124.0834836460001,10.061579550000033],[124.0829525900001,10.061688841000034],[124.08277673700002,10.060728998000059],[124.08275262300003,10.059680339000067],[124.08298508400003,10.058700786000031],[124.08336726000005,10.05767049700006],[124.08425943700001,10.056416309000042],[124.08516661500005,10.055467161000024],[124.08603980800001,10.055667441000026],[124.08636390800007,10.055898649000028],[124.0869733620001,10.056564410000021],[124.08745806700006,10.056622634000064],[124.08858609200001,10.056535717000031],[124.08905527400009,10.056390995000072],[124.0895863400001,10.056159864000051],[124.09016241900008,10.056130969000037],[124.09060804,10.056390873000055],[124.09100658800003,10.056477297000072],[124.09130125100012,10.056360694000034],[124.09146002500006,10.056043687000056],[124.09151137100002,10.055038700000068],[124.09117639500005,10.054868145000057],[124.09038939100003,10.054612947000066],[124.09032635300002,10.05440384600007],[124.09047384000007,10.054272426000068],[124.09080734000008,10.054271871000026],[124.09115721600006,10.054129708000062],[124.09142673800011,10.053874887000063],[124.09171850100006,10.05373339700003],[124.09196252800007,10.05398708000007],[124.09230261900007,10.054015123000056],[124.09251720500004,10.053648778000024],[124.092806687,10.053535698000076],[124.09315980100007,10.05322671600004],[124.09323674600012,10.052723280000066],[124.09310532500001,10.051833444000067],[124.0931842230001,10.05130857000006],[124.0933320260001,10.051030363000052],[124.09371735400009,10.050912910000022],[124.09402280900008,10.051085427000032],[124.09420518400009,10.051374441000064],[124.09397711800011,10.05175237900005],[124.09397209400004,10.052248009000039],[124.09429586500005,10.052654981000046],[124.09466571900009,10.052827549000028],[124.09515994800006,10.052882146000059],[124.09531516900006,10.052594329000044],[124.09524636600008,10.052245933000052],[124.09530549300007,10.051750795000032],[124.0956789600001,10.051779496000051],[124.09622693200004,10.052414941000052],[124.09600302400008,10.052879358000041],[124.09610101300007,10.05331422200004],[124.09663683200006,10.053664037000033],[124.09681899800012,10.053432170000065],[124.09727473700002,10.053636342000061],[124.09774176300004,10.053689888000065],[124.09835093800007,10.053633726000044],[124.09865665400002,10.053224553000064],[124.09896110600005,10.052901009000038],[124.09906276200002,10.052466314000071],[124.09922455200001,10.05203033600003],[124.09971970600009,10.051885662000075],[124.09990200900006,10.051597479000066],[124.09959680000009,10.05125289800003],[124.09936497900003,10.050563397000076],[124.09941208600003,10.050105398000028],[124.09965615800002,10.04970643300004],[124.1000489810001,10.049877706000075],[124.10055743300006,10.049826021000058],[124.10108367800001,10.049706306000076],[124.10121223400006,10.049279649000027],[124.1011500730001,10.04865533900005],[124.10128507900004,10.048008414000037],[124.10175428000002,10.047559191000062],[124.10196928300002,10.047029174000045],[124.10212841300006,10.045788299000037],[124.10261740900012,10.045049349000067],[124.10304440700008,10.044951354000034],[124.10354740600008,10.044719369000063],[124.10405139900001,10.043303466000054],[124.10530239600007,10.043123474000026],[124.10574867800005,10.042131341000072],[124.10607410600005,10.041885962000038],[124.10624500300003,10.041565063000064],[124.10632085400005,10.041182148000075],[124.10663465700009,10.041149110000049],[124.10709626700009,10.041200232000051],[124.10759213400001,10.041063794000024],[124.1083682630001,10.040953448000039],[124.10930759100006,10.040495941000074],[124.11061872000005,10.040122774000054],[124.11209612100004,10.040043542000035],[124.11311378700009,10.039911911000047],[124.11379773500005,10.039546080000036],[124.11390703600011,10.040205153000045],[124.11581502700005,10.04072551400003],[124.11672093700008,10.041126280000071],[124.11752641600003,10.040771777000032],[124.11842357100011,10.040310504000047],[124.11927840700002,10.039836536000053],[124.11989625900003,10.039519146000032],[124.12114042600001,10.038943613000072],[124.12196875000006,10.038392540000075],[124.1222555600001,10.038268349000077],[124.12319183000011,10.037684440000021],[124.12347078000005,10.037448410000025],[124.12387848000003,10.03719091000005],[124.12424326000007,10.037019250000071],[124.12488699000005,10.03665447000003],[124.12559509000005,10.036504270000023],[124.12683864400003,10.036578038000073],[124.1271400500001,10.03663301000006],[124.12791369800004,10.036654295000062],[124.12838255000008,10.03672707800007],[124.12990808000006,10.036847590000036],[124.13053036000008,10.036847590000036],[124.13132429000007,10.037040710000042],[124.13171685200007,10.037269738000077],[124.13210282800003,10.03723343400003],[124.13233280000009,10.037126540000031],[124.13263321000011,10.036847590000036],[124.13322827400009,10.03660861000003],[124.1333413100001,10.036439900000062],[124.1338992100001,10.035860540000044],[124.13434982000001,10.035667420000038],[124.13548489900006,10.035366607000071],[124.13615227000003,10.034723280000037],[124.13690329000008,10.033693310000046],[124.13710487000003,10.033515200000068],[124.13763285000005,10.033178330000055],[124.13804054000002,10.032749180000053],[124.13825512000005,10.03244877000003],[124.13904905000004,10.031611920000046],[124.13922071000002,10.03133297000005],[124.13926059000005,10.03074635400003],[124.13919926000005,10.03030300000006],[124.13975716000004,10.029594900000063],[124.14025068000001,10.02933741000004],[124.13857698000004,10.028436180000028],[124.13766125200004,10.029068410000036],[124.13125992000005,10.029423240000028],[124.13560286000006,10.02050622300004],[124.146598874,10.010160025000062],[124.15308515100003,10.005439931000069],[124.16230868500008,10.001349282000035],[124.16910510200012,9.998222137000027],[124.19285700400007,9.98720705200003],[124.1987999800001,9.984011253000062],[124.20513473800008,9.993352663000053],[124.20329959800006,10.004869718000066],[124.208772081,10.00992480900004],[124.21644637300005,10.021366083000032],[124.22519881000005,10.013932241000077],[124.23300110700006,10.023963766000065],[124.23211719900007,10.035640428000022],[124.23132918700003,10.045559409000077],[124.21899033500006,10.060569032000046],[124.18938637400004,10.072176069000022],[124.18181740200009,10.075538864000066],[124.17649962100006,10.077984873000048],[124.16207347800002,10.085158269000033],[124.15828849200011,10.086834167000063],[124.13822357200002,10.097200521000048],[124.13467494300005,10.099703162000026],[124.13441660500007,10.103410100000076],[124.13306697300004,10.106093789000056]]]]},"properties":{"psgc_code":701209000,"name":"Buenavista","corr_code":71209000,"geo_level":"Mun","city_class":"","inc_class":"","urb_rur":"4th","pop_2015":"","pop_2020":"","status":"","adm3_pcode":"PH0701209","adm3_en":"Buenavista","adm3_alt":"","adm2_pcode":"PH07012","adm1_pcode":"PH07","adm0_pcode":"PH","shape_len":0.555700930871,"shape_area":0.00900062976621,"shape_sqkm":109.135089826}},
{"type":"Feature","geometry":{"type":"Polygon","coordinates":[[[125.48430384700009,6.963546318000056],[125.48406349000004,6.9635379780000335],[125.48398708500008,6.9638307830000485],[125.48362844500002,6.963486932000023],[125.4833245000001,6.9634075000000735],[125.48258980000003,6.963566800000024],[125.48213580000004,6.962924200000032],[125.48202530000003,6.962565100000063],[125.4820423000001,6.962314700000036],[125.48179800000003,6.962072300000045],[125.48151900000005,6.961987700000066],[125.48129740000002,6.962160900000072],[125.48103050000009,6.962149400000044],[125.48072130000003,6.962041100000022],[125.48052540000003,6.962091100000066],[125.48031970000011,6.9619798000000515],[125.47975540000004,6.961923300000024],[125.47949890000007,6.961764600000038],[125.47928420000005,6.96152120000005],[125.47911470000008,6.9616243000000395],[125.47890070000005,6.961567100000025],[125.47862594700007,6.961860096000066],[125.47839571700001,6.961790329000053],[125.47816083500004,6.96198567700003],[125.47785851200001,6.961890329000028],[125.47740502800002,6.962067071000035],[125.47676317300011,6.962113582000029],[125.47648178000009,6.962064746000067],[125.47623527100006,6.962178698000059],[125.4757911580001,6.961469324000063],[125.47567899300009,6.961117874000024],[125.47553691700011,6.961087963000068],[125.4752079000001,6.961207606000073],[125.47535745300002,6.961626355000021],[125.47525749200008,6.962199788000021],[125.47491343900003,6.962095529000067],[125.47464236700011,6.962111168000035],[125.47413671300001,6.962345750000054],[125.47377180900003,6.962668951000069],[125.47324530300011,6.9627419320000286],[125.47313061900002,6.962882681000053],[125.4732974320001,6.963299715000062],[125.47304199900009,6.963508232000038],[125.4732400900001,6.963748026000076],[125.4730524250001,6.96385228500003],[125.47275528800003,6.963774091000062],[125.4724737900001,6.963591639000072],[125.47185866500001,6.963476954000043],[125.47139471500009,6.963273650000076],[125.47106108800006,6.963284076000036],[125.47066490600002,6.963539509000043],[125.4698151990001,6.963815794000027],[125.46945550700002,6.964123357000062],[125.46927305500003,6.964451771000029],[125.46924115600007,6.962374317000069],[125.46879185900002,6.9624192460000245],[125.46757875500009,6.960936564000065],[125.46659030000001,6.961430791000055],[125.46600621300001,6.961565581000059],[125.46537719600008,6.96161051100006],[125.46544459100005,6.96235185200004],[125.46459092600003,6.96235185200004],[125.46454599600008,6.961857624000061],[125.4627038750001,6.96284607900003],[125.46247922700002,6.961588046000031],[125.46041245700007,6.962486641000055],[125.44674208800006,6.964118122000059],[125.4355491550001,6.965454451000028],[125.43490005900003,6.9658547630000385],[125.42038274200002,6.970748257000025],[125.41939261000005,6.969497563000061],[125.41861092600004,6.9680905330000655],[125.40708348200008,6.968525369000076],[125.40640900300002,6.968560403000026],[125.378112912,6.970805314000074],[125.35492731300008,6.974747105000063],[125.31504680300009,6.979758995000054],[125.2724863730001,6.9851038540000445],[125.28701147400011,6.967584222000028],[125.2871841760001,6.967208833000029],[125.28756926400001,6.966906266000024],[125.28829833800012,6.966675848000023],[125.28853473700008,6.9663418060000595],[125.28938509000011,6.9658249250000495],[125.2895639080001,6.965359399000022],[125.28991864500006,6.965208002000054],[125.29036883300012,6.964891203000036],[125.29043552700011,6.964507711000067],[125.29036883300012,6.963690704000044],[125.290385506,6.9633238850000225],[125.29080234600008,6.962440185000048],[125.29096908200006,6.9619899980000355],[125.29101910300005,6.96137307500004],[125.29155265800011,6.9607561520000445],[125.29188613000008,6.960122555000055],[125.29208621300006,6.959472285000061],[125.29238633800003,6.959005424000054],[125.29314300300007,6.9588789650000535],[125.29358683700002,6.958638605000033],[125.29440384300005,6.958055029000036],[125.29527087000008,6.958005008000043],[125.29557099500005,6.958038355000042],[125.29602118200012,6.958305133000067],[125.29612122300011,6.958838688000071],[125.29627128600009,6.959138813000038],[125.29657141000007,6.959322222000026],[125.29798866600004,6.958855362000065],[125.29830546400001,6.958455195000056],[125.29898908200005,6.958071702000041],[125.29923918600002,6.957804925000062],[125.2995893310001,6.95772155700007],[125.30025627500004,6.957988335000039],[125.30093989300008,6.958088376000035],[125.30142342700003,6.958338480000066],[125.30205702400008,6.958438522000051],[125.30232380100006,6.958421848000057],[125.30260725200003,6.958538563000047],[125.3030907860001,6.958938730000057],[125.30364101500004,6.95898875000006],[125.30429128500009,6.958438522000051],[125.30504159700001,6.95783827200006],[125.30544176400008,6.958055029000036],[125.30559182600007,6.95835515400006],[125.30584193000004,6.959238854000034],[125.30614205500001,6.9595056320000594],[125.30670895700007,6.959355569000024],[125.30710912300003,6.959555653000052],[125.3075926570001,6.960055860000068],[125.3081311840001,6.960468621000075],[125.30905993400006,6.96073947800005],[125.31081066200011,6.960939561000032],[125.31161099400003,6.961189665000063],[125.3119471230001,6.960874587000035],[125.31212787600009,6.96050604800007],[125.31229461200007,6.959922472000073],[125.31264475700004,6.959722389000035],[125.3131949860001,6.959538979000058],[125.31337839500009,6.959355569000024],[125.31342841600008,6.95882201400002],[125.31364517300005,6.958538563000047],[125.31419540200011,6.9582717860000685],[125.31439548500009,6.958071702000041],[125.31449552600009,6.957671536000021],[125.31489569300004,6.957538147000037],[125.31517914400001,6.957571495000025],[125.31606284400004,6.957971661000045],[125.31660934800004,6.957970590000059],[125.31707993400005,6.957688210000072],[125.31717997500004,6.957288043000062],[125.31716330200004,6.9569045510000365],[125.31724667000003,6.956654447000062],[125.31753012100012,6.956337648000044],[125.3177968980001,6.955937482000024],[125.3177468780001,6.955654031000051],[125.31724667000003,6.954570247000049],[125.31701323900006,6.953836609000064],[125.31702991300006,6.953136318000077],[125.31722999600004,6.952452701000027],[125.31763016200011,6.951702389000047],[125.31809702300006,6.951252202000035],[125.31814704400006,6.950918730000069],[125.31826375900005,6.950701973000037],[125.31863057800001,6.950451869000062],[125.31879731400011,6.950651952000044],[125.31906409200008,6.950768667000034],[125.31943091100004,6.950718647000031],[125.31988109800011,6.950535237000054],[125.32079814600002,6.950018355000054],[125.32173186700004,6.950185091000037],[125.3219838980001,6.9501737080000225],[125.32258222100006,6.949918314000058],[125.3233158590001,6.9497349040000245],[125.32399947600004,6.949618189000034],[125.32419955900002,6.949684884000021],[125.3244329900001,6.950135071000034],[125.3245830520001,6.950701973000037],[125.32476646200007,6.950952077000068],[125.32508326000004,6.951018771000065],[125.3256334890001,6.95151897900007],[125.32610034900006,6.951485632000072],[125.32645049500002,6.951068792000058],[125.32691735600008,6.950902056000075],[125.32730084800005,6.951035445000059],[125.32756762600002,6.951218854000047],[125.32778438300011,6.951218854000047],[125.32888484000011,6.950535237000054],[125.3290515760001,6.950218439000025],[125.32931835300008,6.949985008000056],[125.3303863640001,6.949870916000066],[125.33065224100005,6.949701557000026],[125.33121914300011,6.949651536000033],[125.33176937200005,6.9504018480000695],[125.33201947600003,6.950568584000052],[125.33251968400009,6.950668626000038],[125.33321997500002,6.950902056000075],[125.33359201100006,6.951470689000075],[125.33393694000006,6.952252617000056],[125.3346372310001,6.953036276000034],[125.33498737600007,6.953152992000071],[125.33533752200003,6.953002929000036],[125.33553760500001,6.952285965000044],[125.3357543620001,6.952119229000061],[125.33607116000007,6.95203586100007],[125.33661912900004,6.952074334000031],[125.33704777800006,6.951990457000022],[125.33718829100007,6.951769083000045],[125.33738837400006,6.950818688000027],[125.33773852000002,6.950818688000027],[125.33833464200006,6.951157780000074],[125.33937253200008,6.951035445000059],[125.34015619100012,6.951485632000072],[125.34068127700004,6.951687666000055],[125.3414567320001,6.95175241000004],[125.34212367500004,6.951619021000056],[125.3424238,6.951702389000047],[125.34304597100004,6.952761231000068],[125.34337419500002,6.952969582000037],[125.34389107700008,6.95301960300003],[125.34445797900003,6.953353075000052],[125.34522315000004,6.9535044150000545],[125.34572517200002,6.953436443000044],[125.3460252970001,6.953519811000035],[125.34634209500007,6.95381993500007],[125.34655885200004,6.954220102000022],[125.34744255300006,6.9545369000000505],[125.34800945500001,6.9545202260000565],[125.34845964200008,6.954703636000033],[125.34892650300003,6.955103802000053],[125.34912658600001,6.955103802000053],[125.34922662700001,6.9549370660000704],[125.3495704720001,6.954966690000049],[125.34996026600004,6.954736983000032],[125.35026039000002,6.954336817000069],[125.35071057800008,6.954220102000022],[125.35124113200004,6.954450639000072],[125.35164419900002,6.954458590000058],[125.35226122200004,6.954370164000068],[125.35307822800007,6.954486879000058],[125.35367930600012,6.9546431260000645],[125.35411765200001,6.95467773200005],[125.35437876900005,6.954620268000042],[125.3550457130001,6.954136734000031],[125.35547922600006,6.953886630000056],[125.3560794760001,6.953703220000023],[125.35689648200002,6.9540200190000405],[125.35738001600009,6.954486879000058],[125.35768065800005,6.955031976000043],[125.35789689800004,6.95505378200005],[125.35814927700005,6.954951544000039],[125.3583804320001,6.954720310000027],[125.35869723000008,6.953986671000052],[125.35886396600006,6.953736567000021],[125.35906404900004,6.95365319900003],[125.35824045900006,6.951833591000025],[125.35823204500002,6.950146582000059],[125.35742409400007,6.949347247000048],[125.35668373500005,6.945976826000049],[125.35580040100001,6.9461820580000335],[125.35531723700001,6.946023788000048],[125.35459289100004,6.945866716000069],[125.35418892300004,6.945467043000065],[125.35418212900004,6.944101365000051],[125.35386175300005,6.944343964000041],[125.3528982250001,6.944589757000074],[125.35281663300009,6.944349154000065],[125.3528958280001,6.944107752000036],[125.3533745960001,6.943382351000025],[125.35304942800008,6.942660941000042],[125.35352859400007,6.942015874000049],[125.35272146600005,6.941377191000072],[125.35303765000003,6.940291086000059],[125.35222533900003,6.938608057000067],[125.3508586580001,6.938614832000042],[125.35027199900003,6.93379756500002],[125.3519550530001,6.9327448590000245],[125.35275060100003,6.931053859000031],[125.35363291500005,6.930647807000071],[125.35427325500007,6.930082280000022],[125.3546744140001,6.929919620000021],[125.3561178650001,6.929189438000037],[125.35716175100004,6.928943251000021],[125.35819964600012,6.927492055000073],[125.35832882700004,6.921976442000073],[125.35832882700004,6.917528090000076],[125.35748152200006,6.91295264300004],[125.3563210310001,6.905235062000031],[125.35460068500004,6.901598756000055],[125.35438828300005,6.901284147000069],[125.35324499700005,6.89990414600004],[125.35211428200012,6.897403180000026],[125.35290607500008,6.893634089000045],[125.35409230200003,6.89193947900003],[125.35452615100007,6.887694967000073],[125.35544799000002,6.883805351000035],[125.35460068500004,6.877365833000056],[125.3544187440001,6.873848663000047],[125.35437463800008,6.872400445000039],[125.35386924700003,6.871052734000045],[125.35304798600009,6.869304922000026],[125.35262682600012,6.867262298000071],[125.35373436300006,6.8612035020000235],[125.35113300000012,6.858100000000036],[125.35002900000006,6.854334000000051],[125.35065578000001,6.849464136000051],[125.35085851000008,6.847031385000037],[125.34903792400007,6.846396994000031],[125.34884710900008,6.844679666000047],[125.34903792400007,6.843025943000043],[125.34961036600009,6.841563035000036],[125.35036767200006,6.840730759000053],[125.35113687900002,6.839591288000065],[125.35239004400012,6.8389898020000714],[125.35285062900005,6.837930456000038],[125.35352950100003,6.832178326000076],[125.35446840600002,6.829527298000073],[125.35618052900008,6.826931500000057],[125.35651190700003,6.824501391000069],[125.35562823100008,6.822236971000052],[125.35674816800008,6.8167937720000396],[125.35728819200006,6.815198246000023],[125.3574600180001,6.812522672000057],[125.35841733400002,6.810779866000075],[125.35893281100005,6.80967527100006],[125.3598164870001,6.807588814000042],[125.36101926900005,6.805355077000058],[125.36202567700002,6.803906830000074],[125.36273752800003,6.802949515000023],[125.36362538200001,6.8014971170000535],[125.36389572400003,6.800212111000064],[125.36421446300005,6.798895604000052],[125.36507286800008,6.796938442000055],[125.36644631500008,6.795049952000056],[125.3675794080001,6.792749428000036],[125.36843781300001,6.791238637000049],[125.37017070500008,6.789536596000062],[125.37148988800004,6.788274270000045],[125.37159647900012,6.788143138000066],[125.37207765500011,6.788347513000076],[125.37225988900002,6.788374625000074],[125.37266202100011,6.787942618000045],[125.37296620200004,6.788379205000069],[125.37349155000004,6.788390635000042],[125.37400103700008,6.788024087000053],[125.37419875400008,6.788352166000038],[125.37475211600008,6.78836345600007],[125.37496775500006,6.7880613570000605],[125.37500061000003,6.787620133000075],[125.37529404500003,6.787471674000074],[125.37588733300004,6.787055708000025],[125.3760751960001,6.786802751000039],[125.37599582000007,6.786327073000052],[125.37614787500002,6.785913269000048],[125.37657959500007,6.785400081000034],[125.37682431100006,6.785314870000036],[125.37698343700004,6.784915033000061],[125.37735243200007,6.784465161000071],[125.37758162900002,6.784071982000057],[125.37773375100005,6.783672180000053],[125.37798385500002,6.783257896000066],[125.37827769700004,6.783193446000041],[125.37863902900006,6.782847460000028],[125.37881530800007,6.782613229000049],[125.37952583200001,6.782777767000027],[125.37993460200005,6.782346369000038],[125.3798951870001,6.781926504000069],[125.3799507120001,6.78182355000007],[125.38039921600011,6.781877358000031],[125.38062259800006,6.781726907000063],[125.38310555300006,6.781012329000021],[125.38326227800007,6.780915247000053],[125.38391060700008,6.780759991000025],[125.38431550700011,6.780600862000028],[125.38483131900011,6.780309392000049],[125.38551889100006,6.780214152000042],[125.3865485770001,6.778940448000071],[125.38673326100002,6.779211918000044],[125.38691657300001,6.77916761900002],[125.38697797700002,6.779482164000058],[125.38722182300012,6.779640561000065],[125.38752341800011,6.779583535000029],[125.38765327100009,6.7797223850000705],[125.38814409000008,6.779592836000063],[125.38849954500006,6.779660005000039],[125.38866254700008,6.779770877000033],[125.3888672700001,6.779762482000024],[125.38908536800011,6.779928166000047],[125.38931688000002,6.780237639000063],[125.3895607710001,6.780324215000064],[125.3898486170001,6.780694444000062],[125.39008904400009,6.780690535000076],[125.39021886400008,6.78088537900004],[125.39066035700012,6.7812111010000535],[125.39129096200008,6.781920458000059],[125.39115604900007,6.782303978000073],[125.39108169400004,6.782862181000041],[125.39093983500004,6.783068275000062],[125.39044153700002,6.784243911000033],[125.3902106590001,6.7852314660000275],[125.39016851000008,6.785275412000033],[125.3902149380001,6.786317502000031],[125.39034570600006,6.7864274890000615],[125.3906689160001,6.786252684000033],[125.3908820470001,6.786405131000038],[125.39090804300008,6.786588792000032],[125.39112333800006,6.7867617660000406],[125.39101154700006,6.787107336000076],[125.39130096800011,6.7870372950000615],[125.39126158700003,6.787387276000061],[125.39111139200008,6.787495211000021],[125.39120564600012,6.788128667000024],[125.39110759500011,6.788355462000027],[125.39093789800006,6.7883337530000745],[125.39075607600012,6.788568059000056],[125.39082345400004,6.7886815280000405],[125.39110086400001,6.788684938000074],[125.39124640200009,6.788804009000046],[125.39127961600002,6.789039387000059],[125.39149089400007,6.789417022000066],[125.3914423120001,6.789734096000075],[125.39122518500005,6.7898698660000605],[125.3916279120001,6.790444904000026],[125.39147923100006,6.790644907000058],[125.39143126800002,6.79092608600007],[125.3914540930001,6.7914132060000725],[125.39187489300002,6.7915817910000555],[125.39181740300012,6.791846518000057],[125.39200652200009,6.792551270000047],[125.3923731320001,6.792567379000047],[125.39252890800003,6.792778339000051],[125.39222189000009,6.793409607000058],[125.39221230500004,6.793817334000039],[125.39193122600011,6.793940201000055],[125.3916936810001,6.794330578000029],[125.3912910570001,6.79434092200006],[125.39092592500003,6.794086527000047],[125.39094543100009,6.793787726000062],[125.39076025500003,6.793571832000055],[125.39063223100004,6.793635296000048],[125.39058263400011,6.794069474000025],[125.39020225800004,6.794360945000051],[125.39002227100002,6.794375396000021],[125.38994430200012,6.794823140000062],[125.38963191700009,6.795003429000076],[125.38944406900009,6.794872394000038],[125.38924369200004,6.794993413000043],[125.38928716500004,6.795223169000053],[125.38907929700008,6.795414613000048],[125.38876601100003,6.795541528000058],[125.38886582400005,6.7957352160000255],[125.38889286900007,6.796111765000035],[125.38979905300005,6.797195025000065],[125.39013403800004,6.797530846000029],[125.39019081300012,6.797750712000038],[125.39000230700003,6.797789271000056],[125.38953579000008,6.797118300000022],[125.38879708800005,6.796230372000025],[125.3888568220001,6.7965815850000695],[125.3887174460001,6.796616133000043],[125.3886140730001,6.796887926000068],[125.38837663400011,6.7972202280000715],[125.3880056800001,6.79764143400007],[125.38787004400001,6.797652508000056],[125.38759510800003,6.797476962000076],[125.38757898900008,6.797311389000072],[125.38741856400009,6.797039505000043],[125.38716044000012,6.797214835000034],[125.38697411800001,6.797093128000029],[125.38673686800007,6.797262571000033],[125.38635496400002,6.797411260000047],[125.38619014000005,6.797605791000024],[125.3857937350001,6.79823586200007],[125.38562294000008,6.798291837000022],[125.38536457800001,6.798207697000066],[125.38517888600006,6.798390479000034],[125.38523338800007,6.798508616000049],[125.3850046120001,6.798751839000033],[125.38454947000002,6.799051865000024],[125.38422853200007,6.799551628000074],[125.38399838100008,6.799482243000057],[125.38373250900008,6.799638454000046],[125.38361348100011,6.800197302000072],[125.38367763100007,6.800746318000051],[125.38361966500008,6.800889330000075],[125.3839224840001,6.801233008000054],[125.38418237000008,6.801206557000057],[125.38417035900011,6.8015766680000525],[125.38399655900002,6.801727012000072],[125.38361343600002,6.8016988600000445],[125.38349318400003,6.801605921000032],[125.38314571100011,6.801549765000061],[125.38299864600003,6.801683899000068],[125.3825954570001,6.801466040000037],[125.38253739200002,6.801883320000059],[125.38243037300003,6.802159024000048],[125.3819491050001,6.802500952000059],[125.38207946300008,6.802956298000026],[125.38189198100008,6.803459933000056],[125.38169629600009,6.803603004000024],[125.38153242900012,6.8035425020000275],[125.38138720500001,6.803723783000066],[125.38124674400001,6.8036834360000285],[125.38116081300006,6.803918983000074],[125.38089856400006,6.803993283000068],[125.38049232700007,6.803876297000045],[125.38032122900006,6.803766211000038],[125.38004018300012,6.803804393000064],[125.37970005000011,6.804229847000045],[125.37933014900011,6.804390263000073],[125.37913237500004,6.804589527000076],[125.37904860600008,6.804941349000046],[125.379320817,6.804982217000031],[125.37940588600009,6.8052527530000475],[125.37930089200006,6.8054188270000395],[125.37940880000008,6.80561517700005],[125.37935247900009,6.805760126000052],[125.3797098230001,6.805896367000059],[125.37988617300005,6.8060806600000205],[125.37976902800006,6.806198406000021],[125.37975522400006,6.806533643000023],[125.37983312400002,6.806746859000043],[125.38012050100008,6.80691004800002],[125.38026036100007,6.807067146000065],[125.38051281700007,6.807067233000055],[125.38071125500005,6.807244336000053],[125.38102600700006,6.807407534000049],[125.38113748900003,6.807597716000032],[125.38146953300009,6.807587240000032],[125.3816249460001,6.807428491000053],[125.38219160800008,6.807259291000037],[125.38234409800009,6.807129135000025],[125.38261218800005,6.8070687290000365],[125.3828894620001,6.806870698000068],[125.38293522000004,6.80667863900004],[125.38350020400003,6.806254591000027],[125.3835551310001,6.805970280000054],[125.38395340000011,6.805715338000027],[125.38415440400001,6.805859081000051],[125.38462647100005,6.8059057940000685],[125.3851678960001,6.805896221000069],[125.38571048400001,6.805826839000076],[125.38560377600004,6.805517658000042],[125.38591200400003,6.8056262620000325],[125.38624502100004,6.8053578410000455],[125.3864563520001,6.805408681000074],[125.38667345600004,6.80517971200004],[125.38680293900006,6.805343353000069],[125.38695249900002,6.80523960000005],[125.38716383700012,6.805270132000032],[125.38744565700006,6.8052047820000325],[125.38752186400006,6.8053390710000485],[125.38780259400005,6.805123661000039],[125.38809010200009,6.805033491000074],[125.3884485530001,6.805046283000024],[125.38860758700002,6.8051873670000305],[125.38896333500008,6.804900899000074],[125.38912632000006,6.804470188000039],[125.38925125700007,6.80447007500004],[125.38955576300009,6.804251577000059],[125.38986774400007,6.804255427000044],[125.38999806400011,6.803925163000031],[125.39034521100007,6.8041014040000505],[125.39060447200006,6.803755479000074],[125.39034164100008,6.803485581000075],[125.39051079300009,6.8031567520000635],[125.39064035100012,6.803200513000036],[125.39076747800004,6.802989452000077],[125.3911347930001,6.803042035000033],[125.39123800300001,6.802875934000042],[125.39150522700004,6.802727790000063],[125.39173545200003,6.802685395000026],[125.3919617680001,6.803057709000029],[125.39179188500009,6.803222539000046],[125.39191511500007,6.803387465000071],[125.39167804500005,6.803590668000027],[125.39189940800009,6.803721899000038],[125.39195720900011,6.803925525000068],[125.39212990900012,6.803911036000045],[125.3921914770001,6.804134650000037],[125.39262548300007,6.804137289000039],[125.39269839200006,6.804304696000031],[125.39289460500004,6.804408437000063],[125.393168048,6.804337978000035],[125.39324334100002,6.804910104000044],[125.39344957000003,6.805164994000052],[125.39377902500007,6.805282962000035],[125.39371353400009,6.805516529000045],[125.39421517900007,6.80574038900005],[125.39452088400003,6.805703012000038],[125.39472967000006,6.805835486000035],[125.39486420000003,6.806072864000043],[125.3950889780001,6.806848937000041],[125.39474390800001,6.807012619000034],[125.3945361420001,6.807012753000038],[125.39417593300004,6.807380982000041],[125.39397943500012,6.807195209000042],[125.39370663300008,6.8072022190000325],[125.39329098600001,6.8070790740000575],[125.39319305200002,6.80688230100003],[125.3932831300001,6.806668141000046],[125.3932009240001,6.806535595000071],[125.39296033000005,6.806703479000021],[125.39286397800004,6.807119498000077],[125.39204920300006,6.807257919000051],[125.39271454100003,6.80774008700007],[125.39240019700003,6.807946849000075],[125.39245637900001,6.808285052000031],[125.39275752800006,6.808375986000044],[125.39305310500004,6.808296428000062],[125.39358531000005,6.808508122000035],[125.39398215400001,6.80862563900007],[125.39453494800011,6.808605071000045],[125.3949288870001,6.809006272000033],[125.39509834700004,6.809272987000043],[125.39501809100011,6.809379168000021],[125.39526573000012,6.809565110000051],[125.39535571900001,6.809819477000076],[125.39524728800006,6.81000670100002],[125.39494772800003,6.8102578320000475],[125.394764785,6.810206066000035],[125.39468908300012,6.810529425000027],[125.394784146,6.810727306000047],[125.39475190400003,6.811042581000038],[125.39464260900002,6.811117856000067],[125.3947170350001,6.811525952000068],[125.39486601500005,6.811954890000038],[125.39512691900006,6.812134469000057],[125.39535819100001,6.812512376000029],[125.39566536400002,6.812639223000076],[125.39602773000001,6.813112907000061],[125.3960619390001,6.813507668000057],[125.39603865200002,6.813956973000074],[125.39630109000007,6.814075302000049],[125.39655946900007,6.813863707000053],[125.39671976000011,6.81381895100003],[125.39698111100006,6.814038438000068],[125.39715892700008,6.813725121000061],[125.39697380600012,6.813562827000055],[125.39696141900004,6.813374322000072],[125.39741887700006,6.813467173000049],[125.39773640700002,6.813194911000039],[125.39785903200004,6.812818287000027],[125.39800829,6.813206153000067],[125.39864043600005,6.813887686000044],[125.39919128200006,6.814767166000024],[125.39931397100008,6.815037645000075],[125.39976491300001,6.815690962000076],[125.40007671800004,6.815927871000042],[125.40029629300011,6.816258579000021],[125.40098189800005,6.816927242000077],[125.40252638800007,6.8181351590000645],[125.40295567200008,6.818589776000067],[125.40319715100009,6.818700827000043],[125.40357928900005,6.819011741000054],[125.40426366400004,6.819747292000045],[125.40487595400009,6.820256835000066],[125.40586438800005,6.820957493000037],[125.4063173400001,6.821179401000052],[125.40664852100008,6.821284596000055],[125.40688587500006,6.821290963000024],[125.40705067500005,6.821082799000067],[125.40749015500012,6.821034109000038],[125.4082217990001,6.821272709000027],[125.4088563250001,6.821602741000049],[125.40909461800004,6.821826162000036],[125.40938134500004,6.822201328000062],[125.40950194000004,6.822457257000053],[125.40952868300008,6.822716120000052],[125.40947938700003,6.8231952180000235],[125.40933039800007,6.823254344000077],[125.409184503,6.823540890000061],[125.40918171100009,6.823873228000025],[125.40932458400005,6.824542862000044],[125.40947278700003,6.825458175000051],[125.40976072600006,6.826427928000044],[125.40998460700007,6.826997522000056],[125.41006286900006,6.827068824000037],[125.41032319300007,6.827635747000045],[125.41055308000011,6.828242780000039],[125.41136798000002,6.829490189000069],[125.41183295400003,6.830056869000032],[125.41220661300008,6.830417976000035],[125.4125817360001,6.830715574000067],[125.4131040740001,6.830697057000066],[125.4134987430001,6.830912572000045],[125.41371825700003,6.831304045000024],[125.41395924200003,6.831486236000046],[125.41430945800005,6.831359895000048],[125.41439125800002,6.831588704000069],[125.41498525200006,6.831961596000042],[125.41590079900004,6.8322794310000745],[125.41627678900011,6.832302330000061],[125.41668477100006,6.832204101000059],[125.41703548300006,6.832292988000063],[125.41727165200007,6.832230616000061],[125.41755910200004,6.832297287000074],[125.41800493300002,6.832011593000061],[125.4182704000001,6.8321323670000424],[125.41866743600008,6.832396827000025],[125.41911439000012,6.8329198490000636],[125.4193415100001,6.8332973330000755],[125.41937118700002,6.833513504000052],[125.41923821700004,6.83377880200004],[125.41912946000002,6.8343548440000745],[125.41920644400011,6.835063457000047],[125.41898095400006,6.835131965000073],[125.41890003200001,6.835534676000066],[125.41829919100007,6.835690470000031],[125.41833538300011,6.836426378000056],[125.41847093400008,6.837054736000027],[125.4186828070001,6.837382221000041],[125.41883670900006,6.837810731000047],[125.41912147300002,6.838137628000027],[125.41960198000004,6.83851317400007],[125.41993182100009,6.838664971000071],[125.42047916800004,6.838832547000038],[125.42085892400007,6.838832728000057],[125.4210456510001,6.838291093000066],[125.42118172000005,6.838164704000064],[125.42156698500003,6.838121581000053],[125.42234977600003,6.838135537000028],[125.42251402700003,6.838444615000071],[125.42285894200006,6.838725645000068],[125.42286532600008,6.839288284000077],[125.4229925940001,6.839529061000064],[125.42296533700005,6.839718150000067],[125.42275238900004,6.840148009000075],[125.42243399500012,6.840281705000052],[125.4223056510001,6.840111727000021],[125.42161536300011,6.839764673000047],[125.42144609000002,6.839605991000042],[125.42108585400001,6.839630299000021],[125.420776681,6.839819824000074],[125.42055416400001,6.84018321700006],[125.42019481300008,6.840550485000051],[125.41997040700005,6.840636496000059],[125.41969074600001,6.841269491000048],[125.41968588400005,6.841600116000052],[125.41949370000009,6.841691313000069],[125.41909027700001,6.841722018000041],[125.41906514700008,6.841970868000033],[125.41941785000006,6.842239354000071],[125.41897569500009,6.842684511000073],[125.4180947000001,6.842875237000044],[125.41826302700008,6.843241290000037],[125.41831893000005,6.843666516000042],[125.41810463100012,6.84369509000004],[125.41806457300004,6.843948929000021],[125.41828146600005,6.843964629000027],[125.418619465,6.8442125570000485],[125.41863393100004,6.844477392000044],[125.41848123400007,6.84455194100002],[125.41860837400009,6.844874402000073],[125.418284803,6.8450246980000315],[125.41800729200008,6.845331696000073],[125.41801956200004,6.845707350000055],[125.41852636500005,6.846255643000063],[125.41838586600011,6.846378089000041],[125.4184285560001,6.846591540000077],[125.41870198900006,6.847189810000032],[125.41891327400003,6.847499552000045],[125.4190982880001,6.847619837000025],[125.4191580590001,6.847969746000047],[125.41888455700007,6.8480120120000265],[125.41906547000008,6.84820389500004],[125.41916755900002,6.848058022000032],[125.41958389000001,6.848148649000052],[125.41940685700001,6.848683571000038],[125.41968039700009,6.84850397200006],[125.41979302800007,6.848636509000073],[125.41958071300007,6.8488350390000505],[125.41953712800012,6.848994437000044],[125.4201098960001,6.849222902000065],[125.42026097600001,6.849048673000027],[125.42047518200002,6.849183861000029],[125.42081266800005,6.849016437000046],[125.42085472800011,6.849452801000041],[125.42113622900001,6.849803980000047],[125.42104719700001,6.850096944000029],[125.4212645670001,6.850343729000031],[125.42181394600004,6.85057826000002],[125.42201171800002,6.850570809000033],[125.42219292400011,6.850773086000061],[125.42284154700008,6.851194742000075],[125.42322573000001,6.851277390000064],[125.4234184930001,6.851159877000043],[125.42370945300001,6.85125750800006],[125.42396643300003,6.851241317000074],[125.42397518300004,6.851492708000023],[125.42427494800006,6.851877445000071],[125.42463896600009,6.851995105000071],[125.42485185100008,6.85200016400006],[125.4254853330001,6.852142109000056],[125.42587965500002,6.852322525000034],[125.42635558500001,6.852851478000048],[125.42711217400006,6.853940344000023],[125.42746757800012,6.854516873000023],[125.42791680700009,6.855033338000055],[125.42829690500002,6.855353566000076],[125.42850742000007,6.855451898000069],[125.4292425970001,6.856015233000051],[125.42992356900004,6.856380674000036],[125.43012464700007,6.856524243000024],[125.43116364200012,6.857136393000076],[125.43210460500006,6.857894774000044],[125.43262927600006,6.858345735000057],[125.43307623200008,6.858660425000039],[125.43322862700006,6.85871194200007],[125.43363249700008,6.858432807000042],[125.43392004400005,6.858368919000043],[125.43410069900006,6.858510920000072],[125.43417048000003,6.858800405000068],[125.43408244600005,6.858986020000032],[125.43413420900004,6.859334793000073],[125.43433212200011,6.859579757000063],[125.43482382800005,6.859916829000042],[125.43508149800005,6.85995433100004],[125.43554332700012,6.85989089900005],[125.43574125600003,6.860075023000036],[125.43592664700009,6.8601249860000735],[125.4361166970001,6.860398026000041],[125.43637913500004,6.860210893000044],[125.43657720600004,6.860470320000047],[125.43679089800003,6.860916809000059],[125.43737954700009,6.861724646000027],[125.43747691600004,6.861918106000076],[125.43750668400003,6.8622722250000265],[125.43768294400002,6.862629584000047],[125.43770489300005,6.862829265000073],[125.43764192600008,6.863322199000038],[125.43746272300007,6.863666463000072],[125.4374170850001,6.863967453000043],[125.4374641060001,6.864449494000041],[125.43794763400001,6.865290332000029],[125.4379006690001,6.865392028000031],[125.43848654100009,6.866231430000028],[125.43874101600011,6.866506044000062],[125.43900746000008,6.866880618000039],[125.43947244700007,6.867308159000061],[125.44020300500006,6.867598483000052],[125.44071806700003,6.867850684000075],[125.44122770600006,6.868014788000039],[125.44155913600002,6.868487190000053],[125.44200854700011,6.868910146000076],[125.44227750100004,6.869096450000029],[125.44260896000003,6.869233339000061],[125.44314221500008,6.869320137000045],[125.44372958300005,6.869152051000071],[125.44423273600012,6.868788714000061],[125.44455367800003,6.868640024000058],[125.44487459600009,6.868593241000042],[125.44532592300004,6.868355558000076],[125.44579786200006,6.868285380000032],[125.44632995000006,6.868315950000067],[125.44693196100002,6.86848709700007],[125.44754864800007,6.868709048000028],[125.4479881310001,6.868807405000041],[125.44833140900005,6.869037063000064],[125.44882334400006,6.8692526940000675],[125.45000641800004,6.869443978000049],[125.45035680100011,6.8695424440000465],[125.45078766900008,6.8695914620000735],[125.45126544700008,6.869814116000043],[125.45158984200009,6.870070706000035],[125.45193417200005,6.870429259000048],[125.45206154100003,6.870676438000032],[125.45214758500003,6.871196500000053],[125.4523008760001,6.871610015000044],[125.45265420900012,6.872138441000061],[125.45295033900004,6.872886212000026],[125.45301399300001,6.873157977000062],[125.452933701,6.87347070900006],[125.45318645100008,6.873723770000026],[125.45335863700006,6.874054124000054],[125.45369006500005,6.874560211000073],[125.453960273,6.875242630000059],[125.45396127100003,6.875383432000035],[125.45438470800002,6.875983245000043],[125.45478132800008,6.876342764000071],[125.45503434000011,6.876374412000075],[125.45521571100005,6.876567191000049],[125.45548130100008,6.877160383000046],[125.45546415900003,6.877526405000026],[125.45555112700004,6.877928032000057],[125.45572474700009,6.8784408060000715],[125.45589967900003,6.8787120970000615],[125.45634316900009,6.879276030000028],[125.45649513700005,6.879386471000032],[125.45617122500005,6.879567752000071],[125.45626477600001,6.8799761780000495],[125.45688505800001,6.881032933000029],[125.45716281300008,6.881406445000039],[125.45737763500006,6.881775272000027],[125.45751261300006,6.882284540000057],[125.45741280900006,6.882441484000026],[125.45714569100005,6.882613633000062],[125.45714256400004,6.882903175000024],[125.45703725800001,6.883214585000076],[125.45651524200002,6.883851477000064],[125.45623696200005,6.88434266400003],[125.45607268700007,6.884749652000039],[125.45596406800007,6.8853396600000565],[125.45593640700008,6.885991640000043],[125.45601561100011,6.886719496000069],[125.45611432300007,6.887069997000026],[125.45610778100001,6.887388322000049],[125.45592468100006,6.88792216500002],[125.45591816600006,6.888110266000069],[125.4557690690001,6.888664672000061],[125.45570904700003,6.889180736000071],[125.45574458600004,6.889615225000057],[125.45583523000005,6.889825854000037],[125.45581407600002,6.890325847000042],[125.45603310900003,6.890950278000048],[125.45598117000009,6.891535475000069],[125.45561576400007,6.891924262000032],[125.45552508800006,6.893004178000069],[125.45542748800005,6.893394446000059],[125.45551749600008,6.894171737000022],[125.45563166900001,6.894710296000028],[125.45594370100002,6.895370503000038],[125.45649818900006,6.896185982000077],[125.45745530300007,6.897186881000039],[125.458257591,6.897778384000048],[125.45853794700008,6.8978692030000275],[125.45886069100004,6.8982129780000605],[125.45955523000009,6.898716537000041],[125.45986256200001,6.898851891000049],[125.46007566500009,6.899170944000048],[125.46044425900004,6.899527583000065],[125.46133307200012,6.900094693000028],[125.46232822800005,6.900507996000044],[125.46285884500003,6.90066818300005],[125.4635961460001,6.900811260000069],[125.46388095100008,6.900816024000051],[125.46410073800007,6.900718834000031],[125.46416807100002,6.900522427000055],[125.46443726200005,6.900505105000036],[125.46473066100009,6.900589338000032],[125.46481138800004,6.900749695000059],[125.46503045600002,6.900889305000021],[125.46577286900003,6.900942949000068],[125.46608290100005,6.9008718610000415],[125.46637426100006,6.900672402000055],[125.46640392300003,6.900327515000072],[125.46660797900006,6.900479118000021],[125.4665425180001,6.9006461390000595],[125.46663284600004,6.900807001000032],[125.46709530500004,6.90106531400005],[125.4679162430001,6.9014582950000545],[125.46869360500011,6.901957982000056],[125.4688104280001,6.902070904000027],[125.46924222000007,6.902297641000075],[125.46931055100004,6.90208044600007],[125.46955463300003,6.902104343000076],[125.46978350600011,6.9023140550000335],[125.47010045500008,6.902709912000034],[125.46988283700011,6.902686026000026],[125.46967050600006,6.902777939000032],[125.46987537100006,6.903008047000071],[125.47031340700005,6.903212943000028],[125.47039158400003,6.903053797000041],[125.47075322100011,6.903058915000031],[125.47096031100011,6.903325262000067],[125.47133722500007,6.903338810000037],[125.47154942500003,6.903507397000055],[125.47211179900012,6.90383141600006],[125.47230196500004,6.903780882000035],[125.47244284400006,6.904030363000061],[125.47267544200008,6.904057370000032],[125.4731779440001,6.904386129000045],[125.47373982900001,6.904631162000044],[125.47405047000007,6.9050121400000535],[125.47427456600008,6.9051200500000505],[125.47469730900002,6.905648834000033],[125.47514363900007,6.906551811000043],[125.47560308300001,6.907172412000023],[125.47585638100009,6.907584940000049],[125.47620022400008,6.908005195000044],[125.47661461900009,6.908399201000066],[125.47717090900005,6.908811248000063],[125.47759288800012,6.909045176000063],[125.47895969400008,6.909919387000059],[125.47917131600002,6.910026971000036],[125.47977481500004,6.9105084670000565],[125.48008917200002,6.910687905000032],[125.48135652100007,6.911263122000037],[125.48158919200011,6.911430261000021],[125.48200505600005,6.911548277000065],[125.48220801700006,6.911781766000047],[125.48241447500004,6.911901248000049],[125.48264883900003,6.911724535000076],[125.48294404100011,6.911774424000043],[125.48319666300006,6.911620372000073],[125.48344165000003,6.9116657230000556],[125.48377947400002,6.911612894000029],[125.48428446600008,6.91179117300004],[125.48424029300008,6.91212501800004],[125.48459784600004,6.912492149000059],[125.4846030430001,6.91289359600006],[125.48447368600011,6.912987239000074],[125.48447517300008,6.913254622000068],[125.48468056600007,6.91354166800005],[125.48470335700006,6.913807543000075],[125.48456640000006,6.913842270000032],[125.48468007200006,6.914240979000056],[125.48489063700003,6.914435651000076],[125.48499773500009,6.914910729000042],[125.48529832700001,6.9152510370000755],[125.48566134200007,6.915791760000047],[125.48600614700001,6.916150672000072],[125.48655362900001,6.916576077000059],[125.48701106200008,6.917033189000051],[125.4875931790001,6.91744617300003],[125.48773256900006,6.91771724900002],[125.48870105800006,6.91900202000005],[125.48897111700012,6.919640773000026],[125.48934835500006,6.9202521080000565],[125.48992632400007,6.920846205000032],[125.49017902800006,6.9209212110000635],[125.49025306200008,6.921208137000065],[125.4901702300001,6.921565177000048],[125.49016727000003,6.921983297000054],[125.48997119900002,6.921980388000065],[125.48965889800002,6.922275916000046],[125.48963852800011,6.922558010000046],[125.48983887000009,6.9232198200000425],[125.48998312300012,6.923546538000039],[125.48992589200009,6.923833657000046],[125.48959084500007,6.924263493000069],[125.48945642000001,6.924779321000074],[125.48936973700006,6.925360051000041],[125.48935988000005,6.925760979000074],[125.4894644310001,6.92600432100005],[125.48927482200008,6.926400109000042],[125.48929767100003,6.926620729000035],[125.48915949100001,6.927098822000062],[125.4889349020001,6.927250591000075],[125.48879769300004,6.928192729000045],[125.48886311000001,6.928790635000041],[125.4889314720001,6.930158453000047],[125.48884001900001,6.930634734000023],[125.48889938200011,6.930944711000052],[125.48904251300007,6.931299802000069],[125.48910490900005,6.9317110850000745],[125.48932178600012,6.932253701000036],[125.48981268800003,6.933017699000061],[125.48997501100007,6.9333883470000615],[125.49018713700002,6.934055597000054],[125.49027346100002,6.934586987000046],[125.49021094300008,6.935629415000051],[125.49001820100011,6.936170157000049],[125.48973494900008,6.936517560000027],[125.48961201500003,6.936766852000062],[125.48950372600007,6.937399963000075],[125.48952639000004,6.9377531750000685],[125.48962386200003,6.938113888000032],[125.48952084900009,6.939265057000057],[125.48956617600004,6.939978201000031],[125.48949422600003,6.940296296000042],[125.48931250200008,6.940614539000023],[125.48916147500006,6.941152717000023],[125.4888109630001,6.942907124000044],[125.48869471400008,6.943102046000035],[125.48838151000007,6.94390867900006],[125.48812224400001,6.944648612000037],[125.48802600400006,6.945064882000054],[125.4877453900001,6.945609872000034],[125.48756866600002,6.946106328000042],[125.48764344400001,6.9463516670000445],[125.48735595200003,6.946800383000038],[125.48718093600007,6.946889208000073],[125.48702326000011,6.947167669000066],[125.48696880800003,6.9474313870000515],[125.48673360400005,6.94804401500005],[125.4864962480001,6.948894347000021],[125.48625237200008,6.949495213000034],[125.48560046500006,6.950763211000037],[125.48551894000002,6.951005877000057],[125.485513534,6.951453325000045],[125.4852469540001,6.951825129000042],[125.48513068000011,6.952176530000031],[125.4851132660001,6.95250672700007],[125.48518893700009,6.953208593000056],[125.48545066200006,6.9541521890000695],[125.48557883400008,6.954710496000075],[125.48562640900002,6.955764262000059],[125.48553754500006,6.956600538000032],[125.48555203800004,6.957279310000047],[125.48550819900004,6.957803040000044],[125.48557373900007,6.958580910000023],[125.48553235700001,6.958917592000034],[125.48573153500001,6.9598652690000335],[125.48519881700008,6.960214329000053],[125.48479604600004,6.961015759000077],[125.4847279390001,6.961238598000023],[125.48446136700011,6.9617000710000525],[125.48418903100003,6.962719282000023],[125.48412963200008,6.963067653000053],[125.48430384700009,6.963546318000056]]]},"properties":{"psgc_code":1102412000,"name":"Santa Cruz","corr_code":112412000,"geo_level":"Mun","city_class":"","inc_class":"","urb_rur":"1st","pop_2015":"","pop_2020":"","status":"","adm3_pcode":"PH1102412","adm3_en":"Santa Cruz","adm3_alt":"","adm2_pcode":"PH11024","adm1_pcode":"PH11","adm0_pcode":"PH","shape_len":0.947006695937,"shape_area":0.0180546144078,"shape_sqkm":220.666393726}},
{"type":"Feature","geometry":{"type":"Polygon","coordinates":[[[125.50143005300004,8.76058990000007],[125.49523072500006,8.788381978000075],[125.49048686600008,8.796024861000035],[125.48284398200008,8.804458387000068],[125.47164329600002,8.812371896000059],[125.4668070560001,8.815767521000055],[125.46692188400004,8.822140146000038],[125.46689333600011,8.830952828000022],[125.4668594210001,8.84923576500006],[125.46513745300001,8.880389283000056],[125.46321610200005,8.915159102000075],[125.46131473900004,8.952484297000069],[125.46383416700007,8.952604270000052],[125.46544133200007,8.956156156000077],[125.467162357,8.959854009000026],[125.47002500300005,8.966780888000073],[125.47209469300003,8.981933868000056],[125.47344520700005,8.99468610300005],[125.47312640600012,8.994539286000077],[125.4719567630001,8.994081640000047],[125.47141215200008,8.993772953000075],[125.47106970900006,8.993635906000065],[125.47070749400007,8.993410710000035],[125.4702498040001,8.99321403700003],[125.46943223700009,8.992749950000075],[125.4685238190001,8.992357566000067],[125.4673574200001,8.99169426100002],[125.46674857100004,8.99141595900005],[125.46631135200005,8.991175973000054],[125.4652395390001,8.99071691100005],[125.46470614900011,8.990453187000071],[125.46333511700004,8.990042265000056],[125.4616856560001,8.989493873000072],[125.46141429400006,8.989427375000048],[125.46127727100009,8.989118768000026],[125.46130219600002,8.988859295000054],[125.4609189460001,8.989235579000024],[125.46081484100011,8.98918087100003],[125.4606731770001,8.989482747000068],[125.46045388700009,8.989428029000067],[125.46037411100008,8.989745267000046],[125.460549076,8.990044944000033],[125.45947484800001,8.990001021000069],[125.45940361900011,8.990071027000056],[125.45841208400009,8.989866599000038],[125.45773187600003,8.989750571000059],[125.45725121300006,8.989601744000026],[125.45657996400007,8.989112782000063],[125.45543398600012,8.988340272000073],[125.45468306500004,8.987811903000022],[125.45449426500011,8.987840744000039],[125.45416618400009,8.987616495000054],[125.4537863700001,8.987437227000044],[125.45345598100005,8.98737503500007],[125.45309509200001,8.987145091000059],[125.45276695300004,8.987067358000047],[125.45209623800008,8.986680625000076],[125.45135320100007,8.986373598000057],[125.45075776400006,8.986038414000063],[125.45024825300004,8.985808898000073],[125.4486441250001,8.98494136200003],[125.4483762970001,8.984882523000067],[125.44799064600011,8.984628397000051],[125.44701935600006,8.984083673000043],[125.44643078700005,8.983829842000034],[125.44642854900007,8.98375436300006],[125.44510818900005,8.983052687000054],[125.44359580700007,8.982229955000037],[125.4433197080001,8.982057766000025],[125.44195209700001,8.981311437000045],[125.44068832200003,8.980767053000022],[125.44001821500001,8.980452906000039],[125.43929218400001,8.980161991000045],[125.43899776700005,8.980097571000044],[125.43854250100003,8.979913250000038],[125.43644064300008,8.978902762000075],[125.43491921600003,8.978121749000024],[125.43428202000007,8.977853293000067],[125.43314882600009,8.977284757000064],[125.43276900500007,8.977136804000054],[125.43228912300003,8.976891975000058],[125.43204361400001,8.97687121000007],[125.43191143400009,8.976753047000045],[125.43107414600001,8.976500766000072],[125.4309251840001,8.976353581000069],[125.43056425300006,8.976166601000045],[125.43029306300002,8.97610852300005],[125.42981770300003,8.97589801600003],[125.42973952300008,8.975603682000042],[125.42932406200009,8.97548961700005],[125.42924634400003,8.97595397300006],[125.42837959100007,8.97564507800007],[125.42755538100005,8.975508520000062],[125.42745884700003,8.975556176000055],[125.42706009200003,8.975462838000055],[125.42655893000006,8.975424558000043],[125.42618785800005,8.975348823000047],[125.42545118700002,8.975277034000044],[125.42515495700002,8.975376251000057],[125.42473590300006,8.975352303000022],[125.42358774000002,8.97540198200005],[125.42332038900008,8.975578227000028],[125.42273031600007,8.975639916000034],[125.42158465500006,8.975835008000047],[125.42092430800005,8.97603636100007],[125.42085975500004,8.976181773000064],[125.4197129480001,8.976371409000024],[125.41958789700004,8.976474981000024],[125.41902924900012,8.97655061200004],[125.41883502700011,8.97661795700003],[125.41849973800004,8.976979114000073],[125.4182005780001,8.977116031000037],[125.4172606940001,8.97711531300007],[125.41695550400004,8.977237955000021],[125.41652794200002,8.977670165000063],[125.4158228120001,8.977943915000026],[125.41526707600008,8.978386573000023],[125.41491454400011,8.978481248000037],[125.41429042900006,8.978513847000045],[125.41401265900004,8.978608579000024],[125.41332869500002,8.979124983000077],[125.41309353000008,8.979367442000068],[125.41306943500001,8.980023411000047],[125.41331465100006,8.980572184000039],[125.41319702200008,8.980751437000038],[125.41297277100011,8.980698515000029],[125.4118737330001,8.980549964000033],[125.4107629350001,8.980570195000041],[125.41058134000002,8.980601702000058],[125.41053833000001,8.980960356000026],[125.40954230300008,8.980864628000063],[125.40923249800005,8.980948781000052],[125.40801472900012,8.981169364000039],[125.4072455050001,8.98143249800006],[125.40647181300005,8.981653425000047],[125.40603390800004,8.981653076000043],[125.40486977000012,8.981588851000026],[125.40461359800008,8.981388203000051],[125.40451761100007,8.981219331000034],[125.40400447600007,8.981778056000053],[125.40433497900005,8.982506250000029],[125.40450575800003,8.982643533000044],[125.40451587300004,8.983337365000068],[125.40283553200004,8.983283266000058],[125.40147405700009,8.983334918000025],[125.4000000530001,8.983418120000067],[125.3995834540001,8.983481080000047],[125.39791577100004,8.98360631600002],[125.39763802100003,8.98366938700002],[125.39741354900002,8.983880197000076],[125.39645352500008,8.983963808000055],[125.39620777100004,8.984079653000038],[125.39504357300007,8.98407869500005],[125.39422118200002,8.984046369000055],[125.39378339600012,8.983898312000065],[125.39183236300005,8.983875586000067],[125.3915975320001,8.983706595000058],[125.39077529600002,8.98349491600004],[125.39058987300007,8.983506394000074],[125.38910525500012,8.973930546000076],[125.38878598700012,8.97177978600007],[125.37791883400007,8.95510884500004],[125.37476172100003,8.956018516000029],[125.3726753300001,8.948325950000026],[125.36631383600002,8.922288202000061],[125.3648635290001,8.915743656000075],[125.36291117500002,8.90926932800005],[125.35748847200011,8.866236263000076],[125.33624373100008,8.864555923000069],[125.32028551000008,8.863827437000054],[125.30153243100006,8.862884713000028],[125.2838854900001,8.862489201000074],[125.25157829800003,8.862631544000067],[125.25167933900002,8.86229759300005],[125.25159379700006,8.861749213000053],[125.25163423900005,8.861554816000023],[125.25197552700001,8.860870159000058],[125.25205277500004,8.860525111000072],[125.25208640700009,8.86007766800003],[125.25180498100008,8.859234695000055],[125.2517356830001,8.858796077000022],[125.25182080200011,8.858304126000064],[125.25220393200004,8.85738810600003],[125.25224014600008,8.856658676000052],[125.2525317520001,8.855929350000054],[125.25284132900003,8.855480877000048],[125.25309348500002,8.85523607500005],[125.25322394300008,8.85467576000002],[125.25328307300003,8.853895419000025],[125.25326213100004,8.853741828000068],[125.25340045300004,8.853242575000024],[125.25342421900007,8.852864638000028],[125.2536651900001,8.852533448000031],[125.25417063700002,8.852123041000027],[125.25471857100001,8.851740646000053],[125.25537511300001,8.85136295600006],[125.25596551100011,8.851073891000055],[125.25644217800004,8.850882777000038],[125.25690196500011,8.850577248000036],[125.2572910560001,8.850210552000021],[125.25781274400003,8.849835174000077],[125.25880299000005,8.849311489000058],[125.25910361800004,8.849110712000027],[125.25926280400006,8.848927350000054],[125.25935130700009,8.848656617000074],[125.2592896220001,8.848167464000028],[125.25878592300012,8.847756753000056],[125.25856520500008,8.847066643000062],[125.25855178100005,8.846630903000062],[125.2586191900001,8.846165959000075],[125.258773012,8.845739008000066],[125.25899405900009,8.845302595000021],[125.25924386200006,8.844999041000051],[125.25951283300003,8.844790385000067],[125.26023315700002,8.844572412000048],[125.26116467700001,8.844544297000027],[125.26137840400008,8.844504795000034],[125.26179235300003,8.844215979000069],[125.26221745500004,8.843616392000058],[125.26238865000005,8.843240252000044],[125.26259864700012,8.842400689000044],[125.24109649700006,8.840640068000027],[125.24091339100005,8.835519791000024],[125.24070739800004,8.823960304000025],[125.24062347400002,8.820469856000045],[125.2393393100001,8.808912615000054],[125.23911129200008,8.803136149000068],[125.23854246500002,8.79679148100007],[125.23621368400006,8.784649849000061],[125.23703612500003,8.773958011000047],[125.23803710900006,8.759579658000064],[125.29521405300011,8.760008773000038],[125.34693002200004,8.76039690400006],[125.38662648200011,8.761229679000053],[125.43936787200005,8.76102000800006],[125.45508172500001,8.760911117000035],[125.47613840300005,8.760625555000047],[125.50143005300004,8.76058990000007]]]},"properties":{"psgc_code":1600201000,"name":"Buenavista","corr_code":160201000,"geo_level":"Mun","city_class":"","inc_class":"","urb_rur":"1st","pop_2015":"","pop_2020":"","status":"","adm3_pcode":"PH1600201","adm3_en":"Buenavista","adm3_alt":"","adm2_pcode":"PH16002","adm1_pcode":"PH16","adm0_pcode":"PH","shape_len":0.977266450685,"shape_area":0.0358701928044,"shape_sqkm":436.416120272}},
{"type":"Feature","geometry":{"type":"Polygon","coordinates":[[[121.8385544250001,13.484198755000023],[121.8384674460001,13.484048250000058],[121.83818821900002,13.484239289000072],[121.83784264500002,13.484212557000035],[121.837406525,13.482828237000035],[121.83712893600011,13.482272107000028],[121.83676145600009,13.48174930700003],[121.8366032350001,13.481344467000042],[121.83636859100011,13.480923851000057],[121.83612541700006,13.480776742000046],[121.83606926400012,13.48101076200004],[121.83578160600007,13.480881650000072],[121.83505409100007,13.479618557000038],[121.83496339200008,13.479304457000069],[121.83479992700006,13.479043819000026],[121.83446406200005,13.47864757700006],[121.83386392800003,13.478030257000057],[121.83304088900002,13.477224385000056],[121.83211550900012,13.476377654000032],[121.83175272500011,13.476079089000052],[121.83098648100008,13.475383924000027],[121.8302909890001,13.474717987000076],[121.8297362620001,13.474242010000069],[121.82916909400001,13.473927931000048],[121.82871508100004,13.473741950000033],[121.82840457700001,13.473233575000052],[121.82629949600005,13.47161731500006],[121.82515807300001,13.470785460000059],[121.8236820300001,13.469637516000034],[121.82264806800003,13.468758076000029],[121.82242368900006,13.468478720000064],[121.82212694500004,13.46827526800007],[121.82184512200001,13.468156858000043],[121.8212550390001,13.467571608000071],[121.82074449100003,13.467147243000056],[121.82012198400002,13.466718139000022],[121.81981883100002,13.466337752000072],[121.8197579890001,13.466172659000051],[121.81955031300004,13.466188203000058],[121.81904555900007,13.46566419800007],[121.8185711970001,13.465051139000025],[121.81826792700008,13.464599704000022],[121.81767899700003,13.463904186000036],[121.81709137000007,13.463081799000065],[121.81661717600002,13.462478411000063],[121.81584522300011,13.461327037000046],[121.81537062600012,13.460734728000034],[121.81506869100008,13.460421808000035],[121.81454276300008,13.459634944000072],[121.81428958900005,13.459335319000047],[121.8137375450001,13.458501623000075],[121.81321241100011,13.457668365000075],[121.81199231700009,13.455958633000023],[121.81167933100005,13.455431740000051],[121.81138934400008,13.454770960000076],[121.8112248540001,13.454194766000057],[121.81104772100002,13.453745199000025],[121.81094714200003,13.453291232000026],[121.8108976420001,13.452683691000061],[121.81096699700004,13.451968236000027],[121.81084284600001,13.45131133700005],[121.81110327400006,13.450914179000051],[121.81190686700006,13.45064525600003],[121.81216188500002,13.45026871300007],[121.8117453000001,13.449934596000048],[121.8111742640001,13.450105404000055],[121.8107624590001,13.450013223000042],[121.81086051000011,13.449894339000025],[121.81093571600002,13.449525547000064],[121.81093722500009,13.44881360200003],[121.8108913210001,13.447908098000028],[121.81090713200001,13.447331620000057],[121.81098010900007,13.446825840000031],[121.81121786000006,13.446184260000052],[121.81133193400001,13.445708723000052],[121.8114927580001,13.44539479100007],[121.8121216620001,13.444478768000067],[121.81246350100002,13.443865411000047],[121.81288107800003,13.44303241800003],[121.81330751700011,13.44239447600006],[121.81350927900007,13.442170645000033],[121.81458549500007,13.440751590000048],[121.81509057500011,13.440042445000074],[121.81626379900001,13.438207885000054],[121.81652792000011,13.438013402000024],[121.81659009200007,13.437680001000047],[121.81679918700002,13.43750276000003],[121.81732792600008,13.436760521000053],[121.8175432910001,13.436349031000077],[121.81775600000003,13.435786268000072],[121.81778840800007,13.435471372000052],[121.81797755600007,13.435430432000032],[121.81840146900004,13.434767609000062],[121.81859791300008,13.434147143000075],[121.81879279100008,13.433732873000054],[121.81928638400007,13.430894439000042],[121.81948177800007,13.430256131000021],[121.81986131300005,13.429167691000032],[121.82017427700009,13.428375458000062],[121.82057892400007,13.427881619000061],[121.82077374000005,13.427562292000061],[121.82095808700001,13.427051161000065],[121.82124132100012,13.42550447900004],[121.82142660900001,13.424888832000022],[121.82159268200007,13.423792061000029],[121.82155465700009,13.423218119000069],[121.8214054020001,13.422670888000027],[121.82129519300008,13.421976829000073],[121.82118441800003,13.421692801000063],[121.8210867460001,13.421241684000051],[121.82108178100009,13.42083447400006],[121.82127574800006,13.419711491000044],[121.82129895000003,13.418945750000034],[121.82121300900008,13.418827176000036],[121.82113716900005,13.418361576000052],[121.82111235800005,13.417450827000039],[121.82115105200012,13.417206114000066],[121.8213047480001,13.417027204000021],[121.82153571300012,13.416230261000067],[121.82154911100008,13.415816781000046],[121.82141285400007,13.415288082000075],[121.8214249340001,13.415101237000044],[121.821633829,13.414373400000045],[121.82215706700003,13.413257865000048],[121.82223863000002,13.412777680000033],[121.82221217800009,13.412463954000032],[121.82208496400006,13.411826071000064],[121.82221545400012,13.411569278000059],[121.82228930800011,13.410756351000032],[121.8224777800001,13.41044862800004],[121.82305003800002,13.410272055000064],[121.82338687100003,13.409958281000058],[121.82365585500008,13.409468338000067],[121.82377425300001,13.409015116000035],[121.8238917110001,13.408183338000072],[121.82385685200006,13.407993375000046],[121.82386303700002,13.407294110000066],[121.8239547930001,13.406835994000062],[121.82411827600004,13.406519874000026],[121.82445866500007,13.406045745000029],[121.82465391900007,13.40552346800007],[121.8247740920001,13.404649267000025],[121.8247509150001,13.403987545000064],[121.82464982600004,13.403201472000035],[121.82464213500009,13.402712542000074],[121.82469445100003,13.402333010000063],[121.82495384900005,13.401917034000064],[121.82512997100002,13.401520893000054],[121.82521041200005,13.401130370000033],[121.82520813200006,13.400753111000029],[121.82503148300009,13.39937628000007],[121.82494988700012,13.399163928000064],[121.82487957800004,13.398565387000076],[121.82487576900007,13.39747802200003],[121.82485230700001,13.396926448000045],[121.82479329900002,13.396495574000028],[121.82461096100008,13.396172239000066],[121.82455694500004,13.395908526000028],[121.82457681800008,13.39552382100004],[121.82438702600007,13.395138124000027],[121.8244491160001,13.394852767000032],[121.8246345340001,13.394459872000027],[121.82476387000008,13.393827807000037],[121.82473809900011,13.392473106000068],[121.82465260100003,13.39190424000003],[121.82452003600008,13.391403960000048],[121.824427764,13.390538075000052],[121.82461971600003,13.390293936000035],[121.82462401100008,13.390016335000041],[121.82431118000011,13.389583792000053],[121.82409999900005,13.388621985000043],[121.82379106700012,13.387992103000045],[121.82374078200007,13.38775957100006],[121.82371760600006,13.387053600000058],[121.82375253700002,13.386866387000055],[121.82372155200005,13.38587566900003],[121.82362608500011,13.385651893000045],[121.82338120200006,13.385317402000055],[121.82328366400009,13.38443875300004],[121.82316262600011,13.383990589000064],[121.82305093700006,13.383808759000033],[121.82258270000011,13.383293717000072],[121.82187052400002,13.382636469000033],[121.82152655400012,13.382462152000073],[121.82050681300007,13.383164099000055],[121.82056330800003,13.383340185000066],[121.82080239700008,13.383687793000036],[121.82071318500005,13.383744582000077],[121.8204618100001,13.383386870000038],[121.8201551620001,13.383039362000034],[121.82044859100006,13.383075495000071],[121.82070364300012,13.38287144900005],[121.82163299800004,13.382217859000036],[121.82158228700007,13.381705725000074],[121.82189431800009,13.381520635000072],[121.82218235200003,13.381085377000034],[121.82249511100008,13.380719298000031],[121.82296198100005,13.380453725000052],[121.82310196600008,13.38022391900006],[121.82337036500007,13.379508233000024],[121.82361351000009,13.379033331000073],[121.82375274200001,13.378661367000063],[121.82382774400003,13.378222512000036],[121.82368029300005,13.377710351000076],[121.82366749700009,13.377258332000054],[121.8238190620001,13.377041804000044],[121.82375247400012,13.376474299000051],[121.82357773000001,13.375984678000066],[121.82334839500004,13.37503776400007],[121.82330806900006,13.374459989000059],[121.82342245600012,13.373326145000021],[121.82343881700001,13.372451862000048],[121.8236328700001,13.37282973300006],[121.82360002900009,13.37314658300005],[121.82367871200006,13.373346854000033],[121.82391278800003,13.373566090000054],[121.82389606900006,13.374016279000045],[121.82403108400001,13.374087432000067],[121.824532051,13.374072941000065],[121.82472239000003,13.374135318000071],[121.82500450100008,13.374377816000049],[121.82548929600011,13.37452614700004],[121.82585753100011,13.374809994000032],[121.8261571160001,13.375168959000064],[121.82675059500002,13.375685418000046],[121.82689964100007,13.375774023000076],[121.83771232900006,13.375790057000074],[121.84720421000009,13.37199312000007],[121.85217497200006,13.378069221000032],[121.85275702900003,13.378626980000035],[121.85302185900002,13.378790922000064],[121.85416304000012,13.379103900000075],[121.86223171000006,13.374999870000067],[121.86558800000012,13.370956000000035],[121.87222285000007,13.365682970000023],[121.88448356000004,13.36434932000003],[121.89321030000008,13.358578550000061],[121.90738737000004,13.349082440000075],[121.91915257000005,13.356448839000052],[121.92391427700011,13.353788578000035],[121.92560221000008,13.347009377000063],[121.93018246700001,13.336618471000065],[121.93992635900008,13.331046431000061],[121.94861291400002,13.322643980000066],[121.95350408800005,13.320142375000046],[121.95436564400006,13.314560146000076],[121.9584424410001,13.310558007000054],[121.96343807900007,13.310091533000048],[121.96563363300004,13.307848324000076],[121.96814826700006,13.303481705000024],[121.97440507300007,13.298484158000065],[121.98150005000002,13.29448360300006],[121.98971166700005,13.290840923000076],[121.98847199700003,13.298266788000035],[121.98948662200007,13.306101151000064],[121.99725461900005,13.308212498000046],[121.99660035000011,13.311303930000065],[121.99520421500006,13.312291296000069],[121.99488429600001,13.315501380000057],[121.99448750700003,13.317206663000036],[121.99948456200002,13.318878409000035],[122.00409764500012,13.321406030000048],[122.00532169000007,13.327201650000063],[122.00526666700011,13.342197789000068],[122.00521314600007,13.356673362000038],[122.00082795100002,13.367359717000056],[122.00890787700007,13.390104271000041],[121.99826990800011,13.397877210000047],[121.98529469900006,13.409190015000036],[121.98315329600007,13.411106006000068],[121.98207503700007,13.411920544000054],[121.9806691980001,13.412389157000064],[121.97919126300008,13.413326384000072],[121.97767728300005,13.414696176000064],[121.9662669700001,13.426973370000042],[121.95955432000005,13.433903110000074],[121.97483774300008,13.440725190000023],[121.96340300000008,13.447035000000028],[121.96274165500006,13.449654444000032],[121.96270377400003,13.452306086000021],[121.96126431100004,13.454465280000022],[121.95990061000009,13.454465280000022],[121.958347505,13.45310157800003],[121.95103654800005,13.452343966000058],[121.95156687600002,13.448821070000065],[121.9495246780001,13.445734780000066],[121.9470854000001,13.44671468000007],[121.94664124000008,13.448116560000074],[121.94628602000012,13.448630280000032],[121.94515731000001,13.448635310000043],[121.94401746000005,13.449251630000049],[121.94302169000002,13.449441730000046],[121.94280996000009,13.448917030000075],[121.9425523000001,13.449258420000035],[121.94239288000006,13.449317850000057],[121.94168109000009,13.448737320000077],[121.94076612000003,13.448508160000074],[121.94010638000009,13.448417720000066],[121.93956801000002,13.448602450000067],[121.93898725800011,13.447218175000046],[121.93707868800004,13.447283987000048],[121.93515213600006,13.444423823000022],[121.93272330400009,13.443704169000057],[121.93060467100008,13.442345895000074],[121.92747002100009,13.445967732000042],[121.92740420700011,13.448402805000057],[121.93134477000001,13.449381550000055],[121.92643142000009,13.453468120000025],[121.92166391400008,13.453941198000052],[121.92102640500002,13.455755708000027],[121.91956790200004,13.455208769000023],[121.91941163400008,13.454739964000055],[121.91909909800006,13.454375339000023],[121.91816148800001,13.454245115000049],[121.916781119,13.454140937000034],[121.91571328700002,13.453333551000071],[121.91542679500003,13.452682433000064],[121.91478627000004,13.452021897000066],[121.9136548030001,13.451993035000044],[121.9119722580001,13.453212441000062],[121.91013232700004,13.454186521000054],[121.90818416500008,13.453753597000059],[121.90591131000008,13.452671284000076],[121.90002167700004,13.453989300000046],[121.89707633600005,13.45399816400004],[121.89344682500007,13.453416526000069],[121.89106788100003,13.453174600000068],[121.88917279000009,13.453698774000031],[121.8883663680001,13.454626160000032],[121.88743898200005,13.455190654000035],[121.88550357000008,13.455150333000063],[121.88363018600012,13.454818338000052],[121.88245053000003,13.455752300000029],[121.88061001900007,13.458269346000066],[121.88021864100006,13.459832611000024],[121.87706599700005,13.459911852000062],[121.87305125800003,13.459503608000034],[121.87070569600007,13.459637641000029],[121.86967811600005,13.460017398000048],[121.86477646100002,13.459280662000026],[121.86237772000004,13.46071573000006],[121.86328062000007,13.462973900000065],[121.86120358000005,13.46246621000006],[121.85900342000002,13.462587910000025],[121.85460476000003,13.462311310000075],[121.85270433000005,13.467164350000076],[121.84992984000007,13.468095490000053],[121.8470808300001,13.472853980000025],[121.84494688000007,13.471609860000058],[121.84169671000006,13.480096870000068],[121.84177903000011,13.481912640000075],[121.84224770100002,13.482048224000039],[121.8420631780001,13.482476653000049],[121.84206254800006,13.482757482000068],[121.8424343370001,13.48326877200003],[121.84240659300008,13.48371091100006],[121.84222310500002,13.483930480000026],[121.84185155600005,13.484102352000036],[121.84140479500002,13.484129661000054],[121.84093637500007,13.483949454000026],[121.8403911260001,13.483826966000038],[121.83946686800004,13.483838003000074],[121.83886014100005,13.48403969800006],[121.8385544250001,13.484198755000023]]]},"properties":{"psgc_code":1704001000,"name":"Boac","corr_code":174001000,"geo_level":"Mun","city_class":"","inc_class":"","urb_rur":"1st","pop_2015":"","pop_2020":"","status":"","adm3_pcode":"PH1704001","adm3_en":"Boac (Capital)","adm3_alt":"","adm2_pcode":"PH17040","adm1_pcode":"PH17","adm0_pcode":"PH","shape_len":0.751205753798,"shape_area":0.0192954061023,"shape_sqkm":231.213224684}},
{"type":"Feature","geometry":{"type":"MultiPolygon","coordinates":[[[[121.98971166700005,13.290840923000076],[121.98150005000002,13.29448360300006],[121.97440507300007,13.298484158000065],[121.96814826700006,13.303481705000024],[121.96563363300004,13.307848324000076],[121.96343807900007,13.310091533000048],[121.9584424410001,13.310558007000054],[121.94165895700007,13.300834977000022],[121.9309952860001,13.29469423300003],[121.92140015000007,13.289124680000043],[121.91829097000004,13.280262490000041],[121.9180885400001,13.280024280000077],[121.9177206600001,13.279800900000055],[121.91713393000009,13.279246520000072],[121.91085052000005,13.275728970000046],[121.90537110000002,13.274125600000048],[121.90421202200002,13.273116015000028],[121.90524119000008,13.27290339800004],[121.90613071500002,13.272682273000044],[121.90689255100006,13.272571221000021],[121.90740916100003,13.272423985000046],[121.90790905000006,13.272134103000042],[121.90818481100007,13.271878406000042],[121.90845201600007,13.271402472000034],[121.9083491560001,13.270687129000066],[121.90820962700002,13.270416195000053],[121.9083684960001,13.270162287000062],[121.90863867000007,13.269907119000038],[121.90975865600001,13.269405522000056],[121.91017756400004,13.269464679000066],[121.91080500300006,13.269314949000034],[121.91203925200011,13.268825125000035],[121.91237838100005,13.268661615000042],[121.9127759380001,13.268403182000043],[121.91315332400006,13.267821741000034],[121.9132902130001,13.267492206000043],[121.91340320100005,13.267029200000025],[121.91383097500011,13.266319051000039],[121.91423817300006,13.265551067000047],[121.9144286930001,13.265263574000073],[121.91479099800006,13.264975314000026],[121.91539601600005,13.264768477000075],[121.91858152500004,13.263805594000075],[121.91930337300005,13.26347535900004],[121.92020084600006,13.262970052000071],[121.9204587270001,13.262791198000059],[121.92112166400011,13.262233609000077],[121.92199492000009,13.261316099000055],[121.92300926100006,13.260431671000049],[121.92348450500003,13.259897480000063],[121.92380254700004,13.259630117000029],[121.92430200900003,13.259071877000054],[121.92480461700006,13.258401245000073],[121.92520594900009,13.257749560000036],[121.92566398600002,13.257182650000061],[121.92590244200005,13.256945897000037],[121.92625949700005,13.256688515000064],[121.92700641200008,13.256339258000025],[121.92790741100009,13.256047586000022],[121.92841278000003,13.255841615000065],[121.92930448200002,13.255638106000049],[121.93018165000001,13.255485988000032],[121.930738055,13.255310311000073],[121.93147661900002,13.255160645000046],[121.93260116300007,13.255018680000035],[121.93324397900005,13.254872523000074],[121.93408097800011,13.254792848000022],[121.93549395000002,13.254512564000038],[121.93629026500003,13.254389919000062],[121.9366451200001,13.254369524000026],[121.93821260900006,13.254013796000038],[121.93876076000004,13.25394486700003],[121.93980821500008,13.253748045000066],[121.94124844700002,13.253536327000063],[121.94189715800007,13.253281268000023],[121.94236556100009,13.253022495000039],[121.9427128960001,13.25287819700003],[121.94341949600005,13.252342213000077],[121.94351126800007,13.252234460000068],[121.94435844600002,13.251683698000022],[121.94498003400008,13.251339018000067],[121.94536582700005,13.251199320000069],[121.94589278000001,13.251119282000047],[121.94651498400003,13.251081105000026],[121.9470592990001,13.250942801000065],[121.94778841400012,13.25062321400003],[121.94831687400006,13.250427800000068],[121.94864492400006,13.250384612000062],[121.94890628300004,13.250647618000073],[121.9490588220001,13.250571781000076],[121.94916296500003,13.250094101000059],[121.94938441300008,13.249841427000035],[121.94990349400007,13.249633243000062],[121.95043491600006,13.24926662100006],[121.9507268100001,13.248849108000059],[121.95104317800008,13.248753733000058],[121.95188382600008,13.248108219000073],[121.9524302100001,13.247520714000075],[121.95284193300006,13.246533890000023],[121.95291865100012,13.245957388000022],[121.95323795700006,13.245170916000063],[121.95336573600002,13.244538383000076],[121.95349393100003,13.244162439000036],[121.95392882800002,13.243672526000069],[121.95417117900001,13.243330042000025],[121.95424791700009,13.243020470000033],[121.9551144730001,13.241856262000056],[121.9552421520001,13.241526467000028],[121.95517661300005,13.241138227000022],[121.95536162200005,13.240699345000053],[121.955546647,13.24058010300007],[121.95595059900006,13.240663794000056],[121.95625701600011,13.240088418000028],[121.9567673460001,13.239242540000077],[121.95702251400007,13.238680533000036],[121.95742442900007,13.238233450000052],[121.95799965000003,13.237411596000072],[121.95802136800012,13.237156640000023],[121.95792753500007,13.236973995000028],[121.95806824600004,13.236730450000039],[121.9583679320001,13.236595977000036],[121.95867344700002,13.236149499000021],[121.95873151,13.235959377000029],[121.95902910100006,13.235449832000029],[121.95926609300011,13.234810481000068],[121.95926798300002,13.234533381000062],[121.95917744500002,13.234439383000051],[121.95924264100006,13.234009646000061],[121.95904977100008,13.233725535000076],[121.95902368600002,13.233383065000055],[121.95920869800011,13.233185179000031],[121.95986238300009,13.232870803000026],[121.95998839700007,13.232606633000046],[121.96016074700003,13.232071959000052],[121.96036602000004,13.231730639000034],[121.96107327800007,13.230793646000052],[121.96137468500001,13.229920476000075],[121.96157221100009,13.229614870000034],[121.96171750000008,13.229003293000062],[121.96186415300008,13.22856315100006],[121.96196637500009,13.228419558000041],[121.9623003270001,13.22737350400007],[121.96227169000008,13.22670441300005],[121.96216411400007,13.226372103000074],[121.96185417700008,13.22588881200005],[121.96175953600005,13.225505573000078],[121.9618186990001,13.225258086000053],[121.96201205000011,13.224827193000067],[121.962417232,13.22466412700004],[121.96277626300002,13.224624879000032],[121.96314327100004,13.224686327000029],[121.96385764100012,13.224894435000067],[121.96453456000006,13.224861909000026],[121.96492001000001,13.22469854700006],[121.9650660310001,13.22480138900005],[121.96516873700011,13.225048842000035],[121.96610040600001,13.224662752000029],[121.96694724800011,13.224141291000024],[121.96738344300002,13.223711227000024],[121.96761450100007,13.223676993000026],[121.96774815600008,13.223415192000061],[121.96753586000011,13.22330983200004],[121.96739664200004,13.223074904000043],[121.96746425700007,13.22273928900006],[121.96763409900007,13.22268186100007],[121.96770786700006,13.222323521000021],[121.96794568100006,13.222463074000075],[121.96808087400007,13.222299074000034],[121.96834835400011,13.222308416000033],[121.96840298200004,13.22194494300004],[121.96834838400002,13.221700510000062],[121.96799163200001,13.22163867200004],[121.96767166900008,13.221441034000065],[121.96751159000007,13.221471687000076],[121.96689656500007,13.221792766000021],[121.96641734700006,13.220932259000051],[121.96626572700006,13.220799673000045],[121.96612287800008,13.220517589000053],[121.96601056600002,13.219675523000035],[121.96610708600008,13.21937071700006],[121.96628913600011,13.219167758000026],[121.96656786500012,13.21909307900006],[121.96696030900011,13.21909289000007],[121.96733060600002,13.21927626400003],[121.96734997700003,13.21951673500007],[121.96776554600001,13.21977299300005],[121.96823570600009,13.21985479500006],[121.96896632300002,13.219754893000072],[121.96942652700011,13.21962632900005],[121.97052041000006,13.219167835000064],[121.97080020300007,13.218991539000058],[121.97106663000011,13.218684986000028],[121.97142022000003,13.218419205000032],[121.97176008200006,13.218000913000026],[121.97212447800007,13.217719889000023],[121.97265712500007,13.21720672500004],[121.97291272400003,13.216866351000021],[121.97316986700002,13.216662559000042],[121.97350574300003,13.216293965000034],[121.97395876500002,13.215956419000065],[121.9746920450001,13.215739632000066],[121.97567502100003,13.215405090000047],[121.97645702300008,13.215063506000035],[121.97692776300005,13.214730444000054],[121.97793243300009,13.213890667000044],[121.97828795500004,13.213569463000056],[121.97840947300006,13.213350448000028],[121.97849038300001,13.212957252000024],[121.97849813500011,13.212544665000053],[121.97864926500006,13.211993350000057],[121.97893686700002,13.211539824000056],[121.97919809300004,13.211229607000064],[121.97939713100004,13.21088142800005],[121.98012558200003,13.209917689000065],[121.98043663500005,13.209459220000042],[121.98050226900011,13.209280286000023],[121.98097511100002,13.208557346000077],[121.9812116060001,13.208350622000069],[121.98181394000005,13.207936867000058],[121.98202023900001,13.207737477000023],[121.98242081000001,13.207542885000066],[121.98299539600009,13.207397875000026],[121.98492198300005,13.206745354000077],[121.9862892860001,13.206448773000034],[121.9871641740001,13.206188624000049],[121.98830156400004,13.205933353000034],[121.98933254600001,13.205598544000054],[121.98985630200002,13.205539676000058],[121.9916253770001,13.20508108100006],[121.99223521800002,13.204879299000027],[121.99280675200009,13.205003422000061],[121.99359995500004,13.20499959600005],[121.99417569100001,13.204895573000044],[121.9946966760001,13.204888305000054],[121.99527088700006,13.204957079000053],[121.99568490900003,13.204946566000046],[121.9959498400001,13.20480949900002],[121.99600278300011,13.20454446900004],[121.99619256900007,13.204475334000051],[121.99620399500009,13.204735167000024],[121.9965304430001,13.204890850000027],[121.9969817760001,13.20493212200006],[121.99741725100012,13.204905267000072],[121.99777030200005,13.204784669000048],[121.9985798130001,13.204296508000027],[121.99898108900004,13.203931433000037],[121.99909109400005,13.203705120000052],[121.99946782400002,13.203447553000046],[121.99970713500011,13.202947289000065],[121.9996861090001,13.202500284000052],[121.99984262500004,13.202310390000036],[122.00034676500002,13.201843218000022],[122.00062389600009,13.20168006800003],[122.00131877100011,13.201455193000072],[122.0021974230001,13.200932908000027],[122.00236939600006,13.200616657000069],[122.00269700500007,13.200467897000067],[122.00316124300002,13.200157022000042],[122.00379635900003,13.199821480000026],[122.00426165900001,13.199733430000038],[122.0052630240001,13.199371296000038],[122.00572547100012,13.199286431000075],[122.00709679500005,13.199220182000033],[122.00842676200011,13.19927479300003],[122.00884466800005,13.199321550000036],[122.01131472800012,13.199524159000077],[122.01228559600008,13.199643524000066],[122.01330127000006,13.199996113000054],[122.01386997600002,13.200123392000023],[122.01431623400003,13.200179178000042],[122.01522225300005,13.200231647000066],[122.01562397600003,13.200200994000056],[122.01633274700009,13.200238528000057],[122.01679537300004,13.200215313000058],[122.01725161900004,13.20012517400005],[122.01864720800006,13.199914721000027],[122.01902023200012,13.199836396000023],[122.02064280500008,13.199647382000023],[122.02183936400002,13.199488857000063],[122.02202152500001,13.199417495000034],[122.02363880600001,13.199190561000023],[122.02403932700008,13.199033817000043],[122.025638834,13.198950266000054],[122.02632048900011,13.198969358000056],[122.02736520100007,13.199114343000076],[122.02818996000008,13.199323925000044],[122.02909661700005,13.19974553700007],[122.0300559100001,13.200344722000068],[122.03103248000002,13.201080668000031],[122.03185371900008,13.201619020000066],[122.03207156500002,13.20179130400004],[122.0322872800001,13.201982390000069],[122.03179518000002,13.202201580000064],[122.0252555300001,13.208200170000055],[122.02495513000008,13.20854324000004],[122.02446738000003,13.209563400000036],[122.0244220730001,13.215329575000055],[122.0174846860001,13.23703676200006],[122.01279771700001,13.243593696000062],[122.01080818200012,13.250314381000067],[121.99856889000012,13.264707690000023],[121.99734127600004,13.26765866200003],[121.9959734570001,13.268968648000055],[121.99450849900006,13.271478725000065],[121.99145562500007,13.273758914000041],[121.99162396300005,13.281006188000049],[121.99223795000012,13.285734898000044],[121.98971166700005,13.290840923000076]]],[[[121.99912214200003,13.18977917500007],[121.99961756400012,13.189837154000031],[121.99995005000005,13.189782265000076],[122.00016127800006,13.189848958000027],[122.00068934700005,13.190247869000075],[122.00133649200006,13.190894854000021],[122.00169119500003,13.19134017700003],[122.00178020600003,13.191521590000036],[122.00189971800012,13.192133236000075],[122.00178502900008,13.19235631600003],[122.0018505480001,13.192668415000071],[122.0015580910001,13.193062570000052],[122.00137074800011,13.193147878000048],[122.00127499500002,13.193352656000059],[122.00092866900002,13.193471723000073],[122.00030476500001,13.193920810000066],[122.00000445500007,13.194039278000048],[121.99965056500002,13.19405002700006],[121.99929040400002,13.193893183000057],[121.99895275100005,13.193953974000067],[121.99870428800011,13.193658837000044],[121.9984995740001,13.193610227000022],[121.99852671100007,13.193422887000054],[121.99831345100006,13.193084509000073],[121.99802103600007,13.192838239000025],[121.9979591550001,13.192560184000058],[121.99764044900007,13.192139779000058],[121.99752917400008,13.191854641000077],[121.99761388800005,13.19152549100005],[121.99774291100005,13.19129765300005],[121.99756554900011,13.19114240500005],[121.99769546900006,13.190862245000062],[121.99764217200004,13.190771083000072],[121.9982124920001,13.190103762000035],[121.99846239500005,13.190021586000057],[121.99885803300003,13.189738865000038],[121.99912214200003,13.18977917500007]]]]},"properties":{"psgc_code":1704002000,"name":"Buenavista","corr_code":174002000,"geo_level":"Mun","city_class":"","inc_class":"","urb_rur":"4th","pop_2015":"","pop_2020":"","status":"","adm3_pcode":"PH1704002","adm3_en":"Buenavista","adm3_alt":"","adm2_pcode":"PH17040","adm1_pcode":"PH17","adm0_pcode":"PH","shape_len":0.405615693931,"shape_area":0.00639692574687,"shape_sqkm":76.6964279473}},
{"type":"Feature","geometry":{"type":"MultiPolygon","coordinates":[[[[121.9584424410001,13.310558007000054],[121.95436564400006,13.314560146000076],[121.95350408800005,13.320142375000046],[121.94861291400002,13.322643980000066],[121.93992635900008,13.331046431000061],[121.93018246700001,13.336618471000065],[121.92560221000008,13.347009377000063],[121.92391427700011,13.353788578000035],[121.91915257000005,13.356448839000052],[121.90738737000004,13.349082440000075],[121.89321030000008,13.358578550000061],[121.88448356000004,13.36434932000003],[121.87222285000007,13.365682970000023],[121.86558800000012,13.370956000000035],[121.86223171000006,13.374999870000067],[121.85416304000012,13.379103900000075],[121.85302185900002,13.378790922000064],[121.85275702900003,13.378626980000035],[121.85217497200006,13.378069221000032],[121.84720421000009,13.37199312000007],[121.83771232900006,13.375790057000074],[121.82689964100007,13.375774023000076],[121.82675059500002,13.375685418000046],[121.8261571160001,13.375168959000064],[121.82585753100011,13.374809994000032],[121.82548929600011,13.37452614700004],[121.82500450100008,13.374377816000049],[121.82472239000003,13.374135318000071],[121.824532051,13.374072941000065],[121.82403108400001,13.374087432000067],[121.82389606900006,13.374016279000045],[121.82391278800003,13.373566090000054],[121.82367871200006,13.373346854000033],[121.82360002900009,13.37314658300005],[121.8236328700001,13.37282973300006],[121.82343881700001,13.372451862000048],[121.82348236700011,13.372160620000045],[121.82378893400005,13.371913179000046],[121.82391336500007,13.371490609000034],[121.82393996300004,13.371023187000048],[121.82387159100006,13.370325796000031],[121.82366955400005,13.369858716000067],[121.82331819000001,13.369355039000027],[121.8229613850001,13.369067163000068],[121.82265642400012,13.368993467000053],[121.82251560500004,13.368723483000053],[121.82288702500011,13.36794502400005],[121.82295529200007,13.36752593600005],[121.8230479130001,13.367313435000028],[121.82287583100003,13.366382800000054],[121.82297937900012,13.365771551000023],[121.82289091100006,13.365231743000038],[121.82230146100005,13.363008304000061],[121.82166835500004,13.361003058000051],[121.82112932200005,13.359389639000028],[121.82051140900012,13.357647641000028],[121.8200756760001,13.356357438000032],[121.81950687100004,13.354435847000047],[121.81930768000007,13.353606221000064],[121.81904211200003,13.352290757000048],[121.81887184300001,13.350516500000026],[121.81884981500002,13.349522001000025],[121.8188790590001,13.348876003000044],[121.81921797000007,13.347491167000044],[121.81945064000001,13.346910456000046],[121.8199450300001,13.345866798000031],[121.82006069700003,13.345546992000038],[121.82017206300009,13.344810864000067],[121.82043069100007,13.344642407000038],[121.82048028200006,13.344402865000063],[121.82067585000004,13.343906188000062],[121.82119927400004,13.34329000200006],[121.82191761600006,13.342776522000065],[121.82349030300009,13.342046551000067],[121.82465305800008,13.341485467000041],[121.82654937400002,13.340622881000058],[121.82695376600009,13.340457215000072],[121.82729431000007,13.340447999000048],[121.82743421900011,13.340238553000063],[121.82784649000007,13.34003060200007],[121.82928514500009,13.339123535000056],[121.83020476900003,13.338642390000075],[121.83091394600001,13.338386375000027],[121.83173391300011,13.338045158000057],[121.83265701100004,13.337612946000036],[121.83312171400007,13.337342048000039],[121.83367882200002,13.337074097000027],[121.83590729100001,13.33581149400004],[121.83638275500005,13.335514794000062],[121.83707179800001,13.334967524000035],[121.8378325330001,13.334486457000025],[121.83823354000003,13.334193674000062],[121.83886516000007,13.333536777000063],[121.83932005100007,13.333220745000062],[121.83994413200003,13.332689254000059],[121.84075460000008,13.331829575000029],[121.84127460500008,13.33137516000005],[121.84188666600005,13.330721925000034],[121.84218015400006,13.330299226000022],[121.84284043600007,13.329424751000033],[121.84314322800003,13.32893238400004],[121.84347227,13.328237525000077],[121.84296411900004,13.32793362600006],[121.84338689100002,13.327415380000048],[121.84390278300009,13.32666159300004],[121.844275476,13.326072258000067],[121.84449685100003,13.325442639000073],[121.84468751000009,13.325045517000035],[121.84499094400007,13.32495952100004],[121.84497474000011,13.324612418000072],[121.84542016600005,13.32314580700006],[121.84556474100009,13.32299884300005],[121.8458703770001,13.322391553000045],[121.8459736850001,13.322066478000067],[121.84610275900002,13.320803110000043],[121.84624636500007,13.320398798000042],[121.84643304100007,13.320096716000023],[121.84746782600007,13.318975430000023],[121.84854843500011,13.318104151000057],[121.84911364800007,13.317620462000036],[121.84984000200006,13.316865316000076],[121.85049472800006,13.316061701000024],[121.85108862900006,13.315153099000042],[121.85208778300012,13.313447232000044],[121.85243071600007,13.312783379000052],[121.8533283490001,13.311217362000036],[121.85363365100011,13.310582070000066],[121.8538065140001,13.310148794000042],[121.85393377100002,13.309651407000047],[121.85391262600001,13.30927140700004],[121.85381369400011,13.308847198000024],[121.85381869500009,13.308105653000041],[121.85394320800003,13.307843432000027],[121.85426499400012,13.30742252400006],[121.85438130200009,13.307162454000036],[121.85444913200001,13.306313125000031],[121.85463602100003,13.305787790000068],[121.85514089700007,13.304988081000033],[121.85574229300005,13.304120988000022],[121.85631417600007,13.303058089000046],[121.85670785100001,13.302230253000062],[121.85706300900006,13.301326470000049],[121.85731923500009,13.300570866000044],[121.8578791110001,13.29854189200006],[121.85831512300001,13.297517033000076],[121.85879543600004,13.296447206000039],[121.85948191500006,13.294981568000026],[121.85968295600003,13.294393299000035],[121.85992085300006,13.293944399000054],[121.86046472200007,13.293107416000055],[121.86081128100011,13.292472350000025],[121.861447913,13.290915256000062],[121.86182517300006,13.290177333000031],[121.86246327000003,13.289324562000047],[121.86363286100004,13.287345102000074],[121.86439904500003,13.286245645000065],[121.8646601580001,13.285985984000035],[121.86559764300011,13.285337342000048],[121.86601007500008,13.285019702000056],[121.86594229000002,13.28483886400005],[121.86629730300001,13.284788006000042],[121.86663988100008,13.284644118000074],[121.86707109700001,13.28457295800007],[121.86800466000011,13.284285841000042],[121.86871302400004,13.283963742000026],[121.8690802430001,13.283675310000035],[121.86920286600002,13.28348457100003],[121.86931413600007,13.282931320000046],[121.86975955000003,13.282625271000029],[121.87071248600012,13.282313561000024],[121.87175061900007,13.281997923000063],[121.87606593300006,13.280967702000055],[121.87645078900005,13.280901538000023],[121.87824312200007,13.280227525000043],[121.87898935700002,13.279838162000033],[121.87923178000005,13.279646231000072],[121.8802619700001,13.278671209000038],[121.88099056800002,13.278014272000064],[121.88202148100004,13.277271853000059],[121.88256481500002,13.27697173100006],[121.88286358100004,13.276723163000042],[121.88392440200005,13.276180046000036],[121.8844050240001,13.275885698000025],[121.88511380000011,13.275578018000033],[121.88536434600007,13.275561883000023],[121.88592473500012,13.275349924000068],[121.88643014000002,13.275198728000078],[121.8870053920001,13.274881765000032],[121.88749315000007,13.274676015000068],[121.88803037700006,13.274555174000056],[121.88888977800002,13.274639013000069],[121.88948082500008,13.274770042000057],[121.88967100600007,13.274754020000046],[121.88994548700009,13.274856922000026],[121.89030305900008,13.274876167000059],[121.89076244400007,13.274831581000058],[121.89135069400004,13.274626586000068],[121.89171609900006,13.274557805000029],[121.89200331000006,13.274563629000056],[121.89367231300002,13.274390004000054],[121.8950319700001,13.274199470000042],[121.89748025100005,13.273909551000031],[121.90104138700008,13.27354557600006],[121.90170468000008,13.27344550600003],[121.90310060200011,13.27331663800004],[121.90421202200002,13.273116015000028],[121.90537110000002,13.274125600000048],[121.91085052000005,13.275728970000046],[121.91713393000009,13.279246520000072],[121.9177206600001,13.279800900000055],[121.9180885400001,13.280024280000077],[121.91829097000004,13.280262490000041],[121.92140015000007,13.289124680000043],[121.9309952860001,13.29469423300003],[121.94165895700007,13.300834977000022],[121.9584424410001,13.310558007000054]]],[[[121.86609333800004,13.24429934400007],[121.86655653800005,13.244531313000039],[121.86678276500004,13.244827884000074],[121.8671693010001,13.24504844200004],[121.86749923500008,13.245402410000054],[121.86772165400009,13.245566991000032],[121.86801912900012,13.245924896000076],[121.8681157100001,13.24616794700006],[121.86808451500008,13.24645993300004],[121.86823798300009,13.246719820000067],[121.86831755300011,13.247068176000028],[121.86820574100011,13.247346752000055],[121.86837965600012,13.247585256000036],[121.86836067700006,13.247910167000043],[121.86823052400007,13.248509457000068],[121.86830828500001,13.248759130000053],[121.86815823200004,13.248915681000028],[121.86793960900002,13.249337059000027],[121.86785628400003,13.249734376000049],[121.86773076000009,13.24982594100004],[121.86747388000003,13.250218881000023],[121.86732614000005,13.250599623000028],[121.86736001800011,13.250797780000028],[121.86720382800002,13.250892914000076],[121.86709719900011,13.251425664000067],[121.86708145900002,13.252075104000028],[121.86702630600007,13.252611216000048],[121.86733446900007,13.253376974000048],[121.86738584600005,13.253599133000023],[121.86726389700004,13.253861302000075],[121.86689037500003,13.253817715000025],[121.8661895030001,13.253393661000075],[121.86509639200005,13.252923853000027],[121.86431063400005,13.252654604000043],[121.86392042300008,13.252605541000037],[121.86358326600009,13.252634485000044],[121.86319608200006,13.252747140000054],[121.86246555100001,13.252813658000036],[121.86198113300009,13.253010194000069],[121.86114931200007,13.252965218000043],[121.86065596800006,13.252750518000028],[121.86034060800012,13.252742296000065],[121.85962161200007,13.252596991000075],[121.85912164100012,13.252349091000042],[121.85852604900003,13.252110309000045],[121.85820594500001,13.252034666000043],[121.8572830170001,13.251594140000066],[121.8563622040001,13.251395107000064],[121.85499194500005,13.25124063900006],[121.85464756500005,13.25122714500003],[121.85399699300001,13.250985882000066],[121.85384458700003,13.250980455000047],[121.85333972500007,13.250734814000054],[121.85278427000003,13.250531937000062],[121.85245426900008,13.250485888000071],[121.852197079,13.250358253000059],[121.85041256400007,13.249763233000067],[121.85024299800011,13.24962305300005],[121.84995833400001,13.249535066000021],[121.84962013800009,13.249286531000052],[121.8495336200001,13.249119548000067],[121.84923289000005,13.24886116500005],[121.8493641870001,13.248663983000029],[121.84900332200004,13.248056954000049],[121.8489729900001,13.247778193000045],[121.84922650500005,13.247680829000046],[121.84960877000003,13.247319351000044],[121.84980113400002,13.247198548000028],[121.8501866690001,13.247076450000066],[121.85061577200008,13.246851221000043],[121.8505418100001,13.246715615000028],[121.85114920600006,13.246587584000054],[121.85141242400005,13.246379387000047],[121.85160913100003,13.246388445000036],[121.85222109800009,13.246139846000062],[121.85251236400006,13.246102837000024],[121.85298647900004,13.245956700000022],[121.85335885300003,13.245936762000042],[121.85379964000003,13.245999814000072],[121.85397937000005,13.245925096000065],[121.85432540300008,13.245930394000027],[121.85512508900001,13.246088979000035],[121.8551638030001,13.246188489000076],[121.85555543700002,13.246404679000022],[121.85610814900008,13.246895092000045],[121.8563809850001,13.24691350200004],[121.85652383100012,13.246836126000062],[121.85669960000007,13.24708139300003],[121.85719236700004,13.246858714000041],[121.85743940000009,13.246881579000046],[121.85772404000011,13.247162006000053],[121.85790537300011,13.247201087000064],[121.85812843100007,13.24740663600005],[121.85867651300009,13.24767366900005],[121.85925523300011,13.247663271000022],[121.85955264200004,13.24739734600007],[121.85980429500012,13.247433785000055],[121.86011018300007,13.247267751000038],[121.86059320400011,13.247239790000037],[121.86090798500004,13.247089943000049],[121.86127042300006,13.24713799500006],[121.86143795500004,13.246990487000062],[121.86182876300006,13.247051858000077],[121.86248268200006,13.246770222000066],[121.86270870600003,13.246886286000063],[121.86302795900008,13.24677581900005],[121.86350949900009,13.246359695000024],[121.86400409100008,13.246110940000051],[121.86412767800005,13.245961769000075],[121.8643703250001,13.245929599000021],[121.86436536200006,13.245702571000038],[121.86453689000007,13.24556883300005],[121.86449290400003,13.245369891000053],[121.86463868800001,13.245168510000042],[121.86454647300002,13.245050826000067],[121.86463943800004,13.24475187400003],[121.8648189490001,13.24457863200007],[121.86496883100006,13.24465461400007],[121.86526471600007,13.244543618000023],[121.8655063000001,13.244367428000032],[121.86591060500007,13.244362461000037],[121.86609333800004,13.24429934400007]]],[[[121.83216943100001,13.231628758000056],[121.83233998900005,13.23172018400004],[121.83255196200003,13.23164163000007],[121.832898236,13.231785735000074],[121.83360803800008,13.23187409600007],[121.83432934700011,13.232088475000069],[121.83466467000005,13.23211401900005],[121.83588880400009,13.231695363000028],[121.83617133900009,13.231719155000064],[121.83654804000003,13.231863496000074],[121.83676079500003,13.232072337000034],[121.83685495000009,13.232337194000024],[121.83692816000007,13.23280408200003],[121.83680605400002,13.233038362000059],[121.83693381100011,13.233238194000023],[121.83678328300005,13.233492555000055],[121.83665220700004,13.234075545000053],[121.83640557500007,13.234461031000023],[121.83628619900003,13.23449464500004],[121.8361219630001,13.234933462000072],[121.83587805600007,13.235183482000025],[121.83520897300002,13.235631641000055],[121.8347355520001,13.235898611000039],[121.83389405900004,13.236136773000055],[121.83363989500003,13.236328189000062],[121.8328983130001,13.236640005000027],[121.83269621500006,13.236552695000057],[121.83196215300006,13.236655373000076],[121.83173915600003,13.23676456800007],[121.83136955500004,13.236774733000061],[121.83107524900004,13.236898447000044],[121.83063511300008,13.237275454000041],[121.8303392360001,13.237224531000038],[121.82965772800003,13.237024044000066],[121.82917843300004,13.236829655000065],[121.82885457800012,13.23663141700007],[121.82816567000009,13.236059856000054],[121.8279730490001,13.235584367000058],[121.82799755000008,13.234815604000062],[121.82820003100005,13.234493849000046],[121.82849357300006,13.23443669900007],[121.82848974300009,13.234172083000033],[121.82884401400008,13.233698526000069],[121.82903732300008,13.23367184500006],[121.82917983000004,13.233265752000023],[121.82974733700007,13.232614322000074],[121.82996942000011,13.232477330000052],[121.83026134900001,13.232159018000061],[121.83050668800001,13.232044773000041],[121.83070302700003,13.232095468000068],[121.83063963200004,13.231747621000068],[121.83079753900006,13.231510377000063],[121.83120604300007,13.231484207000051],[121.83186921700008,13.231520931000034],[121.83206146100008,13.231393730000036],[121.83216943100001,13.231628758000056]]],[[[121.81301492300008,13.220657715000073],[121.81324282300011,13.220700965000049],[121.81376910400002,13.221076827000047],[121.81409437200011,13.22145647800005],[121.81417613000008,13.221721941000055],[121.81432330200005,13.22183005200003],[121.81502322000006,13.222100211000054],[121.81545480500006,13.222316531000047],[121.81582007600002,13.222725418000039],[121.81624494100004,13.222944231000042],[121.81631768200009,13.223128840000072],[121.81657031500004,13.22343978300006],[121.81676940500006,13.224327507000055],[121.81675134500006,13.224655166000048],[121.81697708000002,13.225006331000031],[121.81735143000003,13.225150301000042],[121.81852928400008,13.226075625000021],[121.8189916010001,13.22691139400007],[121.81899736200012,13.227224982000052],[121.81879380700002,13.22757450000006],[121.8185060190001,13.227667349000058],[121.81817635200002,13.227893683000048],[121.81795299300006,13.227942780000035],[121.81773123400001,13.228187196000022],[121.81756546800011,13.228210857000022],[121.81718846500007,13.228404211000054],[121.81698955600007,13.228419357000064],[121.81646783100007,13.228684491000024],[121.81623270500006,13.228717621000044],[121.81612735800002,13.228836025000021],[121.81499656000005,13.229279868000049],[121.81461134800008,13.229326373000049],[121.81427886300003,13.229288904000043],[121.81394822100003,13.22938367100005],[121.81316092700001,13.22932066900006],[121.81288888100005,13.229191205000063],[121.8125410240001,13.229120244000057],[121.81217477900009,13.22892226600004],[121.8115688690001,13.228656612000066],[121.81136156700006,13.228602224000042],[121.81072395600006,13.228320095000072],[121.81041062100007,13.228258057000062],[121.81010273700008,13.228113885000027],[121.80930440000009,13.22788717900005],[121.80873534900002,13.227853157000027],[121.80818550800007,13.228198864000035],[121.80801446300006,13.228177987000038],[121.80783289600004,13.228606360000072],[121.80748296600007,13.228555559000029],[121.80664605700008,13.228273672000057],[121.80567227100005,13.227693885000065],[121.80539375600006,13.227406634000033],[121.80508291400008,13.227004050000062],[121.8048610300001,13.226793540000074],[121.80493835400011,13.226288960000034],[121.80490588500004,13.226011680000056],[121.8052193420001,13.225631840000062],[121.80558933100008,13.225006626000038],[121.80599179900003,13.224621637000041],[121.80613256900006,13.224371328000075],[121.80696750700008,13.223798829000032],[121.80761404600003,13.223309912000047],[121.8081054700001,13.222746950000044],[121.80806766700005,13.222497419000035],[121.8083125610001,13.222309191000022],[121.80886588100009,13.222028151000075],[121.80917095100006,13.221948552000072],[121.80931308200002,13.221807493000028],[121.80946939500006,13.221909281000023],[121.80991734100007,13.221928627000068],[121.81056070700004,13.221733129000029],[121.81115190500009,13.221388245000071],[121.81172123500005,13.221222776000047],[121.81194831000005,13.220940780000035],[121.81219848600006,13.220884970000043],[121.81249218100004,13.220681776000049],[121.81301492300008,13.220657715000073]]]]},"properties":{"psgc_code":1704003000,"name":"Gasan","corr_code":174003000,"geo_level":"Mun","city_class":"","inc_class":"","urb_rur":"3rd","pop_2015":"","pop_2020":"","status":"","adm3_pcode":"PH1704003","adm3_en":"Gasan","adm3_alt":"","adm2_pcode":"PH17040","adm1_pcode":"PH17","adm0_pcode":"PH","shape_len":0.518536206662,"shape_area":0.00829031274717,"shape_sqkm":99.3699180351}},
{"type":"Feature","geometry":{"type":"MultiPolygon","coordinates":[[[[121.86094156400009,13.529369092000024],[121.86101160300007,13.529626437000047],[121.8608667310001,13.529914503000043],[121.86071433100005,13.530588149000039],[121.86047075800002,13.530837078000047],[121.85993318700002,13.531096434000062],[121.85945882200008,13.53112433900003],[121.85885423700006,13.530697920000023],[121.85897882900008,13.530292885000051],[121.85942081700011,13.530003689000068],[121.86001293300001,13.52936548200006],[121.8603809220001,13.529220054000064],[121.86077410700011,13.529230701000074],[121.86094156400009,13.529369092000024]]],[[[121.85157545200002,13.532831713000064],[121.85123070200007,13.532792779000033],[121.85093336000011,13.532148752000069],[121.85136819400009,13.532142419000024],[121.85156772300002,13.532331256000077],[121.85178236500008,13.532681832000037],[121.85157545200002,13.532831713000064]]],[[[121.85283554800003,13.535886465000033],[121.85263608900004,13.535764972000038],[121.85254536500008,13.535476361000065],[121.8525582210001,13.534925219000058],[121.85266214600006,13.534606714000063],[121.8528973550001,13.534548449000056],[121.8532606760001,13.53466502300006],[121.85323611800004,13.535287904000029],[121.85343716800003,13.535494552000046],[121.8533754340001,13.53576103100005],[121.85283554800003,13.535886465000033]]],[[[121.92914951300008,13.538687538000033],[121.92907100700006,13.538606246000029],[121.92896529200004,13.538187656000048],[121.92870402900007,13.537841610000044],[121.9287253330001,13.537336482000057],[121.92891815900009,13.536718724000025],[121.9286922550001,13.536632273000066],[121.92854309100005,13.536705723000068],[121.92837201900011,13.536440169000059],[121.92857992800009,13.536047034000035],[121.9283452300001,13.535958787000027],[121.92812746100003,13.535984316000054],[121.92788299100005,13.535900501000071],[121.92772450200005,13.535640647000037],[121.9274205160001,13.535355541000058],[121.92734978300007,13.535120815000028],[121.9269293970001,13.534750518000067],[121.92635433700002,13.534413694000023],[121.925959551,13.53423540700004],[121.92556654900011,13.53414781400005],[121.92546991100005,13.534278232000077],[121.92524961900006,13.534306155000024],[121.92522185100006,13.53447116700005],[121.92487234300006,13.534606195000038],[121.92395943200006,13.533951868000031],[121.92347212200002,13.533377384000062],[121.92321585500008,13.533149470000069],[121.92295420200003,13.533031662000042],[121.92299298500006,13.53285978200006],[121.92320414000005,13.532814464000069],[121.92346972900009,13.532587216000024],[121.92366867900012,13.53269707000004],[121.92397109800004,13.532531322000068],[121.92427704400006,13.532465112000068],[121.92445938600008,13.53232853000003],[121.92458236900006,13.532062622000069],[121.92518755800006,13.531300753000039],[121.92519406600002,13.53088600600006],[121.92491466500007,13.530762289000052],[121.92495050700006,13.530403247000038],[121.92514389900009,13.529982352000047],[121.9251432640001,13.529497608000042],[121.92525470600003,13.529313881000064],[121.92521159000012,13.528898304000052],[121.92541026600009,13.528764394000063],[121.92543109200005,13.528622338000048],[121.92510502000005,13.528245217000062],[121.9248221900001,13.528447414000027],[121.92467871300005,13.528212111000073],[121.92427376900002,13.527887614000065],[121.92350429500004,13.52710085900003],[121.9233372650001,13.527075642000057],[121.92269326000007,13.526648710000075],[121.92170356800011,13.52628874900006],[121.92128593600012,13.52650088300004],[121.9208221880001,13.526376491000065],[121.92050365400007,13.52607275300005],[121.92021260500007,13.525935662000052],[121.91974804200004,13.52582725800005],[121.91957872600005,13.525694977000057],[121.91917149900007,13.52564940600007],[121.91900396900007,13.525507396000023],[121.91875796500005,13.52551866500005],[121.91881524600001,13.525143361000062],[121.91834942600008,13.525369456000021],[121.91756802700002,13.525552722000043],[121.91695442200012,13.525576743000045],[121.9167218120001,13.526015311000037],[121.91654608400006,13.526042140000072],[121.91650939100009,13.52630709300007],[121.91622022900003,13.526278211000033],[121.91626859900009,13.525954954000042],[121.916091488,13.52589996200004],[121.91577176900012,13.525931361000062],[121.91528330400001,13.526146487000062],[121.91506386200001,13.526308788000051],[121.91461931300012,13.526452339000059],[121.91442616300003,13.526608624000062],[121.91449831800003,13.526884970000026],[121.91439865000007,13.527099263000025],[121.91405425100004,13.527234872000065],[121.91372368900011,13.527110518000029],[121.91373747500006,13.527356762000068],[121.91293870200002,13.527499613000032],[121.91290888600008,13.527601702000027],[121.91252912800007,13.527833742000041],[121.91204316900007,13.527630144000057],[121.91182396600004,13.527668108000057],[121.91157817900012,13.527883947000078],[121.91144504100009,13.528115123000077],[121.91188991800004,13.528463600000066],[121.91212358900009,13.528793536000023],[121.91211121700007,13.529008455000053],[121.91235352700005,13.52946799600005],[121.91237599900012,13.52973731000003],[121.912249599,13.529885415000024],[121.91205370800003,13.530291315000056],[121.91190097900005,13.530438076000053],[121.9112604280001,13.53069891900003],[121.91095376400006,13.530912624000052],[121.91068116300005,13.530935617000068],[121.91042706700011,13.531112755000038],[121.91013562600006,13.531180538000058],[121.90992351900002,13.531425583000043],[121.90961306600002,13.531326014000058],[121.90916530400011,13.531349840000075],[121.90883970100003,13.531462967000039],[121.90855706800005,13.531631270000048],[121.90803833600012,13.531524801000046],[121.90764060800007,13.531360487000029],[121.90677826000001,13.531537037000021],[121.90653345900012,13.531644670000048],[121.90634477900005,13.532029780000073],[121.90625291600008,13.532387104000065],[121.90590130900011,13.532620209000072],[121.9057957010001,13.532620480000048],[121.90548948800006,13.533115122000027],[121.9050072550001,13.533291385000041],[121.90474248500004,13.533186907000072],[121.90454559500006,13.532839017000072],[121.90428483700009,13.532731674000047],[121.90395704700006,13.532297889000063],[121.90401503400005,13.53213160100006],[121.9035959580001,13.532072241000037],[121.90291098400007,13.532201283000063],[121.9026153430001,13.532487604000039],[121.90264095400005,13.532649043000049],[121.90219227500006,13.532637751000038],[121.90217849900012,13.532528958000057],[121.9017838200001,13.532316144000049],[121.90179719800005,13.532036368000036],[121.90171945800012,13.531887784000048],[121.90137924700002,13.531812357000035],[121.90107327300007,13.531814627000074],[121.90018472600002,13.531995616000074],[121.89927871200007,13.532392582000057],[121.89912180400006,13.532713726000054],[121.89925630500011,13.532882863000054],[121.89896303500007,13.533071162000056],[121.89879503700001,13.533425989000023],[121.89851178300012,13.533454964000043],[121.89844793700001,13.533259352000073],[121.8982142000001,13.533464275000028],[121.89808860100004,13.533682168000041],[121.89813087100003,13.53393989600005],[121.89839508900002,13.534226201000024],[121.89819558600004,13.534656061000021],[121.89781024800004,13.53466540200003],[121.89765601800002,13.534408030000066],[121.8971808980001,13.534588909000036],[121.89683164200005,13.534845743000062],[121.89670820300012,13.535044724000045],[121.89676696900005,13.535683907000077],[121.89660937000008,13.535950568000032],[121.89646774100004,13.536525780000034],[121.89624854300007,13.53712119000005],[121.8960987800001,13.537309228000026],[121.89594197400004,13.53731272500005],[121.89547934600012,13.537615412000036],[121.89528640700007,13.53792248700006],[121.89510976000008,13.53836233800007],[121.89494245100002,13.538486813000077],[121.89470752700004,13.538433774000055],[121.89447118700002,13.538183399000047],[121.894156941,13.53826771100006],[121.89420053300012,13.538418162000028],[121.89383983200003,13.538713700000073],[121.89366697800006,13.539181717000076],[121.8937408920001,13.539455194000027],[121.89358483500007,13.539551628000027],[121.89331960100003,13.539491154000075],[121.89413420500011,13.541162920000033],[121.8942274200001,13.541020131000039],[121.89542153200011,13.541139989000044],[121.89556149300006,13.541053460000057],[121.89571638000007,13.540791077000051],[121.8961807180001,13.540570160000073],[121.89642832400011,13.540576101000056],[121.89649838200012,13.540741411000056],[121.8967311020001,13.540640078000024],[121.89683780700011,13.540485078000074],[121.89701409500003,13.540504138000074],[121.89756701400006,13.540335807000076],[121.8981834220001,13.540593314000034],[121.89797929100007,13.540845142000023],[121.89791651000007,13.541154780000056],[121.89757149800005,13.541379266000035],[121.8976173310001,13.54153610700007],[121.89738446800004,13.541621371000076],[121.89685293700006,13.542257603000053],[121.89685438100003,13.542564841000058],[121.89653782700009,13.54281151300006],[121.89638246100003,13.543064784000023],[121.89615433200004,13.54314465400006],[121.89591915900007,13.543470083000045],[121.89572473700002,13.543560390000039],[121.89547920300004,13.543895104000057],[121.89504781300002,13.544077436000066],[121.89486281100005,13.544023631000073],[121.89471260200003,13.543556307000074],[121.89436697000008,13.543453945000067],[121.89414401800002,13.543563086000063],[121.89410923000003,13.543695288000038],[121.89366309100001,13.544113433000064],[121.89338795900005,13.54405655000005],[121.89304603500011,13.544293210000035],[121.89316778500006,13.544542246000049],[121.89312982700005,13.544885049000072],[121.8928696260001,13.545150657000022],[121.89227507300006,13.545616427000027],[121.89196097900003,13.546145786000068],[121.89182480000011,13.546296270000028],[121.8913069250001,13.546628076000047],[121.8911867380001,13.547005961000025],[121.89120254500006,13.547415991000037],[121.89139620000003,13.547653231000027],[121.89170959100011,13.547631071000069],[121.8921139900001,13.547474537000028],[121.89262915100005,13.548025265000035],[121.89294233400005,13.548271610000029],[121.89300391400002,13.548434357000076],[121.8929558750001,13.548937075000026],[121.89262132600004,13.54937423900003],[121.89241505200005,13.549523382000075],[121.8921503040001,13.549587462000034],[121.8921476590001,13.549871159000077],[121.89174546100003,13.550201553000022],[121.89161980500012,13.550485880000053],[121.8911468550001,13.551082063000024],[121.89099255200006,13.550912718000063],[121.89075628800003,13.55093693200007],[121.89046697800006,13.551681100000053],[121.89026942700002,13.551737326000023],[121.88988108100011,13.552098801000056],[121.88978476200009,13.552594351000039],[121.88960737000002,13.55273235900006],[121.88920046400006,13.553449250000028],[121.88919291000002,13.55388180500006],[121.88926740000011,13.554251260000058],[121.8894920890001,13.554678042000035],[121.88955466300001,13.55493429300003],[121.89003319000005,13.555666705000021],[121.8902591430001,13.556413191000047],[121.8903668590001,13.556577986000036],[121.89059401400004,13.556678957000031],[121.89062499400006,13.55742318800003],[121.89050188800002,13.557899460000044],[121.89034453900001,13.558066222000036],[121.89033943700008,13.558230697000056],[121.89016297100011,13.558561827000062],[121.88995015000012,13.558723690000022],[121.88984188100005,13.558491927000034],[121.88962193400005,13.558360328000049],[121.8893007040001,13.558412316000044],[121.88904322000008,13.558326886000032],[121.88885922300005,13.558025835000024],[121.8885059800001,13.557820560000039],[121.88839736200009,13.557504710000046],[121.88821738600006,13.557377730000042],[121.88782352700002,13.557330136000076],[121.8875214420001,13.557051186000024],[121.88736605000008,13.556787993000057],[121.88730895800006,13.556297455000049],[121.88728791500012,13.555420895000054],[121.88743662600007,13.555051186000071],[121.88770712500002,13.554765382000028],[121.88831216200003,13.55457989200005],[121.88847345900001,13.55441122700006],[121.8886009580001,13.553959509000038],[121.8886023660001,13.553435251000053],[121.88870523500009,13.552690101000053],[121.88843011300003,13.552136288000042],[121.88798008800006,13.551468667000051],[121.88789287700001,13.550967569000022],[121.88778727800002,13.550797295000052],[121.8878612850001,13.550339114000053],[121.88799283600008,13.550162654000076],[121.88776926700007,13.549960617000067],[121.88771390800002,13.550211410000031],[121.88714063300006,13.549958900000036],[121.88692785800004,13.550196303000064],[121.88659048500006,13.550269296000067],[121.88627129000008,13.550428139000076],[121.88575091400003,13.550376734000054],[121.88559179900005,13.55046472600003],[121.88520519400004,13.550817111000072],[121.88491014500005,13.550866347000067],[121.88468003900005,13.55108556500005],[121.88430043900007,13.551218585000072],[121.88413598200009,13.551168906000044],[121.8837520410001,13.55147807800006],[121.88374822100002,13.551632019000067],[121.88337356600005,13.551929723000057],[121.88289952200012,13.552188568000076],[121.88235093100002,13.552895999000043],[121.88190754800007,13.553268139000068],[121.88190407500008,13.553597884000055],[121.88182276700002,13.553805431000058],[121.88191584300012,13.554041741000049],[121.88177273500003,13.554356803000076],[121.88155033300006,13.554556224000066],[121.88129256200011,13.554565456000034],[121.88083057500012,13.554183315000046],[121.88059063900005,13.554062746000056],[121.88032689600004,13.553824747000021],[121.8800131800001,13.55332530100003],[121.87972250400003,13.553214728000057],[121.87955536600009,13.552168945000062],[121.8794009180001,13.552078142000028],[121.87939576100007,13.551902171000052],[121.8791595880001,13.551848524000036],[121.87862345000008,13.55186691700004],[121.8780941980001,13.551948996000021],[121.87797466900008,13.551918818000047],[121.87744885900008,13.552071284000021],[121.8774471160001,13.552272395000045],[121.87725920000003,13.55234947300005],[121.87686882500009,13.552385456000025],[121.87668328000007,13.552296970000043],[121.87638815700006,13.552290481000057],[121.87610657700009,13.55238754900006],[121.87553915100011,13.552707935000058],[121.87518800900011,13.552674572000058],[121.87465828300003,13.553114205000043],[121.8743219690001,13.553194917000042],[121.87375774600002,13.553578544000061],[121.87362952800004,13.553951145000042],[121.87364949000005,13.554207095000038],[121.87358358400002,13.554642786000045],[121.87404085900005,13.55459425500004],[121.87424367000006,13.554739247000043],[121.87474963600005,13.554927386000031],[121.87493377200008,13.555265924000025],[121.87489353500007,13.555734942000072],[121.87495673700005,13.556126482000025],[121.8750349930001,13.556239706000042],[121.8753326100001,13.556276748000073],[121.87548173200003,13.556371591000072],[121.87568637200002,13.556333922000022],[121.87630746800005,13.556371131000049],[121.87655272100005,13.556598780000058],[121.87683892300004,13.55715281700003],[121.87704346400005,13.557182933000036],[121.87736733200006,13.557398426000077],[121.87773906100006,13.557480704000056],[121.87815068400005,13.557670130000076],[121.87870391500007,13.558316025000067],[121.87885490000008,13.558766258000048],[121.87874047500009,13.559310465000067],[121.87857758000007,13.55953904100005],[121.8781796290001,13.559497161000024],[121.87788903800003,13.559549299000025],[121.87784359600005,13.559729061000041],[121.87716613900011,13.559914083000024],[121.87639071900003,13.560532755000054],[121.87612804700007,13.561026360000028],[121.87599755100007,13.56193032300007],[121.87591475300007,13.56217803900006],[121.87625192500002,13.562829785000076],[121.87603483100008,13.562826951000034],[121.87572695900008,13.562632510000071],[121.87553559500009,13.56235087300007],[121.8754803700001,13.562055309000073],[121.87512331000005,13.562069786000052],[121.87470125200002,13.562235318000035],[121.87421761500002,13.562620069000047],[121.87405244600006,13.562804688000028],[121.87402370600012,13.563095217000068],[121.87431314100002,13.563554711000052],[121.8743503500001,13.563768776000074],[121.87425984300012,13.564150196000071],[121.87468549200003,13.564482914000052],[121.87412384400011,13.564635561000046],[121.87399218500002,13.564808666000033],[121.8737108250001,13.564772039000047],[121.87339012000007,13.564833661000023],[121.873211749,13.565063942000052],[121.87315354200007,13.565332952000063],[121.87339063000002,13.565678379000076],[121.87334830000009,13.565959991000057],[121.87282736800012,13.566238327000065],[121.87249130300006,13.566638228000045],[121.87232555800006,13.566933469000048],[121.87221866700008,13.56734033600003],[121.87224727400007,13.567479582000033],[121.87247903000002,13.567558125000062],[121.87273660700009,13.568422374000022],[121.87274693400002,13.568737095000074],[121.87245513700009,13.569142072000034],[121.87170756000012,13.569635530000028],[121.87140340500002,13.569951109000044],[121.87135909100004,13.570090336000021],[121.87104658400006,13.570057337000037],[121.87067459900004,13.57026806500005],[121.87039853100009,13.570308493000027],[121.87026306200005,13.570460351000065],[121.8700859700001,13.570455238000022],[121.87008863800008,13.570245116000024],[121.8697787750001,13.570095665000053],[121.86954175500011,13.57018673500005],[121.8691537420001,13.570098019000056],[121.86851561200001,13.570345933000056],[121.86803878700005,13.570102762000033],[121.86779022000007,13.570036869000035],[121.86735527200005,13.570132943000033],[121.86705043400002,13.57056828800006],[121.86680305000004,13.57048973600007],[121.8665946860001,13.570547902000044],[121.86650869800008,13.570692178000058],[121.86622075800005,13.570634124000037],[121.8655489360001,13.570342789000051],[121.86511661300005,13.570370507000064],[121.86503864600002,13.569863377000047],[121.865111694,13.569464195000023],[121.86524724000003,13.569076902000063],[121.86521607600002,13.568803480000042],[121.86482010200007,13.568018314000028],[121.86447908100001,13.567580245000045],[121.86393311500001,13.567092418000072],[121.8635920160001,13.566907507000053],[121.86343510200004,13.566427676000046],[121.86296382000012,13.566156651000028],[121.86288845500007,13.565996555000027],[121.86261311400006,13.565747459000022],[121.86223557700009,13.565516354000067],[121.8622091200001,13.565220901000032],[121.86182908700005,13.565007189000028],[121.86151741100002,13.564901621000047],[121.86047597000004,13.564791073000038],[121.85955816300009,13.56493109400003],[121.85931397400009,13.564861024000038],[121.85907567400011,13.564889392000055],[121.85836021300008,13.56484427600003],[121.85815440500005,13.564793961000078],[121.85771655000008,13.56440847500005],[121.85663701100009,13.564535306000039],[121.85539629300001,13.564641202000075],[121.8553024140001,13.56485256600007],[121.85491316900004,13.564966684000069],[121.85457386600001,13.564703174000044],[121.85473807200003,13.564515203000042],[121.85485864100008,13.564678761000039],[121.85509917700006,13.564388747000066],[121.85573226600002,13.563155359000064],[121.85609780100003,13.562389404000044],[121.85631090000004,13.561719439000058],[121.85662474200001,13.560896338000077],[121.85673554400012,13.560372011000027],[121.85694967000006,13.559829541000056],[121.8571710550001,13.559127329000034],[121.8570259070001,13.55796110700004],[121.85737205400005,13.55745100200005],[121.85798403400008,13.556732961000023],[121.85830751000003,13.556419111000025],[121.85837832200002,13.55618546200003],[121.8586491960001,13.556047597000031],[121.85890837600004,13.556010836000041],[121.85927653600004,13.555690647000063],[121.85962731400002,13.555056165000053],[121.85989791100008,13.554324026000074],[121.85984107100012,13.554115582000065],[121.86020082200002,13.55397049800007],[121.86065182200002,13.554007682000076],[121.86094022700001,13.553848778000031],[121.86115979800002,13.553808404000051],[121.8616091990001,13.553326552000044],[121.86190962800003,13.553077572000063],[121.86205568500009,13.552807693000034],[121.86265764300003,13.552507928000068],[121.86296226000002,13.552435486000036],[121.86347171600005,13.552217860000042],[121.8641972470001,13.552060898000036],[121.86444824400007,13.551857765000022],[121.86481600200011,13.551782168000045],[121.86510025300004,13.55146294800005],[121.8652794730001,13.551054874000044],[121.86522533300001,13.550745181000025],[121.86527299300008,13.550328411000066],[121.86526304600011,13.549928168000065],[121.86490214800006,13.549337631000071],[121.86455911600001,13.548358023000048],[121.8642936230001,13.54792171500003],[121.8638721750001,13.54744923100003],[121.86356826200006,13.547037002000025],[121.86327585900005,13.546739348000074],[121.86286317500003,13.546129399000051],[121.86274290200004,13.546021057000075],[121.8626408450001,13.545664527000042],[121.86247551800011,13.545596749000026],[121.86245972100005,13.545352678000029],[121.86209936400007,13.54497019300004],[121.86187915200003,13.544323637000048],[121.861671709,13.544196260000035],[121.86103086300011,13.544116944000052],[121.86092580900004,13.544010351000054],[121.86079081900004,13.543090878000044],[121.86099352400004,13.542851705000032],[121.86105626200003,13.542627922000065],[121.86086710300003,13.541619256000047],[121.86076447300002,13.541314027000055],[121.860382576,13.54059688500007],[121.85979422000003,13.539693337000074],[121.85952012000007,13.539401471000076],[121.85931287500011,13.53928445300005],[121.85899435200008,13.539386003000061],[121.85794362500008,13.539513241000066],[121.85736435800004,13.539550336000048],[121.85655671800009,13.539797020000037],[121.85610437500009,13.539811722000024],[121.85556130900011,13.540536920000022],[121.85538703200007,13.540375708000056],[121.85538043500003,13.540136688000075],[121.85517878700011,13.539835525000058],[121.85546440900009,13.539177689000041],[121.85605374700003,13.538695047000033],[121.85620804100006,13.538490982000042],[121.85628139100004,13.538193154000055],[121.85679923200007,13.537560128000052],[121.85708078300001,13.537349239000037],[121.85747226800004,13.536895853000033],[121.85803205800005,13.535606660000042],[121.85840084600011,13.534810803000028],[121.85871188500005,13.533895224000048],[121.85893829200006,13.533442473000036],[121.85926883200011,13.532946916000071],[121.85970248300009,13.53247742800005],[121.86062213200012,13.531912835000071],[121.8608334590001,13.531877958000052],[121.86142663600003,13.531901515000072],[121.8616893190001,13.532098501000064],[121.86259309900004,13.532275973000026],[121.86314329000004,13.532714403000057],[121.86322864300007,13.533040787000061],[121.86318889100005,13.53345615400002],[121.8633944390001,13.533854020000035],[121.86344173600003,13.534094439000057],[121.86359655900003,13.534358460000021],[121.86369179400003,13.535052936000056],[121.86379204900004,13.535187414000063],[121.86376608800003,13.53561026500006],[121.86356322300003,13.535908345000053],[121.86327170600009,13.53595561700007],[121.86285403200009,13.535826575000044],[121.8625231640001,13.535969944000044],[121.8621042210001,13.535852005000038],[121.86192765900012,13.53617676600004],[121.86142775500002,13.53628838800006],[121.86098589100004,13.53655315800006],[121.86088817600012,13.536396472000035],[121.86020491700003,13.536830811000073],[121.8599960040001,13.536610904000042],[121.85958481400007,13.53677897800003],[121.8597413010001,13.536996424000051],[121.85995026500007,13.537074769000071],[121.8601420440001,13.537312992000068],[121.86031486400009,13.53787763400004],[121.86023717300009,13.538198135000073],[121.86036217700007,13.538336409000067],[121.86069109400012,13.538309870000035],[121.86102507500004,13.538493178000067],[121.86103530100002,13.538644737000027],[121.8612785360001,13.538693114000068],[121.86168992500006,13.53909797700004],[121.86176865200002,13.539311180000027],[121.86236294000003,13.539732728000047],[121.86265931800006,13.539671202000022],[121.8630309880001,13.539861181000049],[121.86338431400009,13.540168368000025],[121.86363816800008,13.54026764400004],[121.8642475050001,13.540378755000063],[121.86445964000006,13.540320930000064],[121.86446599300007,13.540067412000042],[121.86466286200005,13.539945914000043],[121.86505240100007,13.540070282000045],[121.86532433700006,13.53979565000003],[121.86555544900011,13.53936574100004],[121.86584261100006,13.539178936000042],[121.86619545100007,13.539056291000065],[121.866314697,13.539303553000025],[121.86615105600004,13.539674096000056],[121.86627262600007,13.540059115000076],[121.86653042700004,13.540284642000074],[121.86726944600002,13.540376586000036],[121.86756324500004,13.540455439000027],[121.86762161700005,13.540609106000034],[121.86786983400009,13.540639471000077],[121.86806741800001,13.54054805000004],[121.8684930710001,13.540692988000046],[121.86864140900002,13.541106274000072],[121.8685170760001,13.541815702000065],[121.86829146700006,13.542073034000055],[121.86854427500009,13.542333603000031],[121.86856006900007,13.542589251000038],[121.86867720300006,13.54274078700007],[121.86851086100012,13.543037475000062],[121.86877584000001,13.543045214000074],[121.86921937000011,13.543367231000047],[121.86980347300005,13.54357109600005],[121.86990246900007,13.543539163000048],[121.87044101000004,13.543776803000071],[121.87039156700007,13.543378033000067],[121.87069857800009,13.542914580000058],[121.8711484260001,13.542825845000038],[121.87159437300011,13.543177720000074],[121.8717467460001,13.543063653000047],[121.87189681600012,13.542699134000031],[121.87205043900008,13.542806652000024],[121.8726318040001,13.542427719000045],[121.87246415100003,13.54220932800007],[121.87249402400005,13.541913194000074],[121.87274529700005,13.54159080200003],[121.87319730900003,13.54140837500006],[121.87385501200004,13.541275421000023],[121.87413931000003,13.541280848000042],[121.87414853100006,13.541109663000043],[121.87475019600004,13.540924373000053],[121.87481811700002,13.540729369000076],[121.8747741740001,13.54045652600007],[121.87457613100003,13.540283502000023],[121.87455235900006,13.540033848000064],[121.87423459100012,13.539742620000027],[121.87413554400007,13.53974615900006],[121.87323080400006,13.53915862100007],[121.87307312900009,13.538937460000056],[121.87322362000009,13.53863079000007],[121.87292108500003,13.538231359000065],[121.87342012500005,13.537723285000027],[121.87335049900003,13.537470050000024],[121.87297815800002,13.537496695000073],[121.87276545800012,13.537286219000066],[121.8726022190001,13.537277258000074],[121.872129545,13.537414235000028],[121.87191788900009,13.536995228000023],[121.87189903100011,13.536803623000026],[121.87170148500002,13.536660640000036],[121.8715251750001,13.53666705300003],[121.8720122950001,13.53604505800007],[121.8718029050001,13.535883442000056],[121.87173256000005,13.535608359000037],[121.87140714000009,13.53545451900004],[121.87108022300004,13.535092659000043],[121.87101098200003,13.534885531000043],[121.87036379200003,13.534891474000062],[121.87020339200001,13.535231702000033],[121.87018370900012,13.535632011000075],[121.8700103870001,13.536220164000042],[121.8697512110001,13.536255901000061],[121.86943700000006,13.536175774000071],[121.86936600400009,13.53607061300005],[121.86885059100007,13.536076433000062],[121.86845400100003,13.535767787000054],[121.86844572400003,13.535666699000046],[121.86818082800005,13.53530445900003],[121.8678619530001,13.535307622000062],[121.86760328700007,13.53519843500004],[121.86741697800005,13.534976045000064],[121.8674019020001,13.534434653000062],[121.867244389,13.534121750000054],[121.86696548200007,13.53380300200007],[121.8665707460001,13.53397794500006],[121.86643132800009,13.53392507500007],[121.86606378700003,13.533971633000021],[121.86559816200008,13.534246092000046],[121.86536108700011,13.534242937000045],[121.86523586100009,13.534644145000073],[121.86527449000005,13.535017125000024],[121.86496980000004,13.535119314000042],[121.86496000900001,13.53491043300005],[121.86513815400008,13.53477041800005],[121.86534603000007,13.534142667000026],[121.86464595000007,13.534162000000038],[121.86466241500011,13.534044656000049],[121.86504318800007,13.534034690000055],[121.86509707800008,13.533865399000035],[121.86507610100011,13.533467962000032],[121.86474843600001,13.533446161000029],[121.864756682,13.533310930000027],[121.8652501570001,13.533348302000036],[121.86532008600011,13.533155829000066],[121.865197222,13.53277423000003],[121.86493281900005,13.532847902000071],[121.86486972900002,13.53257431000003],[121.86505796200004,13.532516615000077],[121.86511488100007,13.53275891900006],[121.86547954700006,13.532784655000057],[121.86574479100011,13.532252515000039],[121.86604414600004,13.531517588000042],[121.86625178000008,13.531169607000038],[121.8664414650001,13.53074706700005],[121.86650057700001,13.530264112000054],[121.86641810200001,13.530058676000067],[121.8666030600001,13.529995153000073],[121.86703665300001,13.528829675000054],[121.86695916800011,13.528368341000032],[121.86702093000008,13.528241179000076],[121.86698471300008,13.527546218000055],[121.8670481470001,13.527266397000062],[121.86755769000001,13.52694206700005],[121.86747232400012,13.526707909000038],[121.86710463600002,13.52687334500007],[121.86704055300004,13.527028486000063],[121.8665790770001,13.527228080000043],[121.86637950300008,13.527248720000046],[121.86664149900002,13.526754311000047],[121.86688785800004,13.526769761000025],[121.86714063600004,13.526687078000066],[121.86695637100001,13.526324447000036],[121.86662052400004,13.526016925000022],[121.86638495700004,13.525937273000068],[121.86601017500004,13.526361434000023],[121.86574588300005,13.526495092000062],[121.86549251200006,13.526119976000075],[121.86512513500008,13.525792239000054],[121.86496754500001,13.525882369000044],[121.86479350600007,13.525688947000049],[121.86426656900005,13.525276007000059],[121.86397082000008,13.525106048000055],[121.86356943700002,13.525195926000038],[121.86345952800002,13.525688186000025],[121.86333234400001,13.525839129000076],[121.86275132200001,13.526082205000023],[121.86251219300004,13.52611464000006],[121.86211307300005,13.526027320000026],[121.86206932100004,13.52571763800006],[121.86195700200005,13.525551952000058],[121.86151998700007,13.52513846200003],[121.86150702300006,13.524954485000023],[121.86133221400007,13.524678903000051],[121.86087379900005,13.52431346800006],[121.86048597000001,13.524260686000048],[121.85943182900007,13.52455690000005],[121.85939571600011,13.524376934000031],[121.85877317600011,13.52373209600006],[121.8587306500001,13.523263797000027],[121.85900825300007,13.522435395000059],[121.85901774800004,13.52221858300004],[121.85891211,13.521881978000067],[121.8584149300001,13.521258488000058],[121.85814722300006,13.52106034600007],[121.857780993,13.520950583000058],[121.8574955360001,13.52119112500003],[121.85695902700002,13.52146513100007],[121.85683181200011,13.521578098000077],[121.85628839100002,13.521054950000064],[121.85568409600012,13.52059373700007],[121.85502470100005,13.520299622000039],[121.85452781300012,13.520307524000032],[121.85411285700002,13.52048198700004],[121.853857919,13.520499345000076],[121.85259596000003,13.521676290000073],[121.85243841200008,13.521913773000051],[121.85223898400011,13.52202856200006],[121.85185313800002,13.52191872000003],[121.85176666100006,13.521640052000066],[121.85162684700003,13.521447498000043],[121.85132369000007,13.521353698000041],[121.85007719600003,13.521471616000042],[121.84969821400011,13.521445675000052],[121.84960042300008,13.521069707000038],[121.84966338400011,13.52098883800005],[121.84963857700006,13.52062619700007],[121.84977650000008,13.520497694000028],[121.8504733640001,13.520409452000024],[121.85076497200009,13.520234816000027],[121.85097276900001,13.519671991000052],[121.85098348700001,13.519376697000041],[121.85088953600007,13.519008776000021],[121.8507356130001,13.518809131000069],[121.84959726500006,13.51795871400003],[121.84942611200006,13.51763750400005],[121.84959223600003,13.517255627000054],[121.84988035100002,13.517152876000068],[121.85027889800006,13.517172909000067],[121.85126943700004,13.517429593000031],[121.85158174700007,13.517179922000025],[121.8516079100001,13.516962161000038],[121.85200118800003,13.515980782000042],[121.85224687000004,13.51525274900007],[121.85238269900003,13.515145226000072],[121.8526964880001,13.515210502000059],[121.85320357900002,13.51509973900005],[121.85322779600006,13.515352950000022],[121.85391289100005,13.515396580000072],[121.85399921700002,13.515191091000077],[121.85417440600008,13.51522047800006],[121.85417017300006,13.515410813000074],[121.85442226900011,13.515368864000038],[121.85454005500003,13.51522146900004],[121.85440095600006,13.514997270000038],[121.85421397000005,13.514896055000065],[121.85395998500007,13.514625967000029],[121.8541075500001,13.514423736000026],[121.85376697000004,13.51406841100004],[121.85386836100008,13.513726692000034],[121.85370706000003,13.513361902000042],[121.85347641800001,13.513093476000051],[121.85349870300001,13.51262269700004],[121.85364027100002,13.512477941000043],[121.85381576400005,13.51248157200007],[121.85379969100006,13.512021711000045],[121.85369131900006,13.511769725000022],[121.85366969000006,13.511343406000037],[121.853507508,13.511026584000035],[121.85357053300004,13.510924579000061],[121.85339148500009,13.510597606000033],[121.85297959100001,13.509522429000071],[121.85264886000004,13.508966646000033],[121.85230900600004,13.508718716000033],[121.85194911100007,13.50873475800006],[121.85147562100008,13.509048746000076],[121.85112696800002,13.509163368000031],[121.85073630300008,13.509131539000066],[121.85023146700007,13.508775164000042],[121.84986828900003,13.50869122000006],[121.84950652400005,13.508835936000025],[121.84912624700007,13.509087008000051],[121.84863578200009,13.509311643000046],[121.8481035640001,13.509323512000037],[121.84730810400004,13.508972419000031],[121.84704716300007,13.508748225000033],[121.84689368000011,13.508473389000073],[121.8468894450001,13.50825459400005],[121.84702890200003,13.507845458000077],[121.84717826300005,13.507664186000056],[121.84733584000003,13.507649625000056],[121.84736428300005,13.508046424000042],[121.84770027700006,13.508002932000068],[121.84795206600006,13.507814370000062],[121.84869104000006,13.507496328000059],[121.84910593400002,13.507464814000059],[121.84946936800009,13.507352448000063],[121.85016264800004,13.506913478000058],[121.85063126200009,13.507102778000046],[121.850727043,13.506861179000055],[121.8507111130001,13.506491899000025],[121.85084348400005,13.506350059000056],[121.85080744000004,13.506187710000063],[121.85098989100004,13.505753436000077],[121.85087515600003,13.50555137300006],[121.85069773600003,13.505542125000034],[121.85020825900006,13.50570392700007],[121.85005800800002,13.505515266000032],[121.84966132900001,13.505324760000065],[121.84946239700002,13.505117841000072],[121.84935027000006,13.505165421000072],[121.84902144900002,13.505045685000027],[121.8488538360001,13.504874415000074],[121.8485431360001,13.504822354000055],[121.84819717300002,13.504679920000058],[121.84804284000006,13.50443449200003],[121.8476180030001,13.504270962000021],[121.84751517200004,13.504723541000033],[121.84754102600004,13.50527454400003],[121.8476764620001,13.505615876000036],[121.847845,13.505828050000048],[121.84777036000003,13.50617769400003],[121.8476315050001,13.50637272800003],[121.84746907600004,13.506391258000065],[121.84724637700003,13.506171935000054],[121.84725600200011,13.505946239000025],[121.84696596800006,13.50589689900005],[121.84663579400001,13.505613680000067],[121.8457070180001,13.505310331000032],[121.8453971880001,13.505130646000055],[121.84493168000006,13.50458605600005],[121.8446790380001,13.504041494000035],[121.84424581200005,13.503390913000032],[121.8440912640001,13.502855855000064],[121.84411008400002,13.502497724000023],[121.84422195800005,13.501921493000054],[121.84420385800001,13.501182520000043],[121.84430361600005,13.500315669000031],[121.84417820500005,13.499450983000031],[121.84405162600001,13.499068558000033],[121.84384944900012,13.49866716200006],[121.84351374300002,13.498218144000077],[121.84302432000004,13.497720532000073],[121.84279484100011,13.497539559000074],[121.84253132900005,13.497469798000054],[121.84164948800003,13.497510172000034],[121.84121580100009,13.497594225000057],[121.84020986200005,13.497985065000023],[121.83984085100008,13.497836195000048],[121.83983151300004,13.497620378000022],[121.83971343700011,13.497509655000044],[121.83911533300011,13.497518269000068],[121.83885998100004,13.49741903000006],[121.83878381600005,13.497286086000031],[121.8392879480001,13.49717068800004],[121.84063338100009,13.497059370000045],[121.84095579000007,13.497010473000046],[121.84120893400006,13.496842808000054],[121.84140093500002,13.496493250000071],[121.84173470700011,13.496238935000065],[121.84190963000003,13.49599273800004],[121.8424492470001,13.49588039200006],[121.84237244200006,13.495392837000054],[121.84258643600003,13.49444991300004],[121.84262683300005,13.494119150000074],[121.84252748600011,13.493773990000022],[121.84241546700002,13.492621592000035],[121.84226341500005,13.491992645000039],[121.84165719300006,13.490645589000053],[121.84111561500004,13.489535992000071],[121.84087809900007,13.489210099000047],[121.84070668700008,13.48884567500005],[121.83991312600006,13.48764572500005],[121.83977064200008,13.487394809000023],[121.83928819000005,13.486790165000059],[121.83903301900011,13.48656739300003],[121.83884942000009,13.486279483000033],[121.83845372500002,13.485791640000059],[121.83824589000005,13.48537963800004],[121.83813283900008,13.485332670000048],[121.83790290200011,13.485584552000034],[121.83774584900004,13.485467651000022],[121.8380118550001,13.485224267000035],[121.83821413700002,13.484937388000048],[121.8382214830001,13.48460099500005],[121.83868260700001,13.484420555000042],[121.8385544250001,13.484198755000023],[121.83886014100005,13.48403969800006],[121.83946686800004,13.483838003000074],[121.8403911260001,13.483826966000038],[121.84093637500007,13.483949454000026],[121.84140479500002,13.484129661000054],[121.84185155600005,13.484102352000036],[121.84222310500002,13.483930480000026],[121.84240659300008,13.48371091100006],[121.8424343370001,13.48326877200003],[121.84206254800006,13.482757482000068],[121.8420631780001,13.482476653000049],[121.84224770100002,13.482048224000039],[121.84177903000011,13.481912640000075],[121.84169671000006,13.480096870000068],[121.84494688000007,13.471609860000058],[121.8470808300001,13.472853980000025],[121.84992984000007,13.468095490000053],[121.85270433000005,13.467164350000076],[121.85460476000003,13.462311310000075],[121.85900342000002,13.462587910000025],[121.86120358000005,13.46246621000006],[121.86328062000007,13.462973900000065],[121.86237772000004,13.46071573000006],[121.86477646100002,13.459280662000026],[121.86967811600005,13.460017398000048],[121.87070569600007,13.459637641000029],[121.87305125800003,13.459503608000034],[121.87706599700005,13.459911852000062],[121.88021864100006,13.459832611000024],[121.88061001900007,13.458269346000066],[121.88245053000003,13.455752300000029],[121.88363018600012,13.454818338000052],[121.88550357000008,13.455150333000063],[121.88743898200005,13.455190654000035],[121.8883663680001,13.454626160000032],[121.88917279000009,13.453698774000031],[121.89106788100003,13.453174600000068],[121.89344682500007,13.453416526000069],[121.89707633600005,13.45399816400004],[121.90002167700004,13.453989300000046],[121.90591131000008,13.452671284000076],[121.90818416500008,13.453753597000059],[121.91013232700004,13.454186521000054],[121.9119722580001,13.453212441000062],[121.9136548030001,13.451993035000044],[121.91478627000004,13.452021897000066],[121.91542679500003,13.452682433000064],[121.91571328700002,13.453333551000071],[121.916781119,13.454140937000034],[121.91816148800001,13.454245115000049],[121.91909909800006,13.454375339000023],[121.91941163400008,13.454739964000055],[121.91956790200004,13.455208769000023],[121.92102640500002,13.455755708000027],[121.92166391400008,13.453941198000052],[121.92643142000009,13.453468120000025],[121.93134477000001,13.449381550000055],[121.92740420700011,13.448402805000057],[121.92747002100009,13.445967732000042],[121.93060467100008,13.442345895000074],[121.93272330400009,13.443704169000057],[121.93515213600006,13.444423823000022],[121.93707868800004,13.447283987000048],[121.93898725800011,13.447218175000046],[121.93956801000002,13.448602450000067],[121.94010638000009,13.448417720000066],[121.94076612000003,13.448508160000074],[121.94168109000009,13.448737320000077],[121.94239288000006,13.449317850000057],[121.9425523000001,13.449258420000035],[121.94280996000009,13.448917030000075],[121.94302169000002,13.449441730000046],[121.94401746000005,13.449251630000049],[121.94515731000001,13.448635310000043],[121.94628602000012,13.448630280000032],[121.94664124000008,13.448116560000074],[121.9470854000001,13.44671468000007],[121.9495246780001,13.445734780000066],[121.95156687600002,13.448821070000065],[121.95103654800005,13.452343966000058],[121.958347505,13.45310157800003],[121.95990061000009,13.454465280000022],[121.96126431100004,13.454465280000022],[121.96153293600003,13.456708063000065],[121.96159322100004,13.457421450000027],[121.96159322100004,13.458024962000025],[121.96122745700006,13.458427302000075],[121.96073367500003,13.458683338000071],[121.96025818100009,13.459030813000027],[121.95976439900005,13.459268560000055],[121.95950836400004,13.459524595000062],[121.95943521100003,13.460109818000035],[121.95965467000008,13.460384141000077],[121.95994728200003,13.460640176000027],[121.96014845200011,13.461060805000045],[121.96013016300003,13.461700892000067],[121.96031304600001,13.462304404000065],[121.96055079200005,13.462834762000057],[121.96093484500011,13.463182238000059],[121.96157493200008,13.463566290000074],[121.96217844400007,13.463804037000045],[121.96254420800005,13.464206377000039],[121.96241619000011,13.464901330000032],[121.96210529000007,13.465724300000034],[121.96162979700011,13.466236369000057],[121.96098970900005,13.466839881000055],[121.96051421600009,13.467534833000059],[121.96003872300003,13.46835780300006],[121.95958151700006,13.46930879000007],[121.95916088800004,13.47004031800003],[121.9589484170001,13.470711936000043],[121.94564704700008,13.487784217000069],[121.94369467000001,13.491879980000022],[121.94255088000011,13.493776300000036],[121.93989649000002,13.495347410000022],[121.93849496000007,13.500681230000055],[121.93552134800007,13.507064945000025],[121.93412220000005,13.51242252000003],[121.93231649000006,13.522461100000044],[121.93037775000005,13.53423642000007],[121.92914951300008,13.538687538000033]]]]},"properties":{"psgc_code":1704004000,"name":"Mogpog","corr_code":174004000,"geo_level":"Mun","city_class":"","inc_class":"","urb_rur":"3rd","pop_2015":"","pop_2020":"","status":"","adm3_pcode":"PH1704004","adm3_en":"Mogpog","adm3_alt":"","adm2_pcode":"PH17040","adm1_pcode":"PH17","adm0_pcode":"PH","shape_len":0.717192027548,"shape_area":0.00828545290429,"shape_sqkm":99.2425584014}},
{"type":"Feature","geometry":{"type":"MultiPolygon","coordinates":[[[[122.11008352500005,13.411620093000067],[122.11004119900008,13.41233363300006],[122.11022842200009,13.412756287000036],[122.11055566100003,13.414090532000046],[122.11057032600002,13.414268191000076],[122.11036287700006,13.414440877000061],[122.11009149100005,13.414330241000073],[122.1100272320001,13.414445422000028],[122.11000806200002,13.414875257000062],[122.1102005250001,13.414923417000068],[122.11026934400002,13.415273961000025],[122.1101160500001,13.415619535000076],[122.10973567200006,13.416003819000025],[122.10894151200011,13.416267280000056],[122.10880826400012,13.41623837000003],[122.10870482100006,13.415979023000034],[122.10852214800002,13.416031696000061],[122.1084971040001,13.416478194000035],[122.1075296360001,13.416501453000024],[122.1070456440001,13.416827564000073],[122.10645580900007,13.41690053900004],[122.10620302500001,13.417034404000049],[122.10594269500007,13.417034200000046],[122.10534562500004,13.416847541000038],[122.1050776410001,13.416847331000042],[122.10488613600012,13.416951449000067],[122.10415910600011,13.41811542000005],[122.10376838700006,13.418383231000064],[122.10370699700002,13.418547034000028],[122.10375271400005,13.418815188000053],[122.10391333900009,13.419016404000047],[122.10385955600009,13.419239794000077],[122.10342189400001,13.419668405000039],[122.10300030500002,13.420219208000049],[122.10213445700003,13.420963297000071],[122.1014713940001,13.42149891300005],[122.10127206300001,13.421796665000045],[122.10110330100008,13.422161471000038],[122.10095733700007,13.42273483100007],[122.10096470400003,13.42307743300006],[122.10107931300001,13.423367987000063],[122.10136248000003,13.423532064000028],[122.10192892700002,13.423733606000042],[122.10225798500005,13.423964750000039],[122.10239547700007,13.424367041000039],[122.10227769200003,13.424883607000027],[122.10227705700004,13.425637109000036],[122.10243162500001,13.426073185000064],[122.10243090300003,13.426936147000049],[122.10227018000012,13.42723742000004],[122.10220909100008,13.427501096000071],[122.10217515500005,13.42837901200005],[122.10194233000004,13.428879368000025],[122.10117925000009,13.430238019000058],[122.10056681900005,13.431235705000063],[122.09984126600011,13.432049874000029],[122.09955902900003,13.432081940000046],[122.09939288800001,13.432243270000072],[122.09937060800007,13.432415480000031],[122.09956935500009,13.432953853000072],[122.09979938400011,13.433352014000036],[122.09978258700005,13.433583433000024],[122.10004807400003,13.433728965000057],[122.10118227700002,13.43414967900003],[122.1016635200001,13.434359966000045],[122.10175751400004,13.43445153700003],[122.10179595900001,13.434796024000036],[122.10173475800002,13.435188871000037],[122.10202245200003,13.435253686000067],[122.10218834800003,13.435388372000034],[122.10231533400008,13.435732931000075],[122.10247580400005,13.435738442000059],[122.10261428500007,13.43557170500003],[122.10269209800003,13.435162723000076],[122.10299106100001,13.434990731000028],[122.10336735300007,13.43499102900006],[122.10383762000004,13.435115191000023],[122.10400919900007,13.435077652000075],[122.10413114000005,13.434840931000053],[122.10429166000006,13.434792617000028],[122.10544704100005,13.434820433000027],[122.1056574910001,13.434610693000025],[122.10574075000011,13.434303976000024],[122.10618918000011,13.434056744000031],[122.1067280530001,13.433644643000036],[122.10704934300009,13.43322508600005],[122.1073208570001,13.432773197000074],[122.10744300100009,13.432278134000057],[122.10753720000002,13.432122124000045],[122.10788033000006,13.432063184000071],[122.10824031600009,13.431697471000064],[122.1087165240001,13.431587080000043],[122.10894357600012,13.43136658800006],[122.10924799400004,13.431276441000023],[122.10954150100008,13.430991412000026],[122.1098243460001,13.430200452000065],[122.10981377900009,13.429581498000061],[122.10995539600003,13.42923803900004],[122.11028770100006,13.428866926000069],[122.11044844000003,13.428533357000049],[122.11068089800006,13.428463566000062],[122.11099099600006,13.428183931000035],[122.1113562600001,13.42811424000007],[122.1117545950001,13.428206037000052],[122.11191514500001,13.428109280000058],[122.11208134900005,13.427861825000036],[122.11291249100009,13.427804705000028],[122.11307878000002,13.427444227000024],[122.1134164560001,13.427266871000029],[122.11371546500004,13.427008753000052],[122.11434651900004,13.426697061000027],[122.11463993900009,13.426508904000059],[122.11487793300012,13.426439113000072],[122.11499401200001,13.426595281000061],[122.11517108300006,13.42659541300003],[122.11543687200003,13.42636417600005],[122.1158235260001,13.426140583000063],[122.1162109920001,13.425974024000027],[122.11647109700004,13.425931159000072],[122.11657641300008,13.425699805000022],[122.11693062600011,13.425603187000036],[122.11720723300004,13.425689504000047],[122.11750604100007,13.425689724000051],[122.11772728200003,13.425819058000059],[122.11770784200007,13.42639420100005],[122.11776860500004,13.426528799000039],[122.11761330900003,13.426991552000061],[122.11788426200008,13.427228564000075],[122.11788961600007,13.427460000000053],[122.11766802400007,13.427788149000037],[122.11760141000002,13.428062587000056],[122.1176057240001,13.429634605000047],[122.11769965100007,13.429817666000076],[122.11809784600007,13.430097829000033],[122.11823047500002,13.430323977000057],[122.11826349400008,13.430560816000025],[122.11829589900003,13.43159132900007],[122.11839531900011,13.431828217000032],[122.11868843900004,13.432032952000043],[122.11868250700002,13.432549634000054],[122.11848311300002,13.432794950000073],[122.11850500000003,13.433112515000062],[122.11878148400001,13.43336567700004],[122.11886980100007,13.43365099600004],[122.11919621300001,13.433748111000057],[122.11952245600003,13.43406589600005],[122.11992914500001,13.434837045000052],[122.1198782570001,13.436260823000055],[122.11965762400007,13.436449032000041],[122.11925919600003,13.436448748000032],[122.11899352700004,13.436513142000024],[122.1186115370001,13.436728153000047],[122.1184174870001,13.437207024000031],[122.11815173800005,13.437379059000023],[122.11806294600001,13.437709325000071],[122.11812367000005,13.437897743000065],[122.11769172400011,13.438311851000037],[122.11748697000007,13.438322465000056],[122.11713259700002,13.438607457000046],[122.11671380100006,13.43877954800007],[122.11644691400011,13.43909681100007],[122.11611374300003,13.439298706000045],[122.11512418100006,13.439680836000036],[122.11520267700007,13.43994211100005],[122.115471307,13.439925822000077],[122.11571726400007,13.440017437000051],[122.11641485200005,13.440034403000027],[122.11745444600001,13.439711436000039],[122.11764820300004,13.43961469900006],[122.11791955900003,13.439356554000028],[122.11856428400006,13.439027176000025],[122.11941684600004,13.438950352000063],[122.11991266600012,13.439096833000065],[122.12021642100001,13.439128265000022],[122.12071066500005,13.439252099000043],[122.12084706600001,13.439436754000042],[122.12106503200005,13.439542953000057],[122.12157962100002,13.440083323000067],[122.1219275850001,13.44010682000004],[122.1220007070001,13.440454288000069],[122.12181380800007,13.440732313000069],[122.1219585980001,13.440831195000044],[122.12237360400002,13.440647441000067],[122.12253516500004,13.44030329700007],[122.12286313700008,13.439937668000027],[122.12325601000009,13.439776069000061],[122.12333355400006,13.439928646000055],[122.12379664600007,13.439780818000031],[122.12436752200006,13.440087996000045],[122.1245815100001,13.440263912000034],[122.12461424100002,13.440428896000071],[122.12485156500009,13.440612092000038],[122.12535282700003,13.440856379000024],[122.12552067400009,13.441072376000022],[122.12553541300008,13.441332398000043],[122.12575907100006,13.441508726000052],[122.12573180400011,13.442017962000023],[122.12597820500002,13.442051548000052],[122.12590034300001,13.442316839000057],[122.12593447900008,13.44260011800003],[122.12609728100006,13.442587160000073],[122.1258968300001,13.443010621000042],[122.12567558100011,13.443290810000065],[122.12612518100002,13.443217050000044],[122.12618212000007,13.443659839000077],[122.12603417700007,13.44377243100007],[122.12617876700006,13.444144864000066],[122.12635486500005,13.444325109000033],[122.1262558410001,13.444589862000043],[122.12648873100011,13.44471930800006],[122.12660770700006,13.445079947000067],[122.12677828400001,13.445208749000074],[122.12671691700007,13.445385552000062],[122.1270805370001,13.445690382000066],[122.12739946700003,13.446231701000045],[122.12788972800001,13.446608640000022],[122.127876807,13.44683685700005],[122.1282661460001,13.446885207000037],[122.12840101100005,13.447033863000058],[122.12862338200011,13.44749465800004],[122.12878874700004,13.447964720000073],[122.12883771100007,13.448258528000054],[122.128605848,13.448507340000049],[122.12831434500004,13.448619643000029],[122.12835674400003,13.448758492000024],[122.12856870400003,13.448856465000063],[122.12872614700007,13.449111438000045],[122.12873308600001,13.449562356000058],[122.1286174710001,13.449768272000028],[122.1283184240001,13.450013548000072],[122.12821450700005,13.44988741900005],[122.12800574100004,13.450025223000068],[122.1279355900001,13.450203669000075],[122.12772907400006,13.451415694000048],[122.12768637500005,13.451980812000045],[122.12778160200003,13.452786784000068],[122.12773813600006,13.453278816000022],[122.12763704300005,13.453531319000035],[122.12762542300004,13.454226079000023],[122.12732362500003,13.45479352600006],[122.12720025100009,13.454926503000024],[122.12718610200011,13.455323933000045],[122.12676059800003,13.45582097700003],[122.12631534200011,13.455995102000031],[122.12610101900009,13.456338926000058],[122.12578546600002,13.457053082000073],[122.12524494900003,13.457828748000054],[122.12489675000006,13.45838549900003],[122.1247040080001,13.459074905000023],[122.12421961300004,13.459833317000061],[122.12412593900001,13.460253113000022],[122.12386177400003,13.460517462000041],[122.12341151600003,13.461272826000027],[122.12318929600008,13.461405718000037],[122.12310723000007,13.461597908000044],[122.12260428000002,13.462051453000072],[122.12186378400008,13.462659862000066],[122.1214256720001,13.462923571000033],[122.12048082600006,13.46339481700005],[122.120185375,13.463748449000036],[122.11967142300011,13.46416539300003],[122.1190693210001,13.464835185000027],[122.11868882300007,13.465060722000032],[122.11844011200003,13.465274910000062],[122.11820771100008,13.465339094000058],[122.1177997210001,13.46554980600007],[122.11706819900007,13.466282703000047],[122.11674907500003,13.466737112000033],[122.11615471300001,13.467236974000059],[122.11574599900007,13.467750090000038],[122.11500497600002,13.468750550000038],[122.11473382300005,13.469452475000026],[122.11457350700005,13.469478096000046],[122.11453217400003,13.469672565000053],[122.11416310800007,13.469834204000051],[122.1141713940001,13.469958567000049],[122.11378486600006,13.470117240000036],[122.11364818600009,13.470525704000067],[122.113449005,13.47056632400006],[122.11317465500008,13.47077609300004],[122.11299236200011,13.470671983000045],[122.112419896,13.470889678000049],[122.11225644600006,13.470814123000025],[122.11207336200005,13.470889541000076],[122.11202889900005,13.471247085000073],[122.11152357300011,13.471390639000049],[122.11146055900008,13.471543487000076],[122.11125722400004,13.471537214000023],[122.11111673200003,13.471668585000032],[122.11063765500012,13.471645791000071],[122.11070426800006,13.47191113200006],[122.11048415500011,13.472044680000067],[122.11019389800003,13.472011768000073],[122.11008147600012,13.472383192000052],[122.10985217900009,13.472534564000057],[122.10961382000005,13.472558149000065],[122.10959773100001,13.472828381000056],[122.10921875300005,13.472923175000062],[122.10880857200004,13.472860452000077],[122.10898546900012,13.47325877700007],[122.10928305700008,13.47340814100005],[122.1092461080001,13.473746869000024],[122.10883310600002,13.473662037000054],[122.10864154100011,13.473948972000073],[122.10885732800011,13.474056036000036],[122.10916333800003,13.47404907400005],[122.1091020670001,13.474242177000065],[122.10867897300011,13.474222448000035],[122.10842355200009,13.474511524000036],[122.10821436900005,13.474565056000074],[122.10815051400004,13.474740643000075],[122.10828262900009,13.47527382800007],[122.10857831600003,13.475378497000065],[122.10829345800005,13.475640723000026],[122.1084339460001,13.47572997900005],[122.10800139300011,13.476177345000053],[122.1079248640001,13.476340721000042],[122.10760985900004,13.476461378000067],[122.10770131600009,13.476719976000027],[122.10785701600003,13.476889477000043],[122.1072781360001,13.477158901000053],[122.106980754,13.47753016200005],[122.10689847800006,13.477256714000077],[122.10678240000004,13.477209078000044],[122.10646388900011,13.47761182000005],[122.10639651700001,13.47778708900006],[122.10618454900009,13.477690984000049],[122.10632841000006,13.477402857000072],[122.10605661600005,13.477206520000038],[122.10597066700007,13.477670013000022],[122.10579046800001,13.477831166000044],[122.10543290800001,13.477881398000022],[122.105182377,13.47783959700007],[122.10488505800004,13.477992396000047],[122.10466597400011,13.478218253000023],[122.10470421900004,13.478358730000025],[122.1045392960001,13.478730960000064],[122.10430224200002,13.478858050000042],[122.10434915100006,13.479195192000077],[122.10411638300002,13.47959004300003],[122.10387495100008,13.479556932000037],[122.10385948900011,13.478849188000027],[122.10370851100004,13.479000486000075],[122.10339745700003,13.479147558000022],[122.1033148350001,13.479282216000058],[122.10309443100005,13.479208765000067],[122.10305236800002,13.479444835000038],[122.10284024600003,13.479477231000033],[122.10280096600002,13.479724158000067],[122.10244364000005,13.479859561000069],[122.10217588900002,13.480150966000053],[122.10199340300005,13.480105736000041],[122.1018216540001,13.480258840000033],[122.1016785270001,13.480196210000031],[122.10137080900006,13.480244930000026],[122.10113822900007,13.480199700000071],[122.10082335900006,13.480617252000059],[122.10062298500009,13.480665969000029],[122.10038262700004,13.480523525000024],[122.1001655120001,13.480292984000073],[122.1000165800001,13.480456592000053],[122.100145655,13.480616620000035],[122.10015916500004,13.480843187000062],[122.09998211400011,13.481101058000036],[122.099220478,13.481170876000022],[122.09909447700011,13.481091924000054],[122.09912310100003,13.480865752000057],[122.09887978600011,13.480768326000032],[122.09891199100002,13.481046692000064],[122.09874739700001,13.481192835000058],[122.0985792240001,13.481158040000025],[122.098046081,13.481425970000032],[122.09790653300001,13.481784365000067],[122.09752644700006,13.482011344000057],[122.09707540800002,13.481931179000071],[122.0969716400001,13.481795476000059],[122.09668896500011,13.482059923000065],[122.09655299600001,13.482275655000024],[122.09628818200008,13.482368870000073],[122.09551004000002,13.482458215000065],[122.09548864800001,13.48221639600007],[122.09531484600006,13.48213579000003],[122.0951089570001,13.482237199000053],[122.0948121560001,13.482707834000053],[122.09447824900008,13.483103510000035],[122.09433718100001,13.483683987000063],[122.09407892000002,13.483756570000025],[122.09423238500005,13.483995098000037],[122.09397105300002,13.484084020000068],[122.09349733400006,13.484749261000047],[122.09327815400002,13.484796195000058],[122.09277734600005,13.485156176000032],[122.09261706900008,13.484997073000045],[122.09238011200011,13.485198647000061],[122.09223965900003,13.48508116000005],[122.09194989800005,13.485343881000063],[122.09199861200011,13.485540032000074],[122.09190125500004,13.48566925700004],[122.09088352600008,13.486024647000022],[122.09040995800001,13.48596481800007],[122.0902173930001,13.486034481000047],[122.09026299600009,13.48629154200006],[122.08986466600004,13.486257032000026],[122.08984914500002,13.48652592700006],[122.08960021100006,13.486875981000026],[122.08930960600003,13.48689805400005],[122.08923475400002,13.487126432000025],[122.08889051100005,13.487352950000059],[122.0885799560001,13.487406552000039],[122.08836039900007,13.487790025000038],[122.08821021500012,13.487825336000071],[122.08805648100008,13.488226990000044],[122.08785243700004,13.488175782000042],[122.08770645900006,13.488395381000032],[122.0873796840001,13.488718065000057],[122.0874378100001,13.488920829000051],[122.08712574900005,13.489022625000075],[122.08688526100002,13.48897138500007],[122.08652248500005,13.48918437900005],[122.08628343300006,13.489155820000065],[122.08601943000008,13.48931010800004],[122.08591109400004,13.489209365000022],[122.08558292500004,13.489389113000072],[122.08541394600002,13.489252879000048],[122.08503939900004,13.489133197000058],[122.0846945510001,13.489267566000024],[122.08309901100006,13.489184698000031],[122.08253283400006,13.48944788600005],[122.0823088410001,13.489424754000026],[122.08203784700004,13.489229605000048],[122.08155493100003,13.488713248000067],[122.08151969000005,13.488575638000043],[122.08185033600012,13.48801415500003],[122.08159113800002,13.487819021000064],[122.08100115500008,13.48833441100004],[122.08072998500006,13.488334168000051],[122.08029429700002,13.487760537000042],[122.08003497400011,13.48770298200003],[122.0796811240001,13.487863171000072],[122.07952785500004,13.487863034000043],[122.07925374000001,13.487668566000025],[122.07890337300012,13.487291570000025],[122.07858036900006,13.487698128000034],[122.07806732400002,13.48774856600005],[122.0775073530001,13.487610622000034],[122.07733999700008,13.487452673000064],[122.07731933100001,13.487167603000046],[122.07744521500001,13.48690302500006],[122.07716646500012,13.48677551700007],[122.07694124500006,13.486912748000066],[122.07666383200001,13.486892136000051],[122.07648598300011,13.486759628000073],[122.0763134870001,13.486504961000037],[122.0755376940001,13.485783698000034],[122.07516292000003,13.485679581000056],[122.07496640200009,13.485195843000042],[122.0748727350001,13.485160422000035],[122.07484844400005,13.484797775000061],[122.07445664000011,13.484130592000042],[122.07461795000006,13.483963602000074],[122.07455203400002,13.483801678000077],[122.07427277200009,13.483843850000028],[122.07398657300007,13.484079998000027],[122.07332648900001,13.484242060000042],[122.07288070100003,13.483864235000055],[122.07281131500008,13.483602790000077],[122.07265443400001,13.483498687000065],[122.07265963400005,13.483242303000054],[122.07242199900008,13.483017971000038],[122.07223986600002,13.482479901000033],[122.07239477700011,13.480952885000022],[122.07250751600009,13.480500839000058],[122.07259944400005,13.480335538000077],[122.07271161900007,13.479777119000062],[122.07293016300002,13.479357120000032],[122.07331868900008,13.479019768000057],[122.07425451100005,13.478516727000056],[122.07468348600003,13.478235200000029],[122.07531137400008,13.477611285000023],[122.0758208530001,13.47692924100005],[122.07601141100008,13.476514598000051],[122.07618944100011,13.476294232000043],[122.07643466700006,13.475683101000072],[122.0765301560001,13.475351188000047],[122.07575206400008,13.47507157900003],[122.07562086300004,13.475421897000047],[122.07517484300001,13.476285528000062],[122.07485542900008,13.476582251000025],[122.07344375900004,13.47722985400003],[122.07303227000011,13.477469572000075],[122.07284548400003,13.477492187000053],[122.07236902200009,13.477763398000036],[122.07216646600011,13.477804638000066],[122.07188656500011,13.478002401000026],[122.07158954900001,13.47807679400006],[122.07064827900001,13.478430348000074],[122.0703534380001,13.47849321700005],[122.0701084960001,13.478676278000023],[122.06988669600003,13.478733913000042],[122.06948732600006,13.478590301000054],[122.06913216100008,13.478144660000055],[122.0688732650001,13.47795783500004],[122.06817068400005,13.477706517000058],[122.06787476300008,13.477411853000035],[122.06769705800002,13.47694455900006],[122.06744557100001,13.476779302000068],[122.06672841500006,13.476916277000043],[122.06629954100003,13.476887727000076],[122.06598900600011,13.476923832000068],[122.06551588000002,13.477118209000025],[122.06523500300011,13.47731968100004],[122.06485074000011,13.477780065000047],[122.06475479700009,13.478139641000041],[122.0645034480001,13.47825481500007],[122.06391171000007,13.477881194000076],[122.06362339000009,13.478003577000038],[122.06355470300002,13.478159014000028],[122.06288197700007,13.478439767000054],[122.0627194650001,13.478756227000076],[122.06240896600002,13.478871425000023],[122.0620565910001,13.479237286000057],[122.06183987100007,13.479366597000023],[122.06163706900008,13.479363293000063],[122.06131870200011,13.478999620000025],[122.06108089200006,13.478904526000065],[122.06095142900006,13.478720975000044],[122.06063320900012,13.478649721000068],[122.06073802800006,13.47849326100004],[122.0603818410001,13.47838039000004],[122.06022317200006,13.478480752000053],[122.05977239800006,13.478556131000062],[122.05953097300005,13.478469884000049],[122.05945647800002,13.478339900000037],[122.059184576,13.47833973400003],[122.05868923800006,13.478099095000061],[122.05859138700009,13.477719507000074],[122.05844901900002,13.477542970000059],[122.05850112900009,13.47725560200007],[122.0586164560001,13.477098842000032],[122.05840837200003,13.476965107000069],[122.05828612500011,13.47708891800005],[122.05814608600008,13.477749991000053],[122.05786076900006,13.477776669000036],[122.05758586500008,13.478024900000037],[122.05746022800008,13.478267244000051],[122.05714903400008,13.478196926000066],[122.05688079400011,13.47834191100003],[122.05680189000009,13.478497755000035],[122.0565918210001,13.478476211000043],[122.05656258200008,13.478316853000024],[122.05627659400011,13.478355154000042],[122.0561677710001,13.47822810200006],[122.05591515100002,13.478255865000051],[122.05537409500005,13.477966270000024],[122.05523130800009,13.477593266000042],[122.05498578800007,13.477573868000036],[122.05445137700008,13.477346038000064],[122.0542399090001,13.476957785000025],[122.05411622000008,13.476907013000073],[122.05432155500012,13.477693846000022],[122.05461222100007,13.478551802000027],[122.05472081300002,13.47876457700005],[122.05554304000009,13.479918763000057],[122.05565164300003,13.47986301800006],[122.0563937170001,13.480972346000044],[122.05611820000001,13.480741614000067],[122.05581727100002,13.480585532000077],[122.05557251500011,13.480752427000027],[122.05525341000009,13.480282595000062],[122.05552100300008,13.480099038000048],[122.05490535700005,13.47925514800005],[122.05441993000011,13.478314430000069],[122.05420124400007,13.477729656000065],[122.05402085600008,13.477042675000064],[122.05384252500005,13.477232659000038],[122.05380566400004,13.477413117000026],[122.0534424550001,13.477788307000026],[122.05327790700005,13.477734867000038],[122.05275680900002,13.477979657000049],[122.05263018200003,13.47770477000006],[122.05234325100002,13.477760058000058],[122.05198034300008,13.478017525000041],[122.05209430200011,13.478153423000037],[122.05193585900008,13.478592229000071],[122.05155038700002,13.479127752000068],[122.05138674700004,13.479284084000028],[122.05108120900002,13.47926233800007],[122.05106241700003,13.479448589000071],[122.05121293400009,13.479541873000073],[122.05121453900006,13.479811147000078],[122.05074983500003,13.480652989000077],[122.05055432300003,13.480687012000033],[122.05051256900003,13.481014463000065],[122.05058772400002,13.481232205000026],[122.05053415400005,13.481481386000041],[122.05017180400012,13.481757533000064],[122.0498409810001,13.481842665000045],[122.04972286800012,13.48216504800007],[122.04942851500005,13.482335535000061],[122.0491569620001,13.482597731000055],[122.04889890700008,13.482733190000033],[122.04872047700007,13.48294349400004],[122.04824521400008,13.48318243600005],[122.04801915600001,13.483526128000051],[122.04760228400005,13.483643672000028],[122.04733588900001,13.483827720000022],[122.04629383200006,13.484191108000061],[122.04581827900006,13.48418650900004],[122.04520067800001,13.484062492000021],[122.04454338400001,13.48379193900007],[122.04445822800005,13.483681410000031],[122.04410343800009,13.483535436000068],[122.04397542700008,13.48337523500004],[122.04298801900006,13.483977809000066],[122.04262742700007,13.484101661000068],[122.04228757100009,13.484281724000027],[122.04227914100011,13.484384680000062],[122.04183084700003,13.484808954000073],[122.04165320900006,13.48513907000006],[122.04148985000006,13.485273713000026],[122.04066358900002,13.485487387000035],[122.04049307700006,13.485660120000034],[122.04058401000009,13.486054718000048],[122.04102247900005,13.486098193000032],[122.04142717800005,13.486037124000063],[122.04190583700006,13.486150783000028],[122.04272063700012,13.486257265000063],[122.0430166220001,13.486433637000061],[122.04332379000004,13.48633981000006],[122.04372870700001,13.486665560000063],[122.04398793700011,13.486981339000067],[122.04384855100011,13.487188967000066],[122.04339491300004,13.487112679000063],[122.04309803400008,13.487000249000062],[122.04270426500011,13.487026324000055],[122.04263170000002,13.487335735000045],[122.04225158800011,13.487146020000068],[122.04185561800011,13.486829732000047],[122.04183284200008,13.487048069000025],[122.04213593600002,13.48722555300003],[122.04219387100011,13.487365571000055],[122.04244166800004,13.487413042000071],[122.04286636800009,13.487716340000077],[122.04324555100004,13.487822707000078],[122.0434192570001,13.487983730000053],[122.0436171770001,13.487922888000071],[122.04409657100007,13.488254981000068],[122.0444623940001,13.48845121100004],[122.04466471700005,13.488649916000043],[122.04497177300004,13.489080611000077],[122.04505654900004,13.489346229000034],[122.045025312,13.489562617000047],[122.04507387900003,13.489934432000041],[122.044997437,13.490163382000048],[122.04500859400002,13.490557070000023],[122.04557120800007,13.490589302000046],[122.04561989700005,13.49019899600006],[122.0457504090001,13.490034273000049],[122.04620348200001,13.489920660000053],[122.04692949100001,13.489927375000036],[122.04746177300001,13.490036626000062],[122.04843648500002,13.489934259000051],[122.04875378600002,13.490056208000055],[122.04907344200001,13.49029140500005],[122.04934115200001,13.490046782000036],[122.04998419600008,13.49018318900005],[122.05043540400004,13.490145539000025],[122.05063266200011,13.490233800000055],[122.05111443900012,13.489841674000047],[122.0512191790001,13.489948609000066],[122.05149497700006,13.489756790000058],[122.05142514900001,13.489641366000058],[122.05163810600004,13.489488589000075],[122.05166428400003,13.489312055000028],[122.05187097900011,13.489112542000044],[122.05214916000011,13.488972922000073],[122.05183688600005,13.488758760000053],[122.0518520060001,13.488587916000029],[122.05202096000005,13.488432594000074],[122.05210871600002,13.48796266900007],[122.05225710000002,13.487781626000071],[122.05245905400011,13.487371956000061],[122.05258095800002,13.487348680000025],[122.05269749100012,13.487091339000074],[122.05271194300008,13.486743455000067],[122.05291550800007,13.486631302000035],[122.05310084300004,13.486393346000057],[122.05341389500006,13.48631057700004],[122.05401320200008,13.485922736000077],[122.05441772600011,13.485777022000036],[122.05469470100002,13.485620453000024],[122.05499336700007,13.485544051000034],[122.05513530600001,13.485414277000075],[122.05571064100002,13.485339482000029],[122.05645575900007,13.485338128000024],[122.05667709800002,13.485182060000056],[122.05666005300009,13.484993620000068],[122.0570007450001,13.484873071000038],[122.05757348500003,13.485422357000061],[122.05772205400001,13.48538953800005],[122.05798387400012,13.485731413000053],[122.05811062600003,13.486188728000059],[122.05807218400003,13.486583997000025],[122.05826760500008,13.487013039000033],[122.05825067800004,13.487238818000037],[122.05808245100002,13.487286896000057],[122.05801307200011,13.487764687000038],[122.05779553700006,13.487857181000038],[122.05773099500004,13.488301956000043],[122.05733731600003,13.48825762100006],[122.05723224100007,13.488510458000064],[122.05727672500007,13.48872074600007],[122.05711051600008,13.488859167000044],[122.0569447260001,13.489246525000055],[122.05658293500005,13.489352688000054],[122.05684446200007,13.489734271000032],[122.05670168900008,13.48994586200007],[122.05680663400005,13.490217982000047],[122.05666638200012,13.49047020300003],[122.05665542100007,13.490652435000072],[122.05605068800003,13.49110190500005],[122.05567809000001,13.49149004000003],[122.05564013100002,13.49175208500003],[122.05534348800006,13.492204913000023],[122.05520600400007,13.492184191000035],[122.05499038300002,13.492527391000067],[122.05466280300004,13.492600778000053],[122.05423633700002,13.49321204000006],[122.05402929200011,13.493362389000026],[122.05403741200007,13.493629569000063],[122.05365920000008,13.494112318000077],[122.0535218550001,13.494125754000038],[122.05335262800008,13.494428623000033],[122.0533732770001,13.494705623000073],[122.05290233400001,13.495336078000037],[122.05277834900005,13.496329523000043],[122.05279710800005,13.496526064000022],[122.05258573700007,13.496573946000069],[122.0522035670001,13.497045322000076],[122.05200428400008,13.497188066000035],[122.05202284200004,13.497335264000071],[122.05183151500012,13.497512120000067],[122.0518799670001,13.497715378000066],[122.05168295500005,13.497838358000024],[122.05170067600011,13.497971895000035],[122.05193096100004,13.498158512000032],[122.05185647200005,13.498389158000066],[122.05188588800002,13.498710154000037],[122.05160688700005,13.49902095400006],[122.05158760400002,13.499269262000041],[122.05129841200005,13.499378174000071],[122.05117135300009,13.499508414000047],[122.05098223900006,13.499462837000067],[122.0509206810001,13.499683220000065],[122.05068258900008,13.499687934000065],[122.05058943400002,13.499817344000064],[122.05073141300011,13.499982286000034],[122.05081072000007,13.500285631000054],[122.05065083700003,13.50071850300003],[122.05056960800005,13.501092305000043],[122.05007447500009,13.50143354200003],[122.04908117800005,13.50114865200004],[122.04860391600005,13.501085428000067],[122.04830482200009,13.500961840000059],[122.04782424200005,13.500676419000058],[122.04738741500012,13.500625562000039],[122.04732033700009,13.500851444000034],[122.04935437800009,13.501466364000066],[122.05028093100009,13.501725927000052],[122.05013046500005,13.501974182000026],[122.05014275000008,13.502185359000066],[122.05033506400002,13.50237579000003],[122.05011722000006,13.502797545000021],[122.0496983160001,13.502867735000052],[122.04978314800007,13.503009880000036],[122.04956208500005,13.50344050600006],[122.04938722700001,13.503420085000073],[122.04933106900012,13.503681190000066],[122.04964575300005,13.503769110000064],[122.04962502400008,13.504099221000047],[122.04951516900007,13.504506002000028],[122.04942248200007,13.504616991000034],[122.04946761700012,13.504976587000044],[122.04936568500011,13.505299251000054],[122.04896158800011,13.505600146000063],[122.0489555900001,13.505715401000032],[122.04928642300001,13.505867929000033],[122.04976625000006,13.505986397000072],[122.05003003500008,13.50599593000004],[122.05041101300003,13.505712863000042],[122.05080536500009,13.50529248600003],[122.05103671300003,13.504971014000034],[122.05128852900009,13.504725338000071],[122.05137381600002,13.504279405000034],[122.051460141,13.504154305000043],[122.05175122200001,13.504218640000033],[122.0517949450001,13.504469139000037],[122.05174257400006,13.504759750000062],[122.05156145600006,13.504968142000052],[122.05140877200006,13.504970977000028],[122.05107031600005,13.505271657000037],[122.05063492600004,13.50578964500005],[122.05068509800003,13.506052533000059],[122.05100260800009,13.506154388000027],[122.05111549900005,13.506494012000076],[122.05085588100007,13.506472615000064],[122.04924513800006,13.50607602100007],[122.04810402900011,13.50583255500004],[122.04768707500011,13.50617593100003],[122.04761814900007,13.506341553000027],[122.04785365100008,13.506587693000029],[122.04809960800003,13.50653081300004],[122.04831808200004,13.507104101000039],[122.0485863670001,13.507129376000023],[122.04861848500002,13.50739827600006],[122.04875480600003,13.507675751000022],[122.04878117200008,13.507952990000035],[122.04893847900007,13.508224249000023],[122.04867398300007,13.508500971000046],[122.04891126200005,13.508883444000048],[122.04892376500004,13.509120334000045],[122.04883383300012,13.509416854000051],[122.04866253900002,13.509470511000075],[122.04872319000003,13.509804625000072],[122.04852519000008,13.510304181000038],[122.04860696000003,13.51058041300007],[122.04850051800008,13.51067396700006],[122.04851613400001,13.51123786900007],[122.04832558200007,13.511537322000038],[122.04850001900002,13.511761248000028],[122.0483336320001,13.511942748000024],[122.04845108400002,13.512078704000032],[122.04828770900008,13.512306042000034],[122.04803752900011,13.512428068000077],[122.04812388100004,13.512651108000057],[122.04803098200011,13.512909353000055],[122.04782947900003,13.512963757000023],[122.0477202730001,13.513171817000057],[122.04744072100004,13.513324425000064],[122.04721984000003,13.513253231000022],[122.04716077800003,13.513562414000035],[122.04729431900012,13.513772757000027],[122.04709580000008,13.514120296000044],[122.04693412800009,13.51459994000004],[122.04659334400003,13.514822282000068],[122.0459263030001,13.514911175000066],[122.04578817200002,13.51502453200004],[122.04536010700008,13.514634153000031],[122.04529464000007,13.514264645000026],[122.04498989500007,13.513849623000056],[122.0446463830001,13.513745554000025],[122.04460114300002,13.513508003000027],[122.04398773700007,13.513530685000035],[122.04356918100007,13.513403923000055],[122.04302666900003,13.513566817000026],[122.04290717300012,13.513451706000069],[122.04263495400005,13.513536878000025],[122.04245517800007,13.513399292000031],[122.04213311600006,13.513292583000066],[122.04159179400006,13.51348898200007],[122.04128931600007,13.513350467000066],[122.04113103200007,13.513519650000035],[122.04056850500001,13.513302366000062],[122.04028231900008,13.513037120000035],[122.04011447800008,13.513175483000055],[122.03976388500007,13.513153156000044],[122.03955545600002,13.512969875000067],[122.0392779550001,13.512865771000065],[122.03898222500004,13.512946624000051],[122.03828248900004,13.512576205000073],[122.03795274800007,13.512588987000072],[122.037648923,13.512693367000054],[122.03728749900006,13.51249950600004],[122.03639272200007,13.512292654000078],[122.03628772700006,13.512067172000059],[122.03610278000008,13.512000501000045],[122.0356017690001,13.512199200000055],[122.03539096100008,13.512006263000046],[122.03488567800002,13.51198902300007],[122.03473768800006,13.512119495000036],[122.03444656400006,13.511953080000069],[122.03433658000006,13.512067097000056],[122.03384434800012,13.51213261600003],[122.03353511700004,13.512030407000054],[122.03319824700009,13.511827861000029],[122.03255029600007,13.511810897000032],[122.03242283400004,13.511704534000046],[122.03213151900002,13.511647313000026],[122.03190362900011,13.511393018000035],[122.03174728700003,13.511712290000048],[122.03116634800006,13.51171955500007],[122.03099112500001,13.511602079000056],[122.03074008500005,13.511903588000052],[122.03052458700006,13.511892957000043],[122.03023339100002,13.511753878000036],[122.03015499500009,13.511596212000029],[122.02987060600003,13.511597189000042],[122.02944581300005,13.511495547000038],[122.02897339000003,13.511676699000077],[122.02867481300007,13.511698385000045],[122.02831837000008,13.512354407000032],[122.02808167100011,13.512426895000033],[122.02767822500005,13.512408893000043],[122.02751796400003,13.512552068000048],[122.02736090400003,13.512514002000046],[122.02708498300001,13.512604146000058],[122.02627828700008,13.51277871700006],[122.02612025100007,13.512711030000048],[122.02569317600012,13.512852205000058],[122.02553954900009,13.512644827000031],[122.0252777710001,13.512846816000035],[122.02493425500006,13.51294066500003],[122.02477240300004,13.513101343000073],[122.02450110600012,13.513187587000061],[122.02429009100001,13.512902127000075],[122.02387314900011,13.513258313000051],[122.02352494200011,13.513695820000066],[122.02384110100002,13.513815523000062],[122.02394734900008,13.514107714000033],[122.02409833800004,13.514237361000028],[122.02438133500004,13.514075861000038],[122.02465643000005,13.514121611000064],[122.02520646700009,13.514452303000041],[122.02506592400005,13.514692337000042],[122.02549420900004,13.514808059000075],[122.02562354500003,13.514996481000026],[122.02592805400002,13.515002379000066],[122.0264629180001,13.515198582000039],[122.02709982600004,13.515648494000061],[122.02713376000008,13.515864776000058],[122.02733029100011,13.515843095000037],[122.02758114500011,13.515971561000072],[122.02775527100005,13.516166576000046],[122.02805823300002,13.516265748000023],[122.02807554300011,13.516423056000065],[122.02836323800011,13.516402046000053],[122.02841998300005,13.516232863000027],[122.02884341600009,13.516237987000068],[122.02947812700006,13.516345814000033],[122.02968319800004,13.516516742000022],[122.0297048330001,13.516686913000058],[122.03001334900011,13.516925182000023],[122.03010212100003,13.516763327000035],[122.03052679000007,13.516911629000049],[122.03156037800011,13.517506100000048],[122.031948424,13.517484226000022],[122.03208327800007,13.517708122000045],[122.03260949000003,13.51783438900003],[122.03276979500004,13.518081578000022],[122.03305832500007,13.51800348200004],[122.03322068900002,13.518198511000037],[122.03340873100001,13.518056537000064],[122.03374150600007,13.518156155000042],[122.03412877100004,13.518113490000076],[122.03462842600004,13.518477972000028],[122.03506787600008,13.518647317000045],[122.0352460470001,13.518913301000055],[122.03574360900006,13.518898490000026],[122.03602989300009,13.518983287000026],[122.03642135300004,13.519345359000056],[122.03645059100006,13.519586366000055],[122.03616532700005,13.51987424300006],[122.03576989500004,13.520076327000027],[122.03576954500011,13.520211430000074],[122.03559632100007,13.520495913000047],[122.03523007700005,13.520557482000072],[122.03529137700002,13.520972057000051],[122.03515615900005,13.521216529000071],[122.03481799000008,13.521466381000039],[122.0347771800001,13.521637196000029],[122.03430254000011,13.521756893000031],[122.03387269600012,13.521645844000034],[122.03385172000003,13.521735524000064],[122.03438418700011,13.521837537000067],[122.03466756400007,13.522046915000033],[122.0346676900001,13.522387282000068],[122.03446220500007,13.522437077000063],[122.03414351300012,13.523021995000022],[122.03374961400004,13.523339166000028],[122.033682096,13.523610770000062],[122.03346543900011,13.523692703000052],[122.03339651600004,13.52397602600007],[122.03305727000009,13.524210646000029],[122.03280217200006,13.524290101000076],[122.03280446200006,13.524511541000038],[122.03246505400011,13.524766460000023],[122.03250569800002,13.525428178000027],[122.03241352500004,13.525589103000073],[122.03249993200006,13.525937437000039],[122.0326691350001,13.526357132000044],[122.03281624700003,13.526430678000054],[122.0329366410001,13.526696982000033],[122.03297643500002,13.526970863000031],[122.03288830800011,13.527158186000065],[122.03296146800005,13.527544473000034],[122.03293668000003,13.528119906000029],[122.03295948300001,13.528605352000056],[122.03293087000009,13.529065094000032],[122.0328013400001,13.529531268000028],[122.0324980040001,13.529600843000026],[122.03243971000006,13.529944613000055],[122.03214049300004,13.53010473300003],[122.03191825300007,13.530315978000033],[122.03125023300004,13.531284051000057],[122.03102799100009,13.531495294000024],[122.03066840000008,13.53173268300003],[122.03021030900004,13.532446607000054],[122.0300740460001,13.532765306000044],[122.02982303900001,13.533020381000028],[122.02949844200009,13.533108900000059],[122.02887600300005,13.53285893800006],[122.02851984900008,13.532819498000038],[122.02766939100002,13.532827148000024],[122.02757035200011,13.532629487000065],[122.02720940600011,13.532928956000035],[122.02701729500006,13.532681385000046],[122.02688321100004,13.532683507000058],[122.02656618800006,13.533253734000027],[122.02596877600001,13.533634499000073],[122.02562353400003,13.533799927000075],[122.0255402030001,13.53391516000005],[122.02537034800002,13.53481849700006],[122.02541354200002,13.535343760000046],[122.02597824500003,13.536136106000072],[122.02597839400005,13.536532143000045],[122.02558502600004,13.536795734000066],[122.02492781900003,13.537090679000073],[122.02467476900006,13.537164485000062],[122.02393045500003,13.537110334000033],[122.02362228900006,13.537257237000063],[122.02328678000003,13.537587804000054],[122.023068781,13.537908757000025],[122.02262216400004,13.538243988000033],[122.02238482000007,13.538630687000023],[122.02232577100006,13.539184228000067],[122.02209874700009,13.539979408000022],[122.02198574400006,13.540198847000056],[122.02175057900001,13.54026897700004],[122.02130570400004,13.53999340100006],[122.0210680670001,13.540034969000033],[122.02092321300006,13.54022825100003],[122.02042869200011,13.540559882000025],[122.01988200100004,13.541053747000035],[122.01901942800009,13.541710625000064],[122.01881349300004,13.541829246000077],[122.01831625500006,13.542000458000075],[122.0180834140001,13.54215004200006],[122.01801404000003,13.54229510600004],[122.01787774900004,13.543060732000072],[122.01778001200012,13.543298832000062],[122.01755327300009,13.543545272000074],[122.01707260700005,13.543723981000028],[122.01644783300003,13.543841438000072],[122.0154028820001,13.543968937000045],[122.01466275900009,13.544226380000055],[122.01412173400001,13.544522852000057],[122.01345111500007,13.545031261000076],[122.0130870700001,13.545505751000064],[122.0129944150001,13.545750070000054],[122.01296923900009,13.546064099000034],[122.01307348600005,13.546664028000066],[122.0130126790001,13.546934511000075],[122.01265744700004,13.547346924000067],[122.01263881900002,13.547605100000055],[122.01252842400004,13.547802191000073],[122.0118924300001,13.547816583000042],[122.01128522500005,13.548032172000035],[122.01097441800005,13.54820139900005],[122.01044834800007,13.548618332000046],[122.00977219600009,13.54882628300004],[122.0095800580001,13.54902563500002],[122.0095487750001,13.549242811000056],[122.00930077800001,13.549452244000065],[122.00885631500012,13.549470877000033],[122.00852647600004,13.549157109000078],[122.00841262000006,13.548788072000036],[122.0082421830001,13.548554201000059],[122.00796819100003,13.548359772000026],[122.00749364300009,13.54818837700003],[122.00691161300006,13.54808993000006],[122.00604779600008,13.547888486000033],[122.00588268500007,13.54778879500003],[122.00581167000007,13.547544350000067],[122.00597313900005,13.547096989000067],[122.00561734900009,13.546768394000026],[122.0055433660001,13.546506412000042],[122.00559179300001,13.546069930000044],[122.00544998600003,13.545757550000076],[122.00509671300006,13.545378114000073],[122.00490069800003,13.545232058000067],[122.0045342200001,13.545092853000028],[122.00442997000005,13.544831316000057],[122.00463331200001,13.544265222000035],[122.00433712100005,13.544282166000073],[122.00417842500008,13.543837820000022],[122.00446313900011,13.543532196000058],[122.00424876200009,13.543131690000052],[122.00393129300005,13.543013807000023],[122.00380805700001,13.542836484000077],[122.00380702900009,13.542336969000075],[122.00398623900003,13.54221964800007],[122.00428688300008,13.541828753000061],[122.00454825800011,13.541679528000031],[122.00475446400003,13.541792422000071],[122.00481504600009,13.54137079000003],[122.00497981300009,13.540948785000069],[122.00506982600007,13.540049320000037],[122.00499945100012,13.539980294000031],[122.00463913600004,13.540032659000076],[122.00464544900001,13.539417975000049],[122.00485377000007,13.539038806000065],[122.00505088200009,13.538977385000067],[122.00521038800002,13.53823853700004],[122.00552087200003,13.537893979000046],[122.00587991400005,13.537863249000054],[122.00642655000001,13.538059997000062],[122.00686019700004,13.538026170000023],[122.0071123990001,13.537786912000058],[122.00765562900006,13.537788105000061],[122.00808165800004,13.537884096000028],[122.00830164800004,13.537686464000046],[122.008612373,13.537718171000051],[122.00918441700003,13.537670310000067],[122.00935610700003,13.537788368000065],[122.009687815,13.537842945000023],[122.00990103000004,13.537760708000064],[122.01002542300012,13.537543301000028],[122.01026642000011,13.53762178900007],[122.01042688400003,13.53780434500004],[122.01058521000004,13.537769712000056],[122.01060743900007,13.537517696000066],[122.01033527700008,13.537336181000057],[122.01010125100004,13.537012067000035],[122.01008131300011,13.536844540000061],[122.0104876040001,13.536642767000046],[122.01086526900008,13.536294690000034],[122.01108378700008,13.536248922000027],[122.0113173420001,13.536073744000078],[122.01159623100011,13.535633353000037],[122.01141923700004,13.535478823000062],[122.01113925400011,13.535557364000056],[122.01069288400004,13.535554318000038],[122.01030267500005,13.535482028000047],[122.0093573910001,13.53561049600006],[122.00879848200009,13.53562290800005],[122.00778875000003,13.535581364000052],[122.00713720800002,13.535523510000075],[122.00689748200011,13.535423378000075],[122.0068321870001,13.535267803000067],[122.00681050800006,13.534622608000063],[122.00651780600003,13.534664253000074],[122.00661596000009,13.534894012000052],[122.00660879000009,13.535269878000065],[122.0064420000001,13.535448755000061],[122.00556343800008,13.535327642000027],[122.0052969950001,13.535175373000072],[122.00522621900006,13.535366814000042],[122.00453188100005,13.535688351000033],[122.00435389400002,13.535819677000063],[122.00387521100004,13.535723382000072],[122.00301735000005,13.535860485000057],[122.00283549300002,13.535715141000026],[122.0026537440001,13.536007334000033],[122.00214042800008,13.536067643000024],[122.00203137000005,13.535829998000054],[122.00112904000002,13.535895799000059],[122.00099963500008,13.536006332000056],[122.00052923300007,13.536044996000044],[122.00036866900007,13.535790561000056],[122.00013611600002,13.536169464000068],[121.99995753000007,13.536285122000038],[121.99974659400004,13.536291737000056],[121.99913752100008,13.536122686000056],[121.99867095900004,13.535827034000022],[121.99843088800003,13.535561891000043],[121.99834247000001,13.535324581000054],[121.99788413600004,13.534898940000062],[121.99753704900002,13.535163218000037],[121.99721282400003,13.535163931000056],[121.99698286000012,13.535028551000039],[121.99684536900008,13.534779386000025],[121.99657172400009,13.534706209000035],[121.99633121900001,13.534378854000067],[121.99618849700005,13.534048959000074],[121.99619647500003,13.533869168000024],[121.99573132500007,13.53323038800005],[121.9956954050001,13.532750485000065],[121.99546304100011,13.532984136000039],[121.99526157100001,13.533051550000039],[121.99519703300007,13.532818677000023],[121.99502562200007,13.532780151000054],[121.9947830430001,13.532408985000075],[121.99480352100011,13.531784298000048],[121.99496147900004,13.53148666900006],[121.99526266600003,13.531205507000038],[121.99553046900007,13.531106291000071],[121.99583400300003,13.53109093200004],[121.9959488940001,13.531340769000053],[121.99609209500011,13.530657055000063],[121.99649377600008,13.530278708000026],[121.9965282600001,13.530147858000078],[121.99693667200006,13.529976789000045],[121.99739431000012,13.529703042000051],[121.99754476100009,13.529727832000049],[121.99783252600002,13.529527479000024],[121.9978096540001,13.529316154000071],[121.9980505200001,13.529315952000047],[121.99822770900005,13.52908018900007],[121.9983735400001,13.529076003000057],[121.99858312100002,13.528814253000064],[121.99854280800002,13.528729777000024],[121.99883283400004,13.528512607000039],[121.99887906700008,13.528356450000047],[121.99913769900002,13.528294939000034],[121.99906906800004,13.528070562000039],[121.9992237560001,13.52783757900005],[121.99955757900011,13.526857902000074],[122.00002726000002,13.526622334000024],[122.0000386270001,13.526346603000036],[121.9996970630001,13.526589658000034],[121.99952537200011,13.526562343000023],[121.99970863900012,13.526065867000057],[121.99962029900007,13.52594883100005],[121.99961010700008,13.52554952500003],[121.99948993400005,13.52535103300005],[121.99947007800006,13.525105181000072],[121.99963193100007,13.524589934000062],[121.99955092500011,13.524144112000045],[121.99967586900004,13.52379661200007],[121.99950766300003,13.523529236000059],[121.99935067900003,13.523115174000054],[121.9989888880001,13.522588923000058],[121.99929609300011,13.52223869900007],[121.99903061600003,13.522129446000065],[121.99849423700005,13.522154145000059],[121.99870129700003,13.522349767000037],[121.99864919200002,13.522518576000039],[121.99843898800009,13.522595502000058],[121.99824798300006,13.52251635600004],[121.99779096100008,13.522616176000042],[121.99732760000006,13.522488261000035],[121.99701230800008,13.522303567000051],[121.99674610200009,13.522357318000047],[121.9969901290001,13.522712106000029],[121.99707266500002,13.523277673000052],[121.99690423000004,13.523631627000043],[121.99671844900001,13.523710292000032],[121.99661698700004,13.523934532000055],[121.99631744200008,13.52394225100005],[121.99610683000003,13.523751676000074],[121.99569790800001,13.52383769000005],[121.99556503200006,13.523966596000037],[121.99503094600004,13.524129600000037],[121.99502529500012,13.523966840000071],[121.99485709300006,13.523751920000052],[121.99454408400004,13.523549863000028],[121.9943516830001,13.523677716000066],[121.99385406600004,13.523505233000037],[121.99368311900002,13.523580863000063],[121.99326922900002,13.523569086000066],[121.99281083200003,13.523803257000054],[121.99233414300011,13.523925490000067],[121.99207723800009,13.523835576000067],[121.99166547300001,13.524002284000062],[121.99141679400009,13.52399943000006],[121.99137527500011,13.524200966000024],[121.99116581200008,13.524408546000075],[121.99102394400006,13.524425507000046],[121.99057000300002,13.524869745000046],[121.99020591900012,13.525029330000052],[121.98995284500006,13.524962536000032],[121.98966881100012,13.525191282000037],[121.98935021400007,13.525227329000074],[121.98911027200006,13.525078207000035],[121.98885560400004,13.525255849000075],[121.98853585900008,13.525214113000061],[121.98839316700003,13.525095537000027],[121.9883542550001,13.524831200000051],[121.98812043800001,13.524719842000025],[121.98800666200009,13.524953338000046],[121.98782969500007,13.525014776000035],[121.98762805600006,13.524748513000077],[121.98745777700003,13.524888532000034],[121.98693879700011,13.524642441000026],[121.98675302400011,13.524720772000023],[121.98652383000001,13.524452672000052],[121.98626253700002,13.524721577000037],[121.98596655400002,13.524820885000054],[121.9856065990001,13.524760014000037],[121.98506504900001,13.524302031000047],[121.98476248800011,13.524585348000073],[121.98457528600011,13.524635948000025],[121.98401735400012,13.524353435000023],[121.98373414100001,13.524013103000073],[121.98353536200011,13.523868815000071],[121.98345090400005,13.52367662000006],[121.9830749670001,13.523214836000022],[121.98291113700009,13.523193943000024],[121.98285784000007,13.522953400000063],[121.98262887700002,13.522825122000029],[121.98238573100002,13.522535381000068],[121.98209182900007,13.522405986000024],[121.98172058800003,13.522367818000077],[121.98149022100006,13.522067037000056],[121.98132697500012,13.52208310900005],[121.98102353400009,13.521916194000028],[121.98082082600001,13.521486190000076],[121.98090392600011,13.521075419000056],[121.98076585600006,13.520889131000047],[121.9805011200001,13.521065604000057],[121.98031257500008,13.521354913000039],[121.98021840500007,13.521200399000065],[121.97993497900006,13.521039485000074],[121.97987685200007,13.521234771000024],[121.97954703000005,13.521155236000027],[121.97932105000007,13.520935583000039],[121.9790357600001,13.520964863000074],[121.97873672100002,13.521325198000056],[121.97888972900012,13.521439214000054],[121.97895898700006,13.521797664000076],[121.97857978500008,13.52162622700007],[121.97854992900011,13.521443562000059],[121.97833044100003,13.521460873000024],[121.97829977000004,13.521702511000058],[121.9783606530001,13.522000860000048],[121.97766604000003,13.52242300000006],[121.97758540600012,13.52275286300005],[121.97767795200002,13.522914301000071],[121.97728897700006,13.523211008000033],[121.97738175300003,13.523611938000045],[121.9770614900001,13.524234500000034],[121.97680538200007,13.524431872000036],[121.976592675,13.524702791000038],[121.9756930960001,13.525157275000026],[121.97516354100003,13.525054279000074],[121.97485384300012,13.525159918000043],[121.97457329600002,13.525008366000066],[121.97411239700011,13.52498035700006],[121.9740082300001,13.525153425000042],[121.9740680110001,13.525507538000056],[121.97385184000007,13.525785983000048],[121.97362362700005,13.52583706300004],[121.97347477500011,13.52603937400005],[121.97305054800006,13.526174167000022],[121.97254731800001,13.526424784000028],[121.97189392700011,13.526795351000032],[121.97186262500009,13.526900222000052],[121.97151944400002,13.527009067000051],[121.9715508050001,13.527402281000036],[121.97179681300008,13.52767685300006],[121.97183980800003,13.527937403000067],[121.9717209260001,13.528462094000076],[121.97181125700001,13.528632182000024],[121.97168980600009,13.52883891700003],[121.97185245800006,13.529077613000027],[121.97136776600007,13.529216537000025],[121.971201414,13.529020057000025],[121.97099264700012,13.528978456000061],[121.97081812900001,13.528809333000027],[121.97074579500008,13.528587475000052],[121.97042238600011,13.528099498000074],[121.97016602500003,13.528207105000035],[121.97025587500002,13.528693562000058],[121.97006855400002,13.529010244000062],[121.96993988500003,13.528943042000037],[121.96974270800001,13.529149289000031],[121.96944454000004,13.529151673000058],[121.96930727000006,13.529292148000025],[121.96880519900003,13.52941657200006],[121.96855266900002,13.52968766500004],[121.96825501700005,13.529569074000051],[121.96816612600003,13.529415458000074],[121.96783516700009,13.529258201000061],[121.96742276500004,13.529215414000078],[121.96691480000004,13.528981114000032],[121.96672954200005,13.529219139000077],[121.96680536600002,13.529315451000059],[121.96676613700004,13.529595932000063],[121.96665161200008,13.529762947000052],[121.96701350600006,13.52990118200006],[121.96716531600009,13.530056391000073],[121.96724672900007,13.530373677000057],[121.96760105900012,13.530159277000052],[121.96756379100009,13.530002942000067],[121.96765110800004,13.529576747000021],[121.96805994700003,13.52959990900007],[121.96816743600004,13.52989969600003],[121.96816047800007,13.530348734000029],[121.96804838700007,13.530696238000075],[121.96787088600001,13.531036462000031],[121.9678031730001,13.531338538000057],[121.96767509300003,13.531578065000076],[121.96727100700002,13.53204143000005],[121.96688182000003,13.532567906000054],[121.96639830400011,13.533010838000052],[121.96609401400008,13.533499616000029],[121.96614030300009,13.534883000000036],[121.96610145200009,13.535308156000042],[121.96621669900003,13.535820939000075],[121.96614706800005,13.536312327000076],[121.9661499660001,13.53665294600006],[121.96608154900002,13.536989713000025],[121.96624625700008,13.539158375000056],[121.96628614500003,13.54081420700004],[121.96642260700003,13.541459752000037],[121.96669538200001,13.541771678000032],[121.96699491300001,13.542242178000038],[121.96723018300008,13.541886008000063],[121.96749333700006,13.54221908900007],[121.96768320400008,13.542372447000048],[121.96794709400001,13.542713438000021],[121.96810225200011,13.54334252700005],[121.96767550700008,13.545083617000046],[121.96760069900006,13.545661776000031],[121.96768895800005,13.545830742000021],[121.96756329800007,13.545986731000028],[121.9672795670001,13.54711954000004],[121.96722070900012,13.547256779000065],[121.96716165500004,13.548182659000076],[121.96721759900004,13.548387071000036],[121.96713257800002,13.548911574000044],[121.96716649700011,13.549129840000035],[121.96736188800003,13.54944497300005],[121.9675971480001,13.549615696000046],[121.96767537300002,13.549916028000041],[121.96808602700003,13.54987357400006],[121.96801088200004,13.550033867000025],[121.96799887400005,13.551091744000075],[121.96809588500003,13.551327447000062],[121.96850402600012,13.551699916000075],[121.9691829730001,13.552121771000031],[121.96951362900006,13.552375631000075],[121.96971733300006,13.55266789500007],[121.97001080400003,13.553407810000067],[121.97021672700009,13.553706532000035],[121.97056789700002,13.55392118800006],[121.97126895400004,13.55427488600003],[121.97159459300008,13.55451318300004],[121.97180150700001,13.554941420000034],[121.97174023900004,13.555123903000037],[121.97155638400011,13.555280333000042],[121.97174270400001,13.555549331000066],[121.97194173200012,13.556119944000045],[121.97200308100003,13.556570540000052],[121.97223403700002,13.557272530000034],[121.97238347300004,13.557562984000072],[121.97257504100003,13.557782678000024],[121.97271295200005,13.557808731000023],[121.97298873800003,13.557585257000028],[121.97329130100002,13.557078756000067],[121.97323479300007,13.556783292000034],[121.97337058500011,13.55651638300003],[121.9731971540001,13.556255130000068],[121.97301617800008,13.556158061000076],[121.97311048100005,13.555891735000046],[121.97335955400001,13.556074523000063],[121.9735617130001,13.556519267000056],[121.97358983800007,13.556825106000076],[121.9732444220001,13.55755229600004],[121.97283354400008,13.55807377800005],[121.97227921600006,13.558516001000044],[121.97192638400008,13.558495168000036],[121.97156327500011,13.55829026300006],[121.97085570600007,13.558206849000044],[121.97059411600003,13.558087326000077],[121.96999391400004,13.557692576000022],[121.96988991700005,13.557301202000076],[121.96995099200001,13.557237247000046],[121.96944110400011,13.556491712000025],[121.96939410200002,13.556350118000069],[121.96887841400007,13.555541682000069],[121.96867537900005,13.55535046700004],[121.96804505400007,13.55441640500004],[121.9679275630001,13.554169761000026],[121.96681378500011,13.552148657000032],[121.96636116600007,13.551651547000063],[121.96619433400008,13.551315837000061],[121.96606841000005,13.550728713000069],[121.96572991500011,13.55005410700005],[121.96566880900002,13.549793753000074],[121.96540681500005,13.549220269000045],[121.96533631300008,13.54895078100003],[121.96507270300003,13.54840626400005],[121.96495990300002,13.54802180400003],[121.96492460700006,13.54742264500004],[121.96500444100002,13.54701761800004],[121.96490808500005,13.546624804000032],[121.96485617600001,13.546123863000048],[121.9643265310001,13.545347897000056],[121.96445519200006,13.545136175000039],[121.96462589400005,13.54464297100003],[121.96458380800004,13.544456039000067],[121.96415566500002,13.544102424000073],[121.96408636000001,13.543931619000034],[121.96451685300008,13.542972621000047],[121.96472469000003,13.542676689000075],[121.96503646600002,13.542547590000027],[121.96534579100012,13.542547562000038],[121.96548934200007,13.542409820000046],[121.96521954800005,13.541774713000052],[121.96518487900005,13.54152451400006],[121.96503189000009,13.54118724400007],[121.964715049,13.540199791000077],[121.96469027100011,13.539867794000031],[121.96474292000005,13.539473242000042],[121.96491090100005,13.539327920000062],[121.96518132000006,13.53928447900006],[121.96537508600011,13.539103113000067],[121.96561590900001,13.537709886000073],[121.96546275500009,13.537158549000026],[121.96550217700008,13.536709186000053],[121.96578014700003,13.536643384000058],[121.96578966800007,13.535993475000055],[121.96569250700009,13.535335479000025],[121.96540750700001,13.535121587000049],[121.96541345000003,13.53482351200006],[121.96554997100009,13.534553578000043],[121.96561143600002,13.534195928000031],[121.96577332000004,13.533950237000056],[121.9657640370001,13.533493544000066],[121.9658127140001,13.533053639000059],[121.96573446000002,13.53296755200006],[121.96565549500008,13.532517661000043],[121.96573988400007,13.532418392000068],[121.96561279000002,13.532046215000037],[121.9652855600001,13.531777028000022],[121.9652357110001,13.531105655000033],[121.96530357000006,13.53094270400004],[121.96552967800005,13.53075261400005],[121.96563219500001,13.530392230000075],[121.96560583600001,13.530144706000044],[121.96568493500001,13.530001037000034],[121.96570112800009,13.529577462000077],[121.96546712700001,13.529442526000025],[121.9653710880001,13.528793293000035],[121.96485329200004,13.52900650500004],[121.96447229300009,13.529065719000073],[121.96426247900001,13.529217109000058],[121.96361818700007,13.529381754000042],[121.96316901400007,13.529320988000052],[121.96292848100006,13.529444284000022],[121.96248604200002,13.529224055000043],[121.96217223400004,13.529149966000034],[121.96193226700007,13.52888140500005],[121.96174467500009,13.528833592000069],[121.96166389600012,13.528671686000052],[121.96134007600006,13.528944296000077],[121.96156960100006,13.529082079000034],[121.96167243500008,13.52945240200006],[121.96143284400011,13.52964486600007],[121.96100574700006,13.529652595000073],[121.96077305000006,13.529755124000076],[121.96039629600011,13.529736221000064],[121.96021598100003,13.529878690000032],[121.96016979700005,13.530066195000074],[121.95994536800004,13.530186014000037],[121.95968275500002,13.530187754000053],[121.95917683300001,13.530392319000043],[121.95899265500009,13.530559182000047],[121.95856227400009,13.530566144000034],[121.95866607300002,13.53077965400007],[121.95817918400007,13.531166718000065],[121.95799914100007,13.53137700600007],[121.9577781590001,13.53137070200006],[121.95760528500011,13.531489315000044],[121.95729912800005,13.53156262500005],[121.95701776700002,13.53152053100007],[121.95696634300009,13.531671580000022],[121.95648178400006,13.531615141000032],[121.95630918600011,13.531685636000077],[121.95629842800008,13.532227670000054],[121.95605869200006,13.532409405000067],[121.95565009000006,13.53234827500006],[121.95545131400002,13.532074181000041],[121.95535729400001,13.532111840000027],[121.95528711500003,13.53245092900005],[121.95502987600003,13.532430280000028],[121.95464153800003,13.532211654000037],[121.95429634000004,13.532445387000053],[121.95409566300009,13.532289718000072],[121.95405417200004,13.532576790000064],[121.95379187200001,13.532708164000042],[121.95352407700011,13.532616390000044],[121.95340061600007,13.532731721000061],[121.95303519200002,13.532797682000023],[121.95307112800003,13.532966328000043],[121.95291061900002,13.533481075000054],[121.95275115900006,13.533523040000034],[121.95234930000004,13.533453120000047],[121.95197636800003,13.533086081000022],[121.95195630800004,13.533275748000051],[121.95175182700007,13.533298209000066],[121.95154177100005,13.533064893000073],[121.95141702800004,13.533090935000075],[121.95106614000008,13.532937616000027],[121.95079556600001,13.532708959000047],[121.95069514600004,13.532534788000078],[121.9501970120001,13.532168898000066],[121.95019175900006,13.531887449000067],[121.94962835500007,13.531824134000033],[121.94946154100012,13.531640423000056],[121.94915417000004,13.531707922000066],[121.94880383000009,13.531651673000056],[121.94868828500012,13.532048685000063],[121.94852586700006,13.532224453000026],[121.94808512700001,13.53219929200003],[121.94785669200007,13.532112656000038],[121.94756649500005,13.53180446400006],[121.94731922500011,13.531766127000026],[121.94705887400005,13.531626878000054],[121.94680229700009,13.531699218000028],[121.94659401900003,13.531659438000077],[121.94642143900012,13.531450094000036],[121.94612942200001,13.53156241000005],[121.9455007680001,13.531359277000035],[121.94525538300002,13.531185192000066],[121.9451516040001,13.53136098400006],[121.94486374300004,13.531410649000065],[121.94467656600011,13.531170097000029],[121.94441356700008,13.531262531000039],[121.94409434300007,13.530906500000071],[121.94368517200007,13.531307360000028],[121.94368512500012,13.531435159000068],[121.9434188030001,13.531626372000062],[121.94324890100006,13.53152325700006],[121.94312366600002,13.531688160000044],[121.94294938500002,13.531669665000038],[121.94266979400004,13.531981142000063],[121.94259430400007,13.532205314000066],[121.94244579300005,13.53227668900007],[121.94254249400001,13.532571674000053],[121.94235244700008,13.532905590000041],[121.94179475600004,13.532830251000064],[121.941834803,13.53297000300006],[121.94170869300001,13.533210896000071],[121.94119390100002,13.533488506000026],[121.94092825200005,13.53314602200004],[121.94084907800004,13.533286820000058],[121.94115085200008,13.533528734000072],[121.94124730600004,13.53385214900004],[121.94102630400005,13.53401406100005],[121.94099245900009,13.534224308000034],[121.94046446700008,13.534255724000047],[121.940287194,13.534594415000072],[121.94009749600002,13.534712418000026],[121.93994093000003,13.53494622900007],[121.939663472,13.534902355000042],[121.93925414500006,13.53460549500005],[121.93920298600005,13.534656949000066],[121.93979630800004,13.535105074000057],[121.93973054100002,13.535265708000054],[121.93925729700004,13.535917711000025],[121.93893691000005,13.536028438000073],[121.93910871800006,13.536252715000046],[121.93896428800008,13.53648144500005],[121.93863625200004,13.536353018000057],[121.93859607700006,13.536509101000036],[121.93886908600007,13.536572144000047],[121.93882344200006,13.536997524000071],[121.93885547700006,13.537433602000021],[121.93894274100012,13.537580639000055],[121.93877246700004,13.537708076000058],[121.9387796630001,13.538065311000025],[121.93917113400005,13.538612990000047],[121.93940304700004,13.538786303000052],[121.93946704300004,13.538995424000063],[121.93966554500003,13.538991311000075],[121.93993519300011,13.53914652700007],[121.94014826900002,13.539415829000063],[121.94041302900007,13.53954402900007],[121.9406915940001,13.539492168000038],[121.9409089620001,13.539667851000047],[121.94107965700005,13.539674966000064],[121.94127801400009,13.54000804900005],[121.94121017100008,13.540361860000075],[121.94090048500004,13.540655465000043],[121.94060058000002,13.540729829000043],[121.94027756000003,13.540614042000072],[121.93978088800009,13.540513546000057],[121.93966365100005,13.540439492000075],[121.93877932700002,13.540295291000064],[121.93862086800004,13.540204800000026],[121.93826358800004,13.540322436000054],[121.93800675000011,13.540576457000043],[121.93779351700005,13.540314574000035],[121.93720655400011,13.540339328000073],[121.93694844200002,13.540401875000043],[121.93618289800008,13.540761165000049],[121.93588755500002,13.541078631000062],[121.9355068650001,13.541397605000043],[121.93543184100008,13.541562760000033],[121.93549222800004,13.541800114000068],[121.93500686200002,13.54279518900006],[121.93467636100002,13.543001527000058],[121.93377038400001,13.543075653000074],[121.93317455800002,13.543216509000047],[121.93190204200005,13.54387416700007],[121.93153795800004,13.543852535000042],[121.93111989300007,13.543930320000072],[121.93094642300002,13.544078329000058],[121.93081006300008,13.544429894000075],[121.93057200500004,13.544604166000056],[121.93029773100011,13.544588433000058],[121.92967815000009,13.544323417000044],[121.9291692700001,13.543913514000053],[121.9287074770001,13.543418921000068],[121.92832833000011,13.543090456000073],[121.92765761200008,13.542634279000026],[121.92745637400003,13.542253411000047],[121.9274887580001,13.54165942000003],[121.92789902600009,13.541132451000067],[121.92779840000003,13.541032864000044],[121.92748396700006,13.540431863000038],[121.92746243800002,13.539911969000059],[121.92757745600011,13.539749502000063],[121.92777153100008,13.539719815000069],[121.92826213000001,13.539356461000068],[121.92886234200012,13.538853205000066],[121.92914951300008,13.538687538000033],[121.93037775000005,13.53423642000007],[121.93231649000006,13.522461100000044],[121.93412220000005,13.51242252000003],[121.93552134800007,13.507064945000025],[121.93849496000007,13.500681230000055],[121.93989649000002,13.495347410000022],[121.94255088000011,13.493776300000036],[121.94369467000001,13.491879980000022],[121.94564704700008,13.487784217000069],[121.9589484170001,13.470711936000043],[121.95916088800004,13.47004031800003],[121.95958151700006,13.46930879000007],[121.96003872300003,13.46835780300006],[121.96051421600009,13.467534833000059],[121.96098970900005,13.466839881000055],[121.96162979700011,13.466236369000057],[121.96210529000007,13.465724300000034],[121.96241619000011,13.464901330000032],[121.96254420800005,13.464206377000039],[121.96217844400007,13.463804037000045],[121.96157493200008,13.463566290000074],[121.96093484500011,13.463182238000059],[121.96055079200005,13.462834762000057],[121.96031304600001,13.462304404000065],[121.96013016300003,13.461700892000067],[121.96014845200011,13.461060805000045],[121.95994728200003,13.460640176000027],[121.95965467000008,13.460384141000077],[121.95943521100003,13.460109818000035],[121.95950836400004,13.459524595000062],[121.95976439900005,13.459268560000055],[121.96025818100009,13.459030813000027],[121.96073367500003,13.458683338000071],[121.96122745700006,13.458427302000075],[121.96159322100004,13.458024962000025],[121.96159322100004,13.457421450000027],[121.96153293600003,13.456708063000065],[121.96126431100004,13.454465280000022],[121.96270377400003,13.452306086000021],[121.96274165500006,13.449654444000032],[121.96340300000008,13.447035000000028],[121.97483774300008,13.440725190000023],[121.95955432000005,13.433903110000074],[121.9662669700001,13.426973370000042],[121.97767728300005,13.414696176000064],[121.97919126300008,13.413326384000072],[121.9806691980001,13.412389157000064],[121.98207503700007,13.411920544000054],[121.98315329600007,13.411106006000068],[121.98529469900006,13.409190015000036],[121.99826990800011,13.397877210000047],[122.00890787700007,13.390104271000041],[122.02064272000007,13.393043760000069],[122.02788670000007,13.381332230000055],[122.04382899000007,13.380184000000042],[122.04545097000005,13.378966690000027],[122.05759605500009,13.37850852400004],[122.05795518000002,13.378528990000063],[122.06074677000004,13.379251170000032],[122.06544827000005,13.377396090000047],[122.07120957000006,13.377466670000047],[122.07237683000005,13.38662725000006],[122.0711067200001,13.388281840000047],[122.0772070700001,13.401571680000075],[122.08758923000005,13.398325370000066],[122.09662786000001,13.405770090000033],[122.11002683000004,13.411708000000033],[122.11008352500005,13.411620093000067]]],[[[121.94496392300005,13.553703234000068],[121.94527592000009,13.553898056000037],[121.94588210600011,13.553732006000075],[121.94592531600006,13.554006903000072],[121.94555655300007,13.554250055000068],[121.94539595200001,13.55446820900005],[121.94502410300004,13.554341159000046],[121.94406359200002,13.554527087000054],[121.94378566700004,13.554742249000071],[121.94370568300008,13.555067595000025],[121.94318045700004,13.55543055000004],[121.94283049100011,13.555429438000033],[121.94258031100003,13.555544488000066],[121.94225991100006,13.555789522000055],[121.94207307900001,13.55573793800005],[121.9419067660001,13.555553058000044],[121.94192379000003,13.555247990000055],[121.94213622900008,13.555032985000025],[121.94237349700006,13.554382512000075],[121.94274356900007,13.554060820000075],[121.94303860600007,13.55354854500007],[121.94301112800008,13.553400270000054],[121.94318249800006,13.55298123600005],[121.94355611000003,13.552957775000039],[121.94395206900003,13.553119246000051],[121.94414911700005,13.553004212000076],[121.94439232800005,13.552605922000055],[121.94457077300001,13.553134017000048],[121.94496392300005,13.553703234000068]]],[[[121.95629268400012,13.54393996400006],[121.95572449800011,13.543654993000075],[121.95557004500006,13.543674388000056],[121.95525807500007,13.543295495000052],[121.95515075700007,13.543001096000069],[121.95517861100006,13.542852590000052],[121.95502326300004,13.542636540000046],[121.95489323100003,13.542686510000067],[121.95475749600007,13.542462894000039],[121.95444761600004,13.542568732000063],[121.95393242000011,13.542391334000058],[121.9536732900001,13.542565883000066],[121.95362169100008,13.542246488000046],[121.95338831200002,13.542459966000024],[121.95307180100008,13.542633678000072],[121.95269843200003,13.542741630000023],[121.95251936600005,13.542953614000055],[121.95238678300007,13.54327251500007],[121.95211848800011,13.543636002000028],[121.95187275800004,13.543771741000057],[121.95145665000007,13.543750045000024],[121.95131596200008,13.543888338000045],[121.95114436000006,13.543602143000044],[121.95125986500011,13.543138361000047],[121.95114871200008,13.542756342000075],[121.95096953500001,13.54262770400004],[121.9506221260001,13.542570534000049],[121.95049348400005,13.542746051000051],[121.95027697600005,13.542842839000059],[121.95003579200011,13.542714643000068],[121.94945138500009,13.54196018600004],[121.94927186600012,13.541843052000047],[121.94939300600004,13.541672279000068],[121.94931258100007,13.541237543000022],[121.94942423700002,13.541044378000038],[121.94983524400004,13.54111236500006],[121.94996947700008,13.541034492000051],[121.95038409300003,13.541032319000067],[121.95073100500008,13.540906869000025],[121.9510628270001,13.54071147600007],[121.95139529400001,13.54026301500005],[121.95134536700004,13.539819127000044],[121.95171054000002,13.539466412000024],[121.95198752500005,13.539599869000028],[121.95205857100007,13.539401833000056],[121.95232934,13.539490717000035],[121.95243667700004,13.539422707000028],[121.9528723310001,13.539625791000049],[121.95316917700006,13.539977012000065],[121.95318816500003,13.540344095000023],[121.95336863400007,13.540337114000067],[121.95367338500012,13.540452060000064],[121.9538454100001,13.540739700000074],[121.95410229900006,13.540767502000051],[121.9546476700001,13.54093047400005],[121.95461979600009,13.541166191000059],[121.95476773300004,13.541384392000055],[121.95530745100007,13.54141560200003],[121.95543034200011,13.541690508000045],[121.95567113200002,13.541967722000038],[121.95628879100002,13.542030853000028],[121.95646203800004,13.542300531000024],[121.95679326800007,13.542431702000044],[121.95698252700004,13.542271538000023],[121.95728921000011,13.542234037000071],[121.95752755300009,13.54232432200007],[121.95826918400007,13.542415658000039],[121.95854258800011,13.542649055000027],[121.95881948400006,13.542703558000028],[121.95881598900007,13.542846674000032],[121.95966782500011,13.54324426100004],[121.9597772510001,13.543415676000052],[121.9601296620001,13.543516537000073],[121.9603855790001,13.54378945700006],[121.96083120500009,13.544057910000049],[121.96133813900008,13.544287372000042],[121.96210182100003,13.545131076000075],[121.96214083500001,13.545323882000048],[121.96245269300005,13.545669168000074],[121.9622343960001,13.545837610000035],[121.96207566800001,13.546155973000054],[121.96183839500009,13.54618468700005],[121.96143082000003,13.546363370000051],[121.96100204000004,13.546781014000032],[121.96056734400008,13.546861053000043],[121.96020208000004,13.547122327000068],[121.96004037700004,13.546969148000073],[121.96034530000009,13.546672181000076],[121.96048953400009,13.546327681000037],[121.96030918500003,13.545996351000042],[121.96041445800006,13.545870023000077],[121.9599129070001,13.545498223000038],[121.95955982100008,13.545404994000023],[121.95945282700006,13.545278382000049],[121.95821390200001,13.544922103000033],[121.95799814600002,13.545001530000036],[121.95761568400007,13.544999743000062],[121.9568803200001,13.544470844000045],[121.95646357900011,13.544201771000075],[121.95629268400012,13.54393996400006]]],[[[121.94476817700001,13.541908511000031],[121.9440768400001,13.541875851000043],[121.94388406200005,13.541748299000062],[121.943982903,13.541518283000073],[121.94396317500002,13.54132492900004],[121.94462286100008,13.54079575000003],[121.94494191600006,13.54075401700004],[121.9451535500001,13.540815346000045],[121.9454061030001,13.540758439000058],[121.94573461100003,13.541377897000075],[121.94582361700009,13.541659294000056],[121.94578426600003,13.541796470000065],[121.94592015600006,13.542233146000058],[121.94566971400002,13.542401304000066],[121.94538196000008,13.542282172000057],[121.94476817700001,13.541908511000031]]],[[[121.94219975700003,13.540663663000032],[121.94243059700011,13.540818147000039],[121.94241151000006,13.540963267000052],[121.94253391500001,13.54129024100007],[121.94251988200006,13.541651553000065],[121.94243652000011,13.541853303000039],[121.94227307500012,13.541965678000054],[121.94209626600002,13.541928900000073],[121.94207181800004,13.540845567000076],[121.94219975700003,13.540663663000032]]],[[[121.94782383300003,13.540248314000053],[121.94814720600004,13.540377763000038],[121.94843218900007,13.54071749600007],[121.94867900100007,13.540894323000032],[121.94873410600007,13.54119273200007],[121.94866909900009,13.541401274000066],[121.94848461600009,13.541648728000041],[121.94814948100009,13.541727129000037],[121.94793424400007,13.54191856400007],[121.94775253900002,13.541797848000044],[121.94744200000002,13.541335110000034],[121.94746165200002,13.541071344000045],[121.94739129400011,13.540753069000061],[121.9474764690001,13.540697364000039],[121.94752739100011,13.54031012400003],[121.94782383300003,13.540248314000053]]],[[[122.10639200100002,13.537189236000074],[122.10683605500003,13.536639345000026],[122.10708110600001,13.53626775400005],[122.10735671300006,13.53594079800007],[122.10914218000005,13.533419945000048],[122.10938307000004,13.53310272400006],[122.1096742100001,13.532478350000076],[122.1098122300001,13.532047185000067],[122.10983115600004,13.530233051000039],[122.10979627900008,13.529934236000031],[122.10953917100005,13.528622425000037],[122.10949579800001,13.527878736000048],[122.10935712600008,13.527178563000064],[122.10935116500002,13.526804201000061],[122.109445918,13.52591983700006],[122.10953861400003,13.525633903000028],[122.10995553600003,13.525556520000066],[122.11065510600008,13.525822178000055],[122.1111865040001,13.526075657000035],[122.11232727400011,13.52653372800006],[122.11390327400011,13.52701550100005],[122.11541504800005,13.527283283000031],[122.11572378500011,13.527274374000058],[122.1161639610001,13.527093697000055],[122.11646640800006,13.527425227000037],[122.11680552000007,13.52741422400004],[122.11772719600003,13.527284644000076],[122.1181316630001,13.527183625000077],[122.11844407700005,13.52693989200003],[122.11799803500003,13.526441546000058],[122.11805681500005,13.526393617000053],[122.11851222900009,13.526923951000072],[122.11868145800008,13.526855543000067],[122.11880823100012,13.526556475000064],[122.11931597500006,13.526275862000034],[122.1193725070001,13.526097715000049],[122.11976523300007,13.525835856000072],[122.12018309200005,13.525488540000026],[122.12062189400001,13.525253016000022],[122.12095777800005,13.524867795000034],[122.12163122100003,13.524325135000026],[122.12208712600011,13.523842822000063],[122.12239121200003,13.523606877000077],[122.1224531900001,13.523396825000077],[122.12267039100004,13.523034856000038],[122.12309048800012,13.522637144000043],[122.12342190400011,13.522477472000048],[122.12398344400003,13.522400206000043],[122.1244954020001,13.52227036000005],[122.12452593500007,13.52193991300004],[122.1252838580001,13.521382686000038],[122.12544085900004,13.520878199000038],[122.12586565900006,13.520633652000072],[122.12678432300004,13.520668572000034],[122.12716726400004,13.52046566000007],[122.12732469700006,13.52045206400004],[122.12792800800003,13.520142711000062],[122.12817254700008,13.519898445000024],[122.12841858800005,13.519840632000069],[122.12847979600008,13.519680762000064],[122.12898039900006,13.519411484000045],[122.12950241900012,13.519043543000066],[122.13000284800012,13.51887711300003],[122.13067248900006,13.518884528000058],[122.13084408400005,13.518801257000064],[122.1310158010001,13.518551203000072],[122.1315233680001,13.518398671000057],[122.13254286200004,13.518358856000077],[122.13287176000006,13.518185351000056],[122.13312216400004,13.517838061000077],[122.1336643080001,13.517506303000062],[122.13427914300007,13.517263499000023],[122.13447941700008,13.517055156000026],[122.1348082400001,13.516985885000054],[122.13547291900011,13.517014127000039],[122.13550127100007,13.51734076200006],[122.13546515000007,13.517875831000026],[122.13577947500005,13.518098418000022],[122.13598845400008,13.51853890600006],[122.13605239700007,13.519074039000031],[122.13626680100003,13.519095031000063],[122.13633794900011,13.51956040400006],[122.13621622900007,13.519859143000076],[122.13616595300005,13.520199621000074],[122.13622998900007,13.520611872000075],[122.13667976700003,13.521320995000053],[122.13677242800009,13.521682418000069],[122.1366861780001,13.52236135100003],[122.13646392400005,13.52332126400006],[122.13622061000001,13.523738055000024],[122.13602960100002,13.523922019000054],[122.13600071500002,13.524332005000076],[122.13556436100009,13.524832056000037],[122.13528752400009,13.525700697000048],[122.13502273600011,13.526159170000028],[122.134486218,13.526729052000064],[122.1342647680001,13.527032103000067],[122.13393149000001,13.528076881000061],[122.13356665600008,13.528500535000035],[122.13334472500003,13.528993778000029],[122.13319448000004,13.529195203000029],[122.13294909900003,13.529671577000045],[122.13280577700004,13.530178773000046],[122.13245543500011,13.530324465000035],[122.1322694700001,13.530498068000043],[122.13209048200008,13.53090794700006],[122.13186498100004,13.531203668000046],[122.13175040700003,13.531499850000046],[122.13174901800005,13.533390044000043],[122.13177639700007,13.535046570000077],[122.13174051500005,13.535241123000048],[122.13156884200009,13.535414734000028],[122.13067534200002,13.535455811000077],[122.13016072200003,13.535434605000034],[122.12948906300005,13.535128371000042],[122.12905154700002,13.53499602900007],[122.1285369090001,13.534995667000032],[122.12756982600001,13.534793454000067],[122.12733395600003,13.53477938800006],[122.12677653500009,13.534633061000022],[122.12448459100005,13.534638375000043],[122.12415567000005,13.534804919000067],[122.12378366600001,13.535228551000046],[122.12311501400006,13.53550556500005],[122.12281477500005,13.535547042000076],[122.12045174400009,13.53562828400004],[122.1178631680001,13.535656109000058],[122.11645730600003,13.535714539000026],[122.11589127000002,13.535788472000036],[122.11497347900001,13.535787779000032],[122.11437707400012,13.53559399900007],[122.11393355300004,13.535504432000039],[122.11292212100011,13.53548878600003],[122.11279971300007,13.535533307000037],[122.11032060900004,13.536869825000053],[122.10940223900002,13.53758294000005],[122.10902036200002,13.537766654000052],[122.10866023000005,13.537812202000055],[122.1083381630001,13.537948836000055],[122.1074041710001,13.538153787000056],[122.107090889,13.538290419000077],[122.1067424690001,13.538518142000044],[122.10635598400006,13.538686088000077],[122.1061188220001,13.538731633000054],[122.10591972300006,13.538646237000023],[122.1058728800001,13.538321730000064],[122.10612039800003,13.537875468000038],[122.10611630400001,13.537620289000074],[122.10639200100002,13.537189236000074]]],[[[121.9484959990001,13.53677500200007],[121.94827389700004,13.53677024500007],[121.94810873400002,13.536572123000042],[121.94746680700007,13.536336300000073],[121.94700601700004,13.536448833000065],[121.94652432800001,13.53670001100005],[121.94628530800003,13.536637067000072],[121.94617094500006,13.536224163000043],[121.94626510900002,13.535861465000039],[121.94624366800008,13.535593967000068],[121.94605158700006,13.535547763000068],[121.94585311600008,13.535643566000033],[121.94571900400001,13.535343367000053],[121.94637979200002,13.53519650000004],[121.94663730900004,13.53506597300003],[121.94724495900005,13.534515751000072],[121.9477544880001,13.534385906000068],[121.94798516900005,13.53467474000007],[121.94793076500002,13.534877251000069],[121.94801304400005,13.535226290000026],[121.94821572700005,13.535744282000053],[121.94855196100002,13.536009566000075],[121.94893831700006,13.536231545000021],[121.94899932600003,13.536405299000023],[121.9484959990001,13.53677500200007]]],[[[122.17759912200006,13.528388071000052],[122.1776738640001,13.52795700200005],[122.17754713600004,13.527507413000023],[122.17759991200012,13.527016959000036],[122.17731464700012,13.526737194000077],[122.17641038600004,13.526017503000048],[122.17502086400009,13.525094724000041],[122.17416134700011,13.524602634000075],[122.17302056200003,13.523997163000047],[122.17113101200005,13.523164782000038],[122.17054837700005,13.522874391000073],[122.16999323200002,13.522460634000026],[122.16951138700006,13.521946617000026],[122.16882166300002,13.521152637000057],[122.16854207200004,13.520795161000024],[122.16836555600003,13.520448702000067],[122.16818130600006,13.519809618000068],[122.16819644200007,13.519576490000077],[122.1691065550001,13.519759832000034],[122.16924746900008,13.51968888700003],[122.1694514730001,13.519369088000076],[122.16956278500004,13.519080443000064],[122.1700512760001,13.51829667800007],[122.17037835500003,13.517920115000038],[122.17054199000006,13.517584987000077],[122.1705579180001,13.51716345400007],[122.17049755200003,13.517028459000073],[122.17053592800005,13.516505763000055],[122.17066813200006,13.515698204000046],[122.17064362100007,13.515508812000064],[122.17069989400011,13.515008943000055],[122.17058374100009,13.514575926000077],[122.1707741680001,13.514358358000038],[122.17083255700004,13.514059622000048],[122.17099078400008,13.513790240000048],[122.1713177790001,13.51356621800005],[122.17200028600007,13.512794260000021],[122.17204373300001,13.512663093000072],[122.17236924800011,13.512336077000043],[122.17261625300011,13.511934191000023],[122.17268585200009,13.511603361000027],[122.17260759600003,13.511435706000043],[122.17273531000001,13.511258798000028],[122.17269067200004,13.511030211000048],[122.17252725300011,13.51101488200004],[122.17261253400011,13.510666872000058],[122.17274541600011,13.510518689000037],[122.17274571400003,13.510020442000041],[122.1728902110001,13.50941405900005],[122.17320199700009,13.509182171000077],[122.17338335600004,13.508942416000025],[122.17334994900011,13.50865288700004],[122.17360664600005,13.507940750000046],[122.17394238100007,13.507544591000055],[122.17431747400008,13.507399564000025],[122.17442736900011,13.507064402000026],[122.17504650600006,13.506272010000032],[122.17530349300011,13.506137956000032],[122.17539629100008,13.505797075000032],[122.17558677600005,13.505461958000069],[122.1758980410001,13.505314110000029],[122.17600798700005,13.50496243400005],[122.17597671200008,13.504851401000053],[122.17639158500003,13.504795461000072],[122.17654939600004,13.504602110000064],[122.17678444300009,13.504626184000074],[122.17722779500002,13.504458816000067],[122.17742257000009,13.50443933300005],[122.17777642200008,13.504191373000026],[122.1782382780001,13.503966719000061],[122.17837173600003,13.504003371000067],[122.17910562500003,13.50401467200004],[122.17942098700007,13.503973484000028],[122.17969630900006,13.504030228000033],[122.18023216200004,13.50391778900007],[122.18098977000011,13.504055696000023],[122.18125971200004,13.503951355000027],[122.18147235900005,13.503997180000056],[122.18180828900006,13.503964763000056],[122.18215861300007,13.504142394000041],[122.18239560200004,13.504506561000028],[122.1828767180001,13.504766090000032],[122.18295407800008,13.504858161000072],[122.1845425250001,13.505546931000026],[122.18471439500001,13.505816830000072],[122.18499818300006,13.506081297000037],[122.18503141000008,13.506537070000036],[122.18528488000004,13.507058144000041],[122.18547398800001,13.507257034000077],[122.18545680400007,13.507635569000058],[122.18556239100008,13.50818868400006],[122.18555931500009,13.50840997000006],[122.1856706210001,13.508778249000045],[122.18581491400005,13.50896842900005],[122.18595979200006,13.509403986000052],[122.18612152600008,13.509700890000033],[122.18614315000002,13.510065464000036],[122.18600439400007,13.510291834000043],[122.18603196900006,13.510491864000073],[122.18638269600001,13.511089329000072],[122.18635731800009,13.511690308000027],[122.18665119200011,13.512272108000047],[122.18678972900011,13.512354475000052],[122.18685357200002,13.512844820000055],[122.18682570600004,13.513050486000054],[122.1869522180001,13.513483889000042],[122.18751306500008,13.514890988000047],[122.18770113500011,13.515090033000035],[122.18810803500003,13.51532342400003],[122.1881101780001,13.515742285000044],[122.18789067600005,13.516162075000068],[122.18769644200006,13.51619332200005],[122.1874218370001,13.51636250100006],[122.18695658600006,13.517049521000047],[122.18655681100006,13.518110360000037],[122.18654578400003,13.518387550000057],[122.18636063500003,13.518661473000066],[122.18613117200005,13.518866968000054],[122.18610415800003,13.519102560000022],[122.18591847900007,13.519400261000044],[122.18592187900003,13.519535402000031],[122.18570199900012,13.519880570000055],[122.1847193000001,13.522613199000034],[122.18433821600001,13.52339605800006],[122.18415973700007,13.523629744000061],[122.18406106100008,13.52391116900003],[122.18350839300001,13.525081625000041],[122.18323461900002,13.525506622000023],[122.18278005600007,13.526071707000028],[122.1820614400001,13.526701220000064],[122.18157641700009,13.526970928000026],[122.18028560100004,13.52739940300006],[122.17910366000001,13.527676952000036],[122.17877537800007,13.527972673000022],[122.1785937410001,13.52802863100004],[122.17824572300003,13.528349647000027],[122.17812605100005,13.528393184000038],[122.17756968200001,13.528879496000059],[122.17730041800007,13.52897693500006],[122.17744727900003,13.528599836000069],[122.17759912200006,13.528388071000052]]],[[[122.09942303900004,13.503894864000074],[122.09939845100007,13.504175829000076],[122.09926350100011,13.504296875000023],[122.09928679200004,13.504497854000022],[122.0990822980001,13.50468599800007],[122.09907472300006,13.504992292000054],[122.0988561580001,13.505193089000045],[122.0987516020001,13.505420670000035],[122.09809335600005,13.505547017000026],[122.09802600300009,13.505455748000031],[122.0977297930001,13.50549828000004],[122.09773700500011,13.505642237000075],[122.09739693200004,13.50565195300004],[122.09728459100006,13.505978580000033],[122.09694746900004,13.505961218000039],[122.09650892700006,13.506250199000021],[122.09632831600004,13.506190419000063],[122.09624947700001,13.506355167000038],[122.09591015000001,13.506475645000023],[122.09538885200004,13.506435485000054],[122.09554305800009,13.506618634000063],[122.09547329300005,13.506789956000034],[122.09527826500005,13.506856681000045],[122.0949208620001,13.506820051000034],[122.09476474600001,13.506985797000027],[122.09437077100006,13.506825915000036],[122.09439328000008,13.507097652000027],[122.09366288400008,13.506818335000048],[122.09358789300006,13.507108948000052],[122.09345977800001,13.507297607000055],[122.09325828800002,13.507329034000065],[122.09309995700005,13.507531779000033],[122.09290138200004,13.507255749000024],[122.0926754410001,13.507311612000024],[122.0923834240001,13.507233376000045],[122.09231465300002,13.50740849600004],[122.09197838000011,13.507363982000072],[122.09189898600005,13.507120633000056],[122.0916344200001,13.507065407000027],[122.0915839380001,13.507196581000073],[122.09110391800004,13.507539391000023],[122.0911963850001,13.50769744400003],[122.09098503900009,13.507849473000022],[122.09077129700006,13.508168498000032],[122.09053084900006,13.50812632000003],[122.09047106000003,13.508632809000062],[122.09036851400003,13.508778046000032],[122.09007138300001,13.508907513000054],[122.08980042400003,13.508908863000045],[122.08949312300001,13.50922967300005],[122.08926471400002,13.509287416000063],[122.08915954100007,13.509617089000074],[122.0889451050001,13.509586892000073],[122.08825901500006,13.509777459000077],[122.0880199500001,13.510035384000048],[122.0878363600001,13.510032068000044],[122.08782305700004,13.510493349000058],[122.08747689500001,13.510601363000035],[122.08743923800012,13.510920055000042],[122.08712389900006,13.511326215000054],[122.08708771700003,13.511670055000025],[122.08684719300004,13.51174093700007],[122.0865775310001,13.511694892000037],[122.08655536200001,13.51195518000003],[122.08623899400004,13.512370273000045],[122.0863381690001,13.51263519400004],[122.08601126000008,13.51300705500006],[122.08571543300002,13.513003641000068],[122.08553272100005,13.513248795000038],[122.08520447600006,13.51330222200005],[122.08497347800005,13.51310148400006],[122.0847961820001,13.513197423000065],[122.08477374900008,13.513397050000037],[122.08449407300009,13.513650291000033],[122.08444824900005,13.51345144100003],[122.08415099000001,13.51369969500007],[122.0839328830001,13.513704477000033],[122.08362143700003,13.51329830000003],[122.08345151900005,13.513324730000022],[122.08341300200004,13.513567676000036],[122.08315709700003,13.51352434200004],[122.0830753350001,13.513681852000047],[122.0827206560001,13.51353627900005],[122.08235971200008,13.513545864000037],[122.08211685700007,13.51363808700006],[122.08191293300001,13.513220381000053],[122.08178020700007,13.513547044000063],[122.08184776000007,13.51392510900007],[122.08181473700006,13.51418196000003],[122.08142201700002,13.514006640000048],[122.08123644500006,13.514236954000069],[122.08110927400003,13.514071773000069],[122.0808699590001,13.514008833000048],[122.08074179800008,13.514446685000053],[122.08054217600011,13.514787098000056],[122.08031300900006,13.514762133000033],[122.08007835100011,13.514951598000039],[122.08004406700002,13.515300342000046],[122.0799318380001,13.515491722000036],[122.07951399600006,13.515630005000048],[122.07942234600011,13.515755106000029],[122.07911173200011,13.515685500000075],[122.07903940900007,13.515289609000035],[122.0788605790001,13.51528614700004],[122.07847866400004,13.515490477000071],[122.07830207000006,13.515524983000034],[122.07817825300003,13.51588242300005],[122.07815561300004,13.516140078000035],[122.077819223,13.516393980000032],[122.07753421500001,13.516516607000028],[122.07729466400008,13.516698104000056],[122.07750167900008,13.517235877000076],[122.07724911000003,13.517406856000036],[122.07709820000002,13.51721358900005],[122.07694875300001,13.517264625000053],[122.07692841500011,13.517515510000067],[122.07668391400011,13.517546652000021],[122.07662129700009,13.517338609000035],[122.07647193900004,13.517297206000023],[122.07613918800007,13.517596855000022],[122.07624763800004,13.517851376000067],[122.076184108,13.518279300000074],[122.07589544200005,13.518333511000037],[122.07602737600007,13.518841414000065],[122.07569283900011,13.519043704000069],[122.07540472400001,13.519109678000063],[122.0753944710001,13.519399978000024],[122.07487505000006,13.519638412000063],[122.07504025500009,13.520176719000062],[122.07471805000011,13.520340722000071],[122.07454097400012,13.520308747000058],[122.0745498660001,13.520696929000053],[122.07440753200001,13.520710506000057],[122.07432931200003,13.521165607000057],[122.07406098600006,13.521376812000028],[122.07407097900011,13.52152770300006],[122.07430219900004,13.521743938000043],[122.07415897200008,13.521911444000068],[122.07412710500012,13.522124364000035],[122.07396981300008,13.522233737000022],[122.07375826100008,13.522607968000045],[122.0738576120001,13.522804084000029],[122.07359408400009,13.523072209000077],[122.07360723300008,13.523357790000034],[122.07345381500011,13.523422764000031],[122.07352426000011,13.523696052000048],[122.07336881600008,13.524052648000065],[122.07301875100006,13.524280976000057],[122.07297337700004,13.524540632000026],[122.0728049810001,13.524669105000044],[122.07247192300008,13.524631489000058],[122.0723659460001,13.524800078000055],[122.07237975200007,13.525026732000072],[122.07217744800005,13.525045456000043],[122.07219802000009,13.525246750000065],[122.07194246100005,13.525370503000033],[122.0718920710001,13.525546373000054],[122.07132005500011,13.52596098500004],[122.07109317100003,13.525751010000022],[122.07100158000003,13.525822815000026],[122.07108063200008,13.526184197000077],[122.07091248600011,13.526320217000034],[122.07022713100002,13.526578788000052],[122.070075427,13.526757505000035],[122.06991215700009,13.526770550000037],[122.06970742300007,13.52703047600005],[122.06921152000007,13.527405908000048],[122.06876824200003,13.52745285800006],[122.06819639900004,13.527750149000042],[122.06755357200007,13.527955146000068],[122.06731099800004,13.527968300000055],[122.06700609600011,13.527803021000068],[122.06694910800002,13.527532961000077],[122.06645268400007,13.52713331900003],[122.06658736400004,13.52680822800005],[122.06679190700004,13.526501520000068],[122.06697786300003,13.526423200000067],[122.0670835950001,13.52624082400007],[122.06727963500009,13.525571609000053],[122.06725667400008,13.525434779000022],[122.06746002900002,13.525323121000042],[122.06744828100011,13.525102970000034],[122.06695492900008,13.524628163000045],[122.06720448100009,13.524122452000029],[122.06710911300001,13.52372789900005],[122.06712063100008,13.523399660000052],[122.06689273000006,13.523013284000058],[122.06684725700006,13.52270135200007],[122.06687765900006,13.522415057000046],[122.06717088500011,13.522374367000054],[122.06700236100005,13.522041014000024],[122.06665359700003,13.522144475000061],[122.06649933100005,13.521991643000035],[122.06649734000007,13.52178553400006],[122.06671782100011,13.52154285100005],[122.0665874230001,13.521342206000043],[122.06639896400009,13.521352056000069],[122.06633325900009,13.521030444000075],[122.0660351570001,13.520735461000072],[122.0658987600001,13.519913942000073],[122.06608233200006,13.519622466000044],[122.06586227100001,13.519547909000039],[122.06594374400004,13.519381922000036],[122.06585735500005,13.51898731600005],[122.06586814800005,13.518717770000023],[122.06544163000001,13.518590394000057],[122.06554626200011,13.51819637400007],[122.06529938400001,13.518139433000044],[122.06532025700005,13.517890554000076],[122.06566267100004,13.517656880000061],[122.06549045700001,13.51750415400005],[122.06534994800006,13.517561389000036],[122.06525396600011,13.517232972000045],[122.06507528200007,13.517094719000056],[122.0650830400001,13.516746339000065],[122.06498114100009,13.516519677000076],[122.06505915200012,13.516407087000061],[122.06489280700009,13.516089832000034],[122.0646913700001,13.516011805000062],[122.06473063400006,13.515680358000054],[122.06466402700005,13.515465569000071],[122.06447430500009,13.515328725000074],[122.06466483600002,13.515155375000063],[122.06452971600004,13.51480738500004],[122.06467927500012,13.514542633000076],[122.06494016200008,13.514412170000071],[122.06458417400006,13.51420958600005],[122.06462143700003,13.513986458000034],[122.06433428600008,13.513564513000063],[122.06428865900011,13.513172350000048],[122.0643854760001,13.51286628300005],[122.06418729200004,13.512595838000038],[122.06409532600003,13.512301304000061],[122.06434575100002,13.51193524200005],[122.0642470030001,13.511476666000021],[122.06443291300002,13.511173428000063],[122.06458270900009,13.51072739600005],[122.06454659200006,13.510351042000025],[122.06437075000008,13.509676322000075],[122.06456563600011,13.509165945000063],[122.06471431900002,13.508653450000054],[122.06455809700003,13.508681572000057],[122.06438592600011,13.508136635000028],[122.0644383980001,13.508026212000061],[122.06481505900001,13.50817059600007],[122.06482149200008,13.508367804000045],[122.06529312800001,13.508259818000056],[122.0654605420001,13.507865406000064],[122.0650661730001,13.507887310000058],[122.0648520850001,13.508003126000062],[122.0647023890001,13.507859131000032],[122.06477966000011,13.507571147000021],[122.06475713200007,13.507217426000068],[122.06490683000004,13.507218993000038],[122.06499697900006,13.506854299000054],[122.0647651920001,13.506705606000025],[122.06495191500005,13.50653501000005],[122.06494710200002,13.505779005000022],[122.0650211520001,13.505516063000073],[122.06488916600006,13.505209293000064],[122.06496482600005,13.504930701000035],[122.06511452600012,13.504803926000022],[122.06510514600006,13.504254445000072],[122.06528703800006,13.504124542000056],[122.06546893500001,13.503722305000053],[122.06562829300003,13.503518840000027],[122.06594779400007,13.503373272000033],[122.06609860200001,13.50340781400007],[122.06657608100011,13.503209801000025],[122.06695781600001,13.502999362000025],[122.06721306500003,13.50261701900007],[122.06757811500006,13.502645655000038],[122.06775491300004,13.502922045000048],[122.0679480550001,13.502725024000028],[122.06788888800008,13.502461476000065],[122.06800869500012,13.50240208200006],[122.06790970300005,13.502082871000027],[122.06808601800003,13.501783747000047],[122.06823197400001,13.501847314000031],[122.06856272100003,13.501810607000039],[122.06878522900001,13.50153703500007],[122.06916401600006,13.501663000000065],[122.06921763900004,13.501890648000028],[122.06948707200002,13.501719601000048],[122.06940208000003,13.501544642000056],[122.06959202100006,13.501143381000077],[122.06999357500001,13.501222088000077],[122.07062260700002,13.501166201000046],[122.07090454600007,13.501242384000022],[122.07117109500007,13.501055859000076],[122.07132997600002,13.501311187000056],[122.07150996100006,13.501331093000033],[122.07170381700007,13.50109154100005],[122.07213181500003,13.500998455000058],[122.0724474430001,13.501006651000068],[122.07254390600008,13.501129577000029],[122.07244765100006,13.501405455000054],[122.07248015500011,13.501834343000041],[122.07273412900008,13.501701783000044],[122.07268754900008,13.501418450000074],[122.07288004800012,13.501270442000077],[122.07283461600002,13.501064936000034],[122.07306508600004,13.500807051000038],[122.07348145500009,13.50075464400004],[122.07348004500011,13.501017145000048],[122.07364899000004,13.501067799000054],[122.07374275100005,13.500675398000055],[122.0741878120001,13.500242189000062],[122.07456654700002,13.500191937000068],[122.07491149100008,13.500521924000054],[122.0753264760001,13.500492690000044],[122.0755269550001,13.50026747100003],[122.07561415900011,13.500438558000042],[122.07585116900009,13.500424679000048],[122.07605072100012,13.500700453000036],[122.07595705000006,13.50117182400004],[122.07628160200011,13.500917404000063],[122.07625186000007,13.500673996000046],[122.07634098100004,13.500341473000049],[122.07649712300008,13.500083607000022],[122.07631371800005,13.499758259000032],[122.0764585070001,13.499607259000072],[122.07676234900009,13.499629878000064],[122.07686901300008,13.499421351000024],[122.07718842200006,13.499415361000047],[122.0778122700001,13.499284125000031],[122.07801804700011,13.49919287800003],[122.07832715800009,13.499205903000075],[122.07836125000006,13.498977256000046],[122.07857537400002,13.49871111400006],[122.0787624940001,13.498715985000047],[122.0789607270001,13.49891380300005],[122.07923375400003,13.499005020000027],[122.07945813800006,13.498837379000065],[122.07976125400012,13.498945672000048],[122.07957396800009,13.499118051000039],[122.07983671400007,13.49933161100006],[122.07997385800002,13.499301928000023],[122.08062456700009,13.499354840000024],[122.08093821000011,13.499566246000029],[122.08121496900003,13.499360894000063],[122.08116507000011,13.499005664000038],[122.08125060900011,13.498870503000035],[122.08102250500008,13.498626174000037],[122.08120717600002,13.498455445000047],[122.08139265800003,13.498554170000034],[122.08169304700004,13.49846741400006],[122.08190664400001,13.498516124000048],[122.08205651900005,13.498332775000051],[122.08248970000011,13.498296706000076],[122.0825933860001,13.498686313000064],[122.08284633000005,13.498735055000054],[122.08291525900006,13.498390985000071],[122.08320961700008,13.498496095000064],[122.08333329800007,13.498200741000062],[122.08347558600008,13.49808037300005],[122.08387328600008,13.498067070000047],[122.08404633400005,13.498120291000077],[122.08424413000012,13.498396438000043],[122.08428985000012,13.497851362000063],[122.08456274800005,13.497854631000052],[122.0846655360001,13.498003322000045],[122.0850888870001,13.49761052100007],[122.08535244500001,13.497597100000064],[122.08546413800002,13.497384595000028],[122.08584407900003,13.497327510000048],[122.08611083800008,13.497218561000068],[122.08610317400007,13.497071469000048],[122.08652537900002,13.497093519000032],[122.08677255500004,13.497929471000077],[122.08690361600009,13.497852248000072],[122.08673404600006,13.497399727000072],[122.08706033800001,13.496985333000055],[122.08721285100012,13.497047763000069],[122.08769320200008,13.497067883000057],[122.08774018600002,13.496843502000047],[122.08810387500012,13.496701909000024],[122.08824147600001,13.496424912000066],[122.08883528400008,13.495990049000056],[122.08938399600004,13.495770918000062],[122.08963870100001,13.49571142700006],[122.09008433200006,13.495729470000072],[122.09069263100002,13.495637093000028],[122.09117468900001,13.495599890000051],[122.09189594000009,13.495651311000074],[122.09241089000011,13.495640662000028],[122.09271272600006,13.495692848000033],[122.09356867600002,13.49566919800003],[122.09425659200008,13.495773649000057],[122.09551955600011,13.496119491000059],[122.09596990500006,13.496345750000046],[122.09664781300012,13.496526800000026],[122.0972642270001,13.496558226000047],[122.0977180970001,13.49673087900004],[122.09829365100006,13.497173516000032],[122.09857218800005,13.49714719700006],[122.09909959000004,13.49684032700003],[122.09963163200007,13.496849573000077],[122.09987043400008,13.496772372000066],[122.10004949600011,13.497133008000048],[122.09987863800006,13.497545375000072],[122.09997390500007,13.497832235000033],[122.09984052200002,13.498014202000036],[122.1000358550001,13.498157641000034],[122.09981950200006,13.498593007000068],[122.10003043300003,13.498665036000034],[122.10004392500002,13.498852974000044],[122.10021533700001,13.499210837000021],[122.10041317000002,13.499191088000032],[122.10056988000008,13.499416721000046],[122.10035226800005,13.499648235000052],[122.10035422400006,13.500046202000021],[122.10016296700007,13.500373916000058],[122.10030006600005,13.50071508700006],[122.09979843300005,13.501002028000073],[122.09976077500005,13.501735631000031],[122.09956269800011,13.502174189000073],[122.09935215500002,13.502849954000055],[122.09924842800001,13.503309131000037],[122.0994324080001,13.50355468400005],[122.09929809700009,13.503751059000024],[122.09942303900004,13.503894864000074]]],[[[122.04464651400008,13.48420700500003],[122.0446267320001,13.484459177000076],[122.04444042600005,13.484413389000053],[122.04438141900005,13.484638161000078],[122.04401815400001,13.484573071000057],[122.04380689700008,13.484689734000028],[122.04324038200002,13.48486316900005],[122.04301111900008,13.485025474000054],[122.04298190000009,13.485329560000025],[122.04304983500003,13.485523278000073],[122.04393348300005,13.485626703000037],[122.04426430300009,13.485586144000024],[122.04442711800004,13.485465178000027],[122.04452732000004,13.485686876000045],[122.0446661960001,13.485671866000075],[122.04475438800011,13.486233708000043],[122.0444027320001,13.48629432000007],[122.04356631000007,13.486229559000037],[122.04294729000003,13.486143226000024],[122.0418416760001,13.48603107300005],[122.04120840400003,13.485821438000073],[122.04152945600003,13.485424499000032],[122.04181220300006,13.485252616000025],[122.04275762600003,13.484472880000055],[122.0434421860001,13.484085681000067],[122.04395014200009,13.48397508100004],[122.04454495000004,13.484128575000057],[122.04464651400008,13.48420700500003]]],[[[122.07147897800007,13.485393851000026],[122.07144122600005,13.485303262000059],[122.07107294200011,13.485219679000068],[122.07089402100007,13.484970482000051],[122.07119049800008,13.48413419800005],[122.0714615060001,13.48406193300002],[122.07162362100007,13.484144250000043],[122.07174487000009,13.484505099000046],[122.07166852000012,13.484708689000058],[122.07185889800007,13.48485576400003],[122.07172606900008,13.485026398000059],[122.07166910800004,13.485369383000034],[122.07147897800007,13.485393851000026]]],[[[122.07045998800004,13.484059651000052],[122.07017302700001,13.484315322000043],[122.0699172950001,13.484174805000066],[122.06959615000005,13.484183556000062],[122.06935040000008,13.48401737100005],[122.06932944000005,13.483761586000071],[122.0694369150001,13.48339648700005],[122.06964343700008,13.482941779000043],[122.06980757000008,13.483112099000039],[122.06993968100005,13.483384002000037],[122.0698683810001,13.483720627000025],[122.0700640340001,13.48375807900004],[122.07006678400012,13.483499043000052],[122.07015632100001,13.483188134000045],[122.07012057500003,13.482813665000037],[122.07027672900006,13.482576646000041],[122.07013981800003,13.48209926000004],[122.07017190300007,13.481567687000052],[122.07036630700009,13.48125180900007],[122.070412927,13.481011841000054],[122.07058260400004,13.480758923000053],[122.07142782100004,13.480253271000038],[122.07165016900001,13.480319199000064],[122.07161540100003,13.480618680000077],[122.07164346000002,13.481340423000063],[122.07153685000003,13.481728137000061],[122.07145956300008,13.482306999000059],[122.07136284400008,13.482418235000068],[122.07116542200004,13.48325920800005],[122.07118820200003,13.483566475000032],[122.07101821300012,13.483984039000063],[122.07084946500004,13.483865300000048],[122.07045998800004,13.484059651000052]]],[[[122.06980203500007,13.482549233000043],[122.06956721800009,13.482569665000028],[122.0695013180001,13.482381959000065],[122.06919929800006,13.48201107400007],[122.06915670500007,13.481795093000073],[122.0693217810001,13.48141034300005],[122.06978487200001,13.48142445700006],[122.06988278200004,13.481755130000067],[122.06993959200008,13.482330501000035],[122.06980203500007,13.482549233000043]]],[[[122.12537150300011,13.425901889000045],[122.12520573400002,13.42567751100006],[122.12504877700007,13.425883660000068],[122.12475379800003,13.425775765000026],[122.12463414400008,13.425542457000063],[122.12432082300006,13.42532691200006],[122.1240637950001,13.424764096000047],[122.12379657600002,13.424557562000075],[122.12371374800011,13.424387073000048],[122.12365905500008,13.423723304000077],[122.12356704900003,13.423507961000041],[122.12340180100011,13.422745431000067],[122.12312870100004,13.421850849000066],[122.12311047300011,13.42162660300005],[122.12338760600005,13.421106640000062],[122.12314841700004,13.420523425000056],[122.12255510900002,13.419434103000071],[122.12225105300001,13.419182688000035],[122.12208540100005,13.418841708000059],[122.12172594600008,13.418670967000025],[122.12144031200012,13.418446476000042],[122.12109921400008,13.418365444000074],[122.12095180200004,13.418239740000047],[122.12100755400002,13.417800301000057],[122.12089393600002,13.417367864000028],[122.12091262000001,13.417116744000054],[122.1206362900001,13.416811539000037],[122.12061805600001,13.416596261000052],[122.12074733400004,13.416408025000067],[122.12130087100002,13.416121511000028],[122.12249473000008,13.415217460000065],[122.1227902600001,13.414733394000052],[122.12297471000011,13.414697685000021],[122.12324202700006,13.414787619000037],[122.12342652900008,13.414698095000062],[122.1237769060001,13.41471634900006],[122.12386021000009,13.414384564000045],[122.12418326000011,13.41405299400003],[122.12419266200004,13.413864648000072],[122.12403621900012,13.413534662000075],[122.12405484100009,13.413346325000077],[122.12421175000009,13.41319197100006],[122.12425807000011,13.412967779000041],[122.12396314900002,13.412815038000076],[122.12395758200012,13.411884250000071],[122.12384715500002,13.411650950000023],[122.1233404300001,13.411211000000037],[122.12269212000001,13.410175495000033],[122.12252541500004,13.409271107000052],[122.12244266100004,13.40902886300006],[122.1224061480001,13.408643153000071],[122.1224710460001,13.408275476000028],[122.12233306400003,13.407934520000026],[122.12237031000006,13.407557847000021],[122.12286188500002,13.406479631000025],[122.12340667600006,13.40566392900007],[122.12365615500005,13.405117032000021],[122.12402518300007,13.404902101000062],[122.12444021200008,13.404794840000022],[122.1247444930001,13.404795111000055],[122.12517764200004,13.405028698000024],[122.12534361600001,13.40502884600005],[122.12546377900003,13.40472399400005],[122.12610141400012,13.403627461000042],[122.1261386860001,13.403214909000042],[122.12631427500003,13.402793513000063],[122.12658206200001,13.402381166000055],[122.12672992400007,13.402031495000074],[122.12678917300002,13.401639325000076],[122.12704795700006,13.400984807000043],[122.12720495500002,13.400715872000035],[122.12821205000012,13.399779110000054],[122.12879783200003,13.39958682100007],[122.12946457700002,13.399526061000074],[122.13032948700004,13.399518056000034],[122.13084286600008,13.399693784000021],[122.13123480500008,13.400005158000056],[122.13147472300011,13.400251954000055],[122.13196779000009,13.400868850000052],[122.13229416900003,13.401401245000045],[122.13238050400003,13.401823117000049],[122.13283378100004,13.402199891000066],[122.13298730500003,13.402096197000049],[122.13303423100001,13.401843158000077],[122.133241053,13.401817382000047],[122.13362882500007,13.402118268000038],[122.13392847600005,13.402702550000072],[122.13396133100002,13.403247665000038],[122.13414779100003,13.403604728000062],[122.13444794000009,13.403650412000047],[122.13475429800008,13.404208744000073],[122.13514781200001,13.404293444000075],[122.13540769800011,13.40461164100003],[122.13573914000006,13.404868625000063],[122.13612544700004,13.40553733400003],[122.13645227800009,13.405583038000032],[122.13681890600003,13.405888341000036],[122.1372858740001,13.40588874100007],[122.13755258600008,13.406031731000041],[122.13809282800003,13.406161978000057],[122.138239311,13.406480076000037],[122.13863252200008,13.406551776000072],[122.13873948700007,13.406292300000075],[122.13910666800007,13.405981132000022],[122.1393535520001,13.405916450000063],[122.13978711800007,13.405975220000073],[122.13972748600008,13.405514438000068],[122.13985736000006,13.405131764000032],[122.14017801800003,13.40461939100004],[122.14054528200006,13.404210883000076],[122.14065896300008,13.403899499000033],[122.14053239400005,13.403698229000042],[122.13987159200008,13.403093077000051],[122.13913140700004,13.402780974000052],[122.13843806300008,13.40231317200005],[122.13829823300011,13.40202753400007],[122.13854117200003,13.401821263000045],[122.1387150170001,13.401367170000071],[122.13850832700007,13.401250189000052],[122.13842176900005,13.401068420000058],[122.13850075900007,13.40055588100006],[122.13877755500005,13.400330869000072],[122.13877124900011,13.39992204400005],[122.1389850490001,13.399545850000038],[122.13900526800012,13.399312258000066],[122.1391921930001,13.399150187000032],[122.13946555300004,13.399306157000069],[122.13964580600009,13.399144081000031],[122.13959259600006,13.398968829000069],[122.13931242700005,13.398968592000074],[122.13911247900012,13.398773750000032],[122.13914600700002,13.398579105000067],[122.13945286400008,13.398572874000024],[122.139862762,13.397962437000047],[122.14030991900006,13.39770973700007],[122.14081022000005,13.397710157000063],[122.14087670300012,13.397963290000064],[122.14077643100006,13.39820330300006],[122.14129692400002,13.398002577000057],[122.14144584700011,13.397595372000069],[122.1417597730001,13.397380073000022],[122.14196180700003,13.39716386200007],[122.14211082400004,13.397360337000066],[122.14247229700004,13.397439789000032],[122.14246767100008,13.397710845000063],[122.14266164900005,13.397903334000034],[122.14293713500001,13.397613035000063],[122.14316804900011,13.397464612000022],[122.14364785800001,13.39727528800006],[122.14375825700006,13.39741134600007],[122.14408033300003,13.397095414000034],[122.1440628790001,13.39674138600003],[122.1442459650001,13.396384755000042],[122.14441506300011,13.39629952000007],[122.14468702200008,13.396564762000025],[122.14482523100003,13.39640410900006],[122.14443219100008,13.396120917000076],[122.14440415100012,13.395853608000039],[122.14493597500007,13.395489334000047],[122.14536106700007,13.39534926600004],[122.14576825500001,13.395551067000042],[122.14586648000011,13.395663074000026],[122.14645928900006,13.395675770000025],[122.14691858900005,13.395635441000024],[122.14697699700002,13.395830852000074],[122.14717270200003,13.395826940000063],[122.14755116300012,13.396040928000048],[122.14759296200009,13.396354367000072],[122.14776062600004,13.396285311000042],[122.14789648700003,13.396423804000051],[122.14776035600005,13.396602777000055],[122.14790968300008,13.396974840000041],[122.14795747100004,13.397357544000045],[122.14779198400004,13.397617894000064],[122.1473652300001,13.39760940800005],[122.14732903800007,13.397900542000059],[122.1474227650001,13.39838088600004],[122.14760346000003,13.398990707000053],[122.1478187130001,13.399249331000021],[122.14798603000008,13.399298308000027],[122.14833957000008,13.399936472000036],[122.14878319200011,13.40046232700007],[122.1490842710001,13.400659967000024],[122.14938970000003,13.401293458000055],[122.14946443300005,13.401974363000022],[122.14961224100011,13.402197237000053],[122.14951447600004,13.403042933000052],[122.14956425500009,13.403176442000074],[122.14951764400007,13.40353857100007],[122.14939487900006,13.403919267000049],[122.14913101700006,13.404343982000057],[122.1487593810001,13.405300320000038],[122.14818523100007,13.406332961000032],[122.14761216400007,13.407557436000047],[122.14741430300012,13.407635278000043],[122.1472885820001,13.407833020000055],[122.14695934400004,13.408109301000025],[122.14641741100002,13.40836713300007],[122.1455622090001,13.408536277000053],[122.14531440300004,13.408671278000043],[122.14425404300005,13.409580296000058],[122.14385415800007,13.410000352000054],[122.14328144600006,13.41050559200005],[122.14272568600006,13.411129204000076],[122.14235780700005,13.411464099000057],[122.14201094300006,13.41195200900006],[122.14223548600012,13.411934862000066],[122.1418419900001,13.412595431000057],[122.14082061700003,13.413461407000057],[122.1400584910001,13.413939705000075],[122.13937361100011,13.414592966000043],[122.13864445900003,13.415417608000041],[122.13813351100009,13.415874506000023],[122.13770671800012,13.416200311000068],[122.13686610800005,13.416788990000043],[122.13598958500006,13.417371247000062],[122.13563903600004,13.417541363000055],[122.13528843100005,13.417774262000023],[122.13512222700001,13.418025256000021],[122.13499249900008,13.418724738000037],[122.13486326800012,13.418877103000057],[122.13446651700008,13.419154805000062],[122.13307009200003,13.42022025500006],[122.13257979900004,13.420491592000076],[122.13216458000011,13.420787215000075],[122.13197974700006,13.421235512000067],[122.13200316500001,13.421885191000058],[122.13171672700003,13.422494866000022],[122.13150437500008,13.422772733000045],[122.13111683500006,13.423032509000052],[122.13059094800008,13.423328037000033],[122.13037857500001,13.423632805000068],[122.13021204300003,13.424224626000068],[122.12989988100003,13.425080741000045],[122.12963195000009,13.425627630000065],[122.12938277400008,13.425842672000044],[122.12909700700004,13.425743760000046],[122.12879268900008,13.425761430000023],[122.12854338900001,13.426111008000078],[122.12768583600007,13.426092309000069],[122.12763932400003,13.426522787000067],[122.12749167600009,13.426639254000065],[122.12684619600009,13.426638679000064],[122.12635732900003,13.426790718000063],[122.12603467300005,13.426700738000022],[122.12581357700003,13.426476312000034],[122.12550942000007,13.426323564000029],[122.12537150300011,13.425901889000045]]]]},"properties":{"psgc_code":1704005000,"name":"Santa Cruz","corr_code":174005000,"geo_level":"Mun","city_class":"","inc_class":"","urb_rur":"1st","pop_2015":"","pop_2020":"","status":"","adm3_pcode":"PH1704005","adm3_en":"Santa Cruz","adm3_alt":"","adm2_pcode":"PH17040","adm1_pcode":"PH17","adm0_pcode":"PH","shape_len":1.75260979714,"shape_area":0.0202410022834,"shape_sqkm":242.478657482}},
{"type":"Feature","geometry":{"type":"Polygon","coordinates":[[[122.11008352500005,13.411620093000067],[122.11002683000004,13.411708000000033],[122.09662786000001,13.405770090000033],[122.08758923000005,13.398325370000066],[122.0772070700001,13.401571680000075],[122.0711067200001,13.388281840000047],[122.07237683000005,13.38662725000006],[122.07120957000006,13.377466670000047],[122.06544827000005,13.377396090000047],[122.06074677000004,13.379251170000032],[122.05795518000002,13.378528990000063],[122.05759605500009,13.37850852400004],[122.04545097000005,13.378966690000027],[122.04382899000007,13.380184000000042],[122.02788670000007,13.381332230000055],[122.02064272000007,13.393043760000069],[122.00890787700007,13.390104271000041],[122.00082795100002,13.367359717000056],[122.00521314600007,13.356673362000038],[122.00526666700011,13.342197789000068],[122.00532169000007,13.327201650000063],[122.00409764500012,13.321406030000048],[121.99948456200002,13.318878409000035],[121.99448750700003,13.317206663000036],[121.99488429600001,13.315501380000057],[121.99520421500006,13.312291296000069],[121.99660035000011,13.311303930000065],[121.99725461900005,13.308212498000046],[121.98948662200007,13.306101151000064],[121.98847199700003,13.298266788000035],[121.98971166700005,13.290840923000076],[121.99223795000012,13.285734898000044],[121.99162396300005,13.281006188000049],[121.99145562500007,13.273758914000041],[121.99450849900006,13.271478725000065],[121.9959734570001,13.268968648000055],[121.99734127600004,13.26765866200003],[121.99856889000012,13.264707690000023],[122.01080818200012,13.250314381000067],[122.01279771700001,13.243593696000062],[122.0174846860001,13.23703676200006],[122.0244220730001,13.215329575000055],[122.02446738000003,13.209563400000036],[122.02495513000008,13.20854324000004],[122.0252555300001,13.208200170000055],[122.03179518000002,13.202201580000064],[122.0322872800001,13.201982390000069],[122.03207156500002,13.20179130400004],[122.03225547900001,13.20194301400005],[122.03345769300006,13.203251874000046],[122.03447803300003,13.204540031000022],[122.03514129500002,13.205444406000026],[122.03556693300004,13.206064248000075],[122.03597806100004,13.206822514000066],[122.03647505300012,13.207937130000062],[122.03703586500001,13.20902914100003],[122.0376100950001,13.210008877000064],[122.0382449540001,13.210889941000062],[122.03857843900005,13.211420159000056],[122.03889351900011,13.211767130000055],[122.04005363300007,13.21349379000003],[122.04030163300001,13.213669960000061],[122.0407039260001,13.21408843000006],[122.04119941400006,13.214500197000064],[122.04156317800005,13.214852349000068],[122.0420168820001,13.215399012000034],[122.04229806700005,13.21582991300005],[122.04270730300004,13.21666493600003],[122.04296907700007,13.217362055000024],[122.04317457800005,13.218246860000022],[122.04322247400012,13.218825705000029],[122.04345172700005,13.219758231000071],[122.0440570080001,13.221458960000064],[122.04429305700012,13.221913780000023],[122.04472280200002,13.22260357700003],[122.04497093500004,13.223056464000024],[122.0453752840001,13.223945958000058],[122.04570095600002,13.224738779000063],[122.04603575600004,13.225678816000027],[122.04644378700004,13.226521486000024],[122.04741598800001,13.228582223000046],[122.04793055000005,13.229544110000063],[122.04826410300007,13.230327189000036],[122.0485049130001,13.230962021000039],[122.04901856700008,13.232004114000063],[122.04946064400008,13.232998397000074],[122.04953068400005,13.233496218000028],[122.04965472200001,13.233987091000074],[122.04980063300002,13.234872321000068],[122.04990752100002,13.235366303000035],[122.05017113600002,13.236144702000047],[122.05090298000005,13.237338886000032],[122.05133923800008,13.237994041000036],[122.05166400300004,13.238384020000069],[122.05213546200002,13.238873966000028],[122.05236041900002,13.239206575000026],[122.05292695100002,13.240728231000048],[122.05294864000007,13.24105142600007],[122.05310496800007,13.242380966000042],[122.0533389520001,13.243869485000062],[122.0533677200001,13.244806569000048],[122.05346018800003,13.245721034000042],[122.05372477800006,13.246421203000068],[122.05399095200005,13.247220569000035],[122.05407749000005,13.24833480500007],[122.0541907280001,13.248961044000055],[122.05425060200002,13.250101034000068],[122.05419549900012,13.250933300000042],[122.05431273400006,13.252025846000038],[122.0543475400001,13.252546829000039],[122.05432864200009,13.252922411000043],[122.05405023800006,13.253723523000076],[122.05400111800009,13.254751859000066],[122.05390473500006,13.255174827000076],[122.05356976900009,13.255829880000022],[122.0531873220001,13.256499062000046],[122.05269157200007,13.25764466000004],[122.05243216300005,13.258077741000022],[122.05213353800002,13.258434760000057],[122.05159281800002,13.258946614000024],[122.0512273700001,13.259170608000034],[122.04947569600006,13.26009099600003],[122.04901593500006,13.26038786600003],[122.04828234600006,13.261096249000047],[122.04778345600005,13.261788696000053],[122.04719298600003,13.262309507000055],[122.04606880800009,13.26294167900005],[122.04572346500004,13.26321015700006],[122.04538109400005,13.263727331000041],[122.04494178000004,13.264826093000067],[122.04469390500003,13.265589914000032],[122.0442115730001,13.266685520000067],[122.04390473100011,13.267683401000056],[122.04375548000007,13.268406081000023],[122.04371977200003,13.268983781000031],[122.04374576000009,13.269437997000068],[122.04414707600006,13.271488572000067],[122.04439683700002,13.272287264000056],[122.04502030700007,13.273787157000072],[122.04566378300001,13.275119191000044],[122.04617980900002,13.27598997900003],[122.04671488500003,13.276764662000062],[122.0472526640001,13.277414779000026],[122.04758798500006,13.277755936000062],[122.04857055900004,13.278669472000047],[122.04919715500012,13.27914781000004],[122.05001780100008,13.279679546000068],[122.05046546500012,13.27993870000006],[122.0508958800001,13.280118483000024],[122.05308189200002,13.280841731000066],[122.05400777000011,13.281127320000053],[122.05461322700012,13.281275898000047],[122.05552058900003,13.281440514000053],[122.05759487500006,13.28231334800006],[122.05850467100004,13.28264316700006],[122.05950279000001,13.282910687000026],[122.05925933000003,13.28395325300005],[122.05955439400009,13.284110058000067],[122.05968498000004,13.28390046000004],[122.05994783100004,13.28387241400003],[122.06051527400007,13.283575616000064],[122.06076794800003,13.283557472000041],[122.06094261300007,13.283653204000075],[122.06130225000004,13.284360949000074],[122.0615260720001,13.284946858000069],[122.06167608500004,13.285181696000052],[122.06202364600006,13.285902763000024],[122.0621338630001,13.286199843000077],[122.06233904300007,13.286553041000047],[122.06269529500003,13.286869186000047],[122.06358055500004,13.287551407000024],[122.06524196600003,13.288712701000065],[122.06536915000004,13.288884349000057],[122.06538609600011,13.289381126000023],[122.0652889910001,13.289835763000042],[122.06495214000006,13.290716241000041],[122.06451984300008,13.291671101000077],[122.06443673900003,13.291941768000072],[122.0643163100001,13.292755588000034],[122.06432748800012,13.293680675000076],[122.06439870500003,13.294017363000023],[122.06447839100008,13.29470394200007],[122.06455976400002,13.295758165000052],[122.06472947500004,13.29718119200004],[122.06479052000009,13.29742688500005],[122.06512002200009,13.298397349000027],[122.0654693570001,13.299239814000032],[122.06582087700008,13.30053219000007],[122.06596618100002,13.30086129700004],[122.066287224,13.301433221000025],[122.0668938340001,13.302427550000061],[122.06700254000009,13.302948781000055],[122.06800813300003,13.304799359000071],[122.06824231600001,13.305514176000031],[122.06854944000008,13.30601880200004],[122.06891035400008,13.306334007000032],[122.06937841600006,13.306631948000074],[122.06986262900011,13.307029688000057],[122.07089159100008,13.307941326000048],[122.07110579500011,13.307975732000045],[122.07129485700011,13.308210471000052],[122.07200959200009,13.308867931000066],[122.07231542700004,13.30909893300003],[122.07276201800005,13.309295619000068],[122.07387275600001,13.309399563000056],[122.07512074600004,13.309615546000032],[122.07672371800004,13.31011200200004],[122.07903031900003,13.310669868000048],[122.07940314400003,13.31069724200006],[122.07984389600006,13.310870991000058],[122.08011640000007,13.310909380000055],[122.08034142500003,13.311089068000058],[122.08168645400008,13.311619490000055],[122.08202093300008,13.311697643000059],[122.08220999900004,13.311875341000075],[122.08224081100002,13.312062774000026],[122.08261512700005,13.312444317000029],[122.08308980200002,13.312673483000026],[122.08357616900003,13.313458194000077],[122.08395137200012,13.313844330000052],[122.08466318300009,13.314281664000077],[122.08532556600005,13.314953580000065],[122.08548196700008,13.31521736700006],[122.08573805600008,13.315351024000051],[122.08646375600006,13.31593837500003],[122.08654559800004,13.316087115000073],[122.08750941400001,13.317046950000076],[122.08783204200006,13.317258923000054],[122.08795942400002,13.317510966000043],[122.08821918600006,13.317815837000069],[122.08880851700007,13.318368328000076],[122.08886780300008,13.318829985000036],[122.08899948900012,13.319006813000044],[122.08932665700002,13.319219015000044],[122.08964474400011,13.319525165000073],[122.09000344100002,13.319650525000043],[122.09025458100007,13.320137823000039],[122.09069985500003,13.320673966000072],[122.09103785100001,13.32118988700006],[122.09111895100011,13.321560163000072],[122.09091900900012,13.322040925000067],[122.0906687590001,13.32219684100005],[122.09060412600002,13.322351385000047],[122.09058452800002,13.322907637000071],[122.09045389200003,13.322991713000022],[122.09046157000012,13.323197787000026],[122.09063258700007,13.32368811300006],[122.09078673600004,13.32395260900006],[122.0915240920001,13.324761455000043],[122.09189970200009,13.32506285900007],[122.0922934460001,13.325024958000029],[122.09227901800011,13.325328020000029],[122.09252435500002,13.325389456000039],[122.09294023100006,13.325402053000062],[122.09334737500001,13.32534882300007],[122.09421700000007,13.325153628000066],[122.09419830700006,13.324946970000042],[122.0945765250001,13.324865955000064],[122.09463805700011,13.32465783400005],[122.09502975800001,13.324641325000073],[122.09508377000009,13.32443776100007],[122.0952945140001,13.32412955500007],[122.09554156500008,13.32403332900003],[122.09572555300008,13.324096240000074],[122.09586297200008,13.324356258000023],[122.09637243200007,13.324470061000056],[122.09665773300003,13.324770723000029],[122.09676026700004,13.32507004100006],[122.09713717500006,13.325228068000058],[122.09772264100002,13.325329165000028],[122.09784370800003,13.325395084000036],[122.09898101400006,13.325659298000062],[122.09912879400008,13.325757383000052],[122.09971228000006,13.325886441000023],[122.10081588300011,13.326200454000059],[122.101522552,13.326460571000041],[122.10208207000005,13.326719710000077],[122.10264366400008,13.327069416000029],[122.10317365600008,13.327218321000032],[122.10379309900009,13.327636399000028],[122.10413136800003,13.327561667000055],[122.10424297200007,13.327659720000042],[122.10411530100009,13.327897277000034],[122.10417178300008,13.328071820000048],[122.10441247900008,13.328340426000068],[122.1048555530001,13.328228877000072],[122.10489995400008,13.328690210000048],[122.10513735000006,13.32885112100007],[122.10529937800004,13.328846658000032],[122.1058309880001,13.329183224000076],[122.10583999900007,13.329692432000058],[122.10619241800009,13.330020405000027],[122.10652900700006,13.330074245000048],[122.10660751900002,13.330244213000071],[122.10685620000004,13.330431777000058],[122.10728091300007,13.330628040000022],[122.10751030100005,13.330964970000025],[122.10722645200008,13.331400464000069],[122.10719796100011,13.331548299000076],[122.10747136100008,13.331926592000059],[122.1077575160001,13.332138573000066],[122.10788766000007,13.332645908000075],[122.10768629100005,13.332930677000036],[122.10767039500001,13.333128122000062],[122.10805555400009,13.333425377000026],[122.10837833200003,13.333073573000036],[122.10866621600007,13.332893873000046],[122.10895248100007,13.332938487000035],[122.10904985400009,13.333130074000053],[122.10891064300006,13.334072200000037],[122.108746085,13.334447934000025],[122.1090407260001,13.334658741000055],[122.10904050900001,13.334920488000023],[122.10924816300007,13.334914527000024],[122.10917914600009,13.335208874000045],[122.10971573400002,13.335013365000066],[122.10983176000002,13.334571006000033],[122.11013398800003,13.334333987000036],[122.11035272200002,13.33424384500006],[122.11056822300009,13.334260850000021],[122.1109368650001,13.334414222000078],[122.11129198800006,13.334691262000035],[122.11152589200003,13.335015643000077],[122.11140294300003,13.335318622000045],[122.11140591800006,13.33552816100007],[122.11169208600006,13.335695226000041],[122.11284332700006,13.336019806000024],[122.11332519900009,13.336244089000047],[122.11382207000008,13.336086159000047],[122.11392316700005,13.33613615300004],[122.11426415800008,13.335852943000077],[122.11454268200009,13.335810368000068],[122.11506164100001,13.335457371000075],[122.115573573,13.335235270000055],[122.11566443700008,13.335249600000054],[122.11627509800007,13.335899095000059],[122.11635850200003,13.336078860000043],[122.1166808700001,13.336196051000059],[122.11665643700007,13.336391667000044],[122.11695607200011,13.336838038000053],[122.11714941000002,13.337013606000028],[122.1173437430001,13.336992743000053],[122.11743153500004,13.337183921000076],[122.11737568300009,13.337379269000053],[122.11712356900011,13.337573378000059],[122.1173950220001,13.337931486000059],[122.11851424000008,13.338604247000035],[122.11875615400004,13.338520280000068],[122.11896421000006,13.338621695000029],[122.11953932000006,13.338639665000073],[122.12034826500008,13.339298628000051],[122.12045651500011,13.339576880000038],[122.12040637200005,13.339972186000068],[122.12060565500008,13.340236743000048],[122.12055690700004,13.340723190000062],[122.1200645670001,13.340801929000065],[122.11997263500007,13.341217000000029],[122.119820118,13.341316722000045],[122.11998849800011,13.34155359600004],[122.11967922000008,13.341554794000047],[122.11937779800007,13.341840610000077],[122.11964468800011,13.342464792000044],[122.12003556100001,13.342877925000039],[122.12030951000008,13.343070665000027],[122.12065387700011,13.343186442000047],[122.12071026300009,13.343007023000041],[122.12119998200001,13.342953417000047],[122.12137903700011,13.343017446000033],[122.12153292800008,13.343201110000052],[122.12191255100004,13.34321707600003],[122.12204722700005,13.343446794000045],[122.12245032400006,13.343611235000026],[122.1224459020001,13.343929389000039],[122.12271940300002,13.344254118000038],[122.12306783500003,13.344405099000028],[122.12317090900001,13.344600458000059],[122.123324464,13.344562887000052],[122.12352672400004,13.34480723200005],[122.12329858100009,13.344943835000038],[122.12340263200008,13.34525846400004],[122.12353870000004,13.345409549000067],[122.12350188200003,13.345596458000045],[122.12379049800006,13.345939722000026],[122.1243396430001,13.346112831000028],[122.12456684900008,13.346418652000068],[122.12448323600006,13.34661651500005],[122.12458804900007,13.346810997000034],[122.12440327000002,13.347152020000067],[122.12419547700006,13.34712048700004],[122.12372943100002,13.347528700000055],[122.1236420350001,13.347712511000054],[122.1236683300001,13.34805456600003],[122.12385499000004,13.34870903500007],[122.12451037000005,13.349884916000065],[122.12451145700004,13.350119927000037],[122.12462663100007,13.350349936000043],[122.12484901900007,13.351276280000036],[122.1248548210001,13.35149494500007],[122.12474719500005,13.35179867000005],[122.1244567230001,13.351940339000066],[122.12431930800005,13.352275131000056],[122.12439257800008,13.352689832000067],[122.12453850600002,13.352990077000072],[122.12472740600003,13.35303858800006],[122.12483262500007,13.353288285000076],[122.12474692700005,13.353521819000036],[122.12482416000012,13.353959195000073],[122.12493463100009,13.354050630000074],[122.12474507900004,13.354612391000046],[122.12453809500005,13.35627757900005],[122.1246622860001,13.356707449000055],[122.12491787900001,13.357163609000054],[122.12518420600009,13.357977532000064],[122.12538085100005,13.358310501000062],[122.12564582200002,13.358888703000048],[122.12564563800004,13.359134632000064],[122.12587003100009,13.359597269000062],[122.12655395900003,13.360666671000047],[122.12689453600001,13.361050372000022],[122.12711927400005,13.361056337000036],[122.12719073300002,13.361246022000046],[122.12798600800011,13.362116846000049],[122.1281054420001,13.362364979000063],[122.12892860800002,13.363020305000077],[122.1295515700001,13.363417041000048],[122.13001602700001,13.363748213000065],[122.13060803000008,13.364053639000076],[122.13079059400002,13.36405376600004],[122.13121784300006,13.364506180000035],[122.13157012200008,13.364606434000052],[122.1318612980001,13.365070738000043],[122.13236831800009,13.365333156000077],[122.1327701670001,13.365452323000056],[122.13301580300003,13.365779082000074],[122.13337002500009,13.366012966000028],[122.13388268800009,13.366192071000057],[122.13459220700008,13.366559493000068],[122.13467888000002,13.366827414000056],[122.13509384000008,13.367148556000075],[122.13644018600007,13.367890129000045],[122.13683869500005,13.368027139000048],[122.13717008900005,13.368213699000023],[122.13726672200005,13.368413272000055],[122.13765129300009,13.368718398000055],[122.13819211100008,13.369049881000024],[122.13860686900011,13.369503661000067],[122.1395586970001,13.370130113000073],[122.14146343000004,13.370655915000043],[122.14256930600004,13.370946152000045],[122.14339869100002,13.371099125000057],[122.14380481300009,13.371088176000058],[122.14398458300002,13.371018801000048],[122.14404924900009,13.37079467500007],[122.14397347600004,13.37040681700006],[122.14421934600011,13.370346450000056],[122.14476558700005,13.370106941000074],[122.1453633220001,13.370133801000065],[122.14605477100008,13.369813683000075],[122.14634987700003,13.369547111000031],[122.1466970030001,13.368920458000048],[122.14686756000003,13.368842107000035],[122.14718550400005,13.368878173000041],[122.14739854000004,13.369019533000028],[122.14786633200004,13.368712703000028],[122.14815790600005,13.368697689000044],[122.14877210300006,13.369264006000037],[122.14857929400011,13.369517157000075],[122.14890456,13.369732641000041],[122.14918571200008,13.369718122000052],[122.14918210700012,13.369994186000042],[122.14936429400007,13.37006014900004],[122.14925482100011,13.370267764000062],[122.14900309100005,13.370367548000047],[122.14887800100007,13.370570088000022],[122.14887523200002,13.370821396000053],[122.14899485700005,13.37101395700006],[122.14930193000009,13.371188906000043],[122.14976287600007,13.370943518000047],[122.15018457500003,13.371002032000035],[122.15060180700004,13.371002288000057],[122.15073801200003,13.371302116000038],[122.15057116600008,13.371663875000024],[122.15029505300004,13.371916976000023],[122.15038847000005,13.372379376000026],[122.15033096000002,13.37274405200003],[122.15009822900004,13.372946328000069],[122.14979217900009,13.373092664000069],[122.14939297400008,13.373360240000068],[122.14927222000006,13.373601072000042],[122.14904332800006,13.373866391000035],[122.14875867800004,13.373936609000054],[122.14854383500005,13.374234443000034],[122.14837175200012,13.37428595800003],[122.14812769000002,13.37455949300005],[122.14812432300005,13.374788249000062],[122.14797621600007,13.375054091000038],[122.14805006100005,13.375238728000056],[122.14784694100001,13.375332208000032],[122.14783713400004,13.375573735000046],[122.14758684300011,13.375775959000066],[122.14756576800005,13.37603401900003],[122.14742259600007,13.376130918000058],[122.14728687200011,13.376563937000071],[122.14703117300007,13.376685793000036],[122.14680740200004,13.37708460400006],[122.14709030200004,13.37723339300004],[122.14682473200003,13.377352269000028],[122.14658816600002,13.377648660000034],[122.146429108,13.37745458300003],[122.14622489800001,13.37745445400003],[122.14611679900008,13.377886233000027],[122.14570887600007,13.377970627000025],[122.14546875100007,13.378241585000069],[122.14522940200004,13.378239018000045],[122.14516046800009,13.377929640000048],[122.14496752600007,13.377909181000064],[122.14491139800009,13.377687011000035],[122.14438861400004,13.377240215000029],[122.14436631800004,13.376921079000056],[122.14415746300006,13.376658139000028],[122.14372856400007,13.376358246000052],[122.1434906070001,13.376331500000049],[122.14344738800003,13.376137455000048],[122.14305124500004,13.376407628000038],[122.14290173600011,13.376365295000028],[122.14274590200012,13.376163397000028],[122.14252562400009,13.376149175000023],[122.14249554600008,13.376329805000069],[122.14196387600009,13.376542339000025],[122.14192832600008,13.376797539000052],[122.14141563500004,13.377264874000048],[122.14118087800011,13.377260028000023],[122.14083186000005,13.377479705000042],[122.14066307200005,13.377410764000047],[122.14043842000001,13.377624929000035],[122.14045916200007,13.377858027000059],[122.14036622800006,13.378028908000033],[122.14017325100008,13.378058503000034],[122.13975710700004,13.378286593000041],[122.13966580300007,13.378504201000055],[122.13932168400004,13.378527438000049],[122.13912891900009,13.378255118000027],[122.13869792000003,13.37827204100006],[122.13822347000007,13.378397838000069],[122.13823601900003,13.378846163000048],[122.13850148300003,13.378632026000048],[122.13886496600003,13.378514941000049],[122.13887124400003,13.378733951000072],[122.13871203400004,13.378765133000059],[122.1386593850001,13.378976554000076],[122.13843954600009,13.378997794000043],[122.13825743300004,13.379311727000072],[122.13795973300012,13.379443134000041],[122.13816250400009,13.379647256000055],[122.13815020700008,13.380304296000077],[122.13822273700009,13.380562619000045],[122.13822415000004,13.380959048000022],[122.13803472100005,13.381018143000063],[122.13799560400003,13.381338903000028],[122.13820187100009,13.381381813000075],[122.13834039800008,13.381571085000076],[122.13848212500011,13.38202043800004],[122.13859711700002,13.382010644000047],[122.13881100200001,13.382645296000021],[122.13904268500005,13.382619128000044],[122.1391642530001,13.382879127000024],[122.1393416950001,13.383039650000057],[122.13951048100012,13.383488190000037],[122.13996475700003,13.383782347000022],[122.1400904520001,13.384045542000024],[122.14008086800004,13.384286584000051],[122.14042411800006,13.384318065000059],[122.1408131930001,13.384550111000067],[122.14132642600009,13.384427066000057],[122.14163023900005,13.384800132000066],[122.14189401800002,13.384826624000027],[122.14203937800005,13.385006610000062],[122.14242262900007,13.385230286000024],[122.14239941800008,13.385390443000063],[122.14265973500005,13.385532086000069],[122.14295460100004,13.386039389000075],[122.14289687000007,13.38611644200006],[122.14314587800004,13.386705280000058],[122.1433433740001,13.387065848000077],[122.143740105,13.387464359000035],[122.14357765400007,13.387833063000073],[122.14341208600001,13.387819966000052],[122.143501334,13.388138573000049],[122.14371764700002,13.388146507000044],[122.143876395,13.388371337000024],[122.14378277800006,13.388584165000054],[122.14397870000005,13.389126807000025],[122.14387310200004,13.389288056000055],[122.143676905,13.389151534000064],[122.14330375400004,13.389249435000067],[122.14321174000008,13.389071411000032],[122.14296855100008,13.389312870000026],[122.14247494200004,13.38950950900005],[122.1421865100001,13.389519714000073],[122.14194914600012,13.389793423000071],[122.1419530600001,13.38992722300003],[122.14130234800007,13.389993048000065],[122.14059117700003,13.390471728000023],[122.14038128200002,13.39091078000007],[122.13960621400008,13.391225391000035],[122.13951395600009,13.391399398000033],[122.13902482900005,13.391617358000076],[122.1388060920001,13.391851256000052],[122.13854433200004,13.391904342000032],[122.13776083900007,13.391790807000064],[122.13752443400006,13.39186729000005],[122.13701168400007,13.391835771000046],[122.13658297100005,13.39195759100005],[122.13644414100008,13.391896444000054],[122.13645768200001,13.391634053000075],[122.1360368710001,13.391637660000072],[122.13577239300002,13.391350291000037],[122.13566050300005,13.39096207800003],[122.13572179000005,13.390572003000045],[122.13554873200007,13.390504159000045],[122.13521350100007,13.390600059000064],[122.13486909400001,13.390456935000032],[122.13443117500003,13.390605815000072],[122.13417325400007,13.390892721000057],[122.13382835400012,13.39095990800007],[122.13360949500009,13.39077529900004],[122.13350134600012,13.390914590000023],[122.13368277000006,13.391160227000057],[122.1335494220001,13.39135605000007],[122.13339290700003,13.391750239000032],[122.13311234200012,13.391940800000043],[122.13297484600002,13.391882251000027],[122.13258793700004,13.391420836000066],[122.13232819400002,13.391234094000026],[122.13211467200006,13.390682766000054],[122.13201266800002,13.390586362000022],[122.13188837100006,13.390234673000066],[122.13163406300009,13.390074438000056],[122.13137818700011,13.389735382000026],[122.13107664500001,13.389588452000055],[122.13107595400004,13.38935316800007],[122.13095849400008,13.389273246000073],[122.13066292100007,13.389299722000032],[122.13032792600006,13.389433578000023],[122.12985865700011,13.389485129000036],[122.12922285600007,13.389804843000036],[122.1289730090001,13.389798743000028],[122.12873316000002,13.390086666000059],[122.1284207430001,13.390224283000066],[122.12816483800009,13.390170752000074],[122.1280009840001,13.39067187300003],[122.12785262400007,13.39082051500003],[122.12739322800007,13.391072235000024],[122.12699716100008,13.391018605000056],[122.12664686500011,13.390873118000059],[122.12615926100011,13.390911493000033],[122.12599421900006,13.391064030000052],[122.12576873400008,13.391075729000022],[122.12555530300006,13.391249213000037],[122.12536947100011,13.391504591000057],[122.12535406200004,13.391737265000074],[122.12515448500005,13.39173712400003],[122.12490704300001,13.392358867000041],[122.12471284800006,13.392994065000039],[122.12468697100007,13.393374746000063],[122.12455287400007,13.39363965900003],[122.12431275100005,13.393675423000047],[122.12387885800001,13.393504433000032],[122.12363437700003,13.393194334000043],[122.12321405400007,13.392306794000035],[122.12263223200011,13.39236926500007],[122.12264591000007,13.39259835100006],[122.12251185000002,13.392809364000072],[122.12276091700005,13.393159893000075],[122.1227691360001,13.394506498000055],[122.12265819200002,13.394678861000045],[122.12238572500007,13.394741551000038],[122.12189167700001,13.39474119700003],[122.12179461200003,13.39487587800005],[122.12177130700002,13.395163328000024],[122.12194204700006,13.395293708000054],[122.12210378100008,13.395123141000056],[122.12239458200008,13.395240132000026],[122.1224683050001,13.395442310000021],[122.12249512800008,13.396608531000027],[122.12249887500002,13.397762889000035],[122.12252632100001,13.398104275000037],[122.12225369100008,13.398378072000071],[122.12241499900006,13.398773454000036],[122.12232714700008,13.398935090000066],[122.12233594300005,13.399515948000044],[122.12179605800009,13.40117424400006],[122.12162492200002,13.401560714000027],[122.12140316400007,13.401717765000058],[122.1212919620001,13.402220753000051],[122.12106077700003,13.402633819000073],[122.12073282500012,13.40278629900007],[122.1204950770001,13.403362832000028],[122.12000532600007,13.403757745000064],[122.1198370090001,13.404456050000022],[122.11963371200011,13.404622095000036],[122.11959650400001,13.404972419000046],[122.11941153900011,13.405318142000056],[122.11940171900005,13.40608213400003],[122.11916116600003,13.406656894000037],[122.11897174600006,13.406791505000058],[122.11911930200006,13.407056620000048],[122.11915143700003,13.407299193000028],[122.11885169300001,13.408113899000057],[122.11861599600002,13.408374244000072],[122.11769900400009,13.409090284000058],[122.11737093400006,13.40937751100006],[122.11702448900007,13.409543448000022],[122.11642406300007,13.40972716400006],[122.11583295300011,13.409807576000048],[122.11476927400008,13.409856192000063],[122.114561406,13.409950363000064],[122.11377173700009,13.41002613300003],[122.11336738700004,13.409979240000041],[122.11265167500005,13.40998350500007],[122.11228161100007,13.409824785000069],[122.11201544100004,13.409368464000067],[122.11178345200005,13.409373090000031],[122.11154124200004,13.409814624000035],[122.11125494500004,13.409838414000035],[122.11104285500005,13.409651004000068],[122.11078250600008,13.409698517000038],[122.1106944920001,13.410154552000051],[122.11036332600008,13.410725652000053],[122.11029887900008,13.411076095000055],[122.11008352500005,13.411620093000067]]]},"properties":{"psgc_code":1704006000,"name":"Torrijos","corr_code":174006000,"geo_level":"Mun","city_class":"","inc_class":"","urb_rur":"3rd","pop_2015":"","pop_2020":"","status":"","adm3_pcode":"PH1704006","adm3_en":"Torrijos","adm3_alt":"","adm2_pcode":"PH17040","adm1_pcode":"PH17","adm0_pcode":"PH","shape_len":0.740302523036,"shape_area":0.0144814977603,"shape_sqkm":173.577012505}},
{"type":"Feature","geometry":{"type":"Polygon","coordinates":[[[120.973278316,13.197198405000051],[120.95167571400009,13.206755686000065],[120.90952363500003,13.227908476000039],[120.86773544400012,13.24703289200005],[120.81010235300005,13.27581519100005],[120.81444697300003,13.269328914000027],[120.80974336200006,13.266389059000062],[120.80306889700012,13.25999269700003],[120.79889735500001,13.256377362000023],[120.7952799730001,13.247966896000037],[120.79369306400008,13.246221297000034],[120.78934622500003,13.243967239000028],[120.7860759020001,13.242254025000022],[120.78083910400005,13.241777952000064],[120.7768718320001,13.245110460000035],[120.77306325000006,13.246856060000027],[120.77178299400009,13.245186980000028],[120.76925466900002,13.240825807000022],[120.76943491000009,13.238645226000074],[120.77013385500004,13.236478496000075],[120.77020375000006,13.234381661000043],[120.77069301200004,13.23193535300004],[120.77153174500006,13.230397674000073],[120.7725877470001,13.228994998000076],[120.77355868600011,13.226972843000055],[120.77411784200001,13.224456641000074],[120.77348879200008,13.22152107100004],[120.77181132300007,13.218236030000071],[120.76992417100007,13.215020882000033],[120.7683864920001,13.213622992000069],[120.75964967900006,13.20768195900007],[120.75692379300006,13.20621417500007],[120.75552590300003,13.204886178000038],[120.75573558600001,13.20285923800003],[120.75636463700005,13.20125166500003],[120.75629474200002,13.19964409000005],[120.75587537600006,13.198595673000057],[120.75363875100004,13.197197783000036],[120.75126233900005,13.19566010400007],[120.74986444800004,13.194541791000063],[120.74930529200003,13.193074007000064],[120.74930529200003,13.191396539000039],[120.749235397,13.18902012600006],[120.74888592500008,13.187831919000075],[120.74741814100003,13.186713607000058],[120.74490193800011,13.18615445000006],[120.74334724500011,13.185749496000028],[120.74224594700001,13.185525400000074],[120.74105774000009,13.18454687700006],[120.74049858400008,13.18307909300006],[120.73958995500004,13.18098225700004],[120.73854153800005,13.17930478900007],[120.73833185500007,13.176509009000029],[120.73826195900006,13.173783123000021],[120.73791248700002,13.172035761000075],[120.73707375400011,13.170218503000058],[120.73651459700011,13.168541035000032],[120.73651459700011,13.167213039000046],[120.73532639100006,13.165788938000048],[120.7346274460001,13.164460943000051],[120.73301987100001,13.163132947000065],[120.73078324800008,13.161944740000024],[120.72665947100006,13.16085263900004],[120.72484221500008,13.160223588000065],[120.7237937970001,13.158895593000068],[120.72316474600007,13.155540656000028],[120.72218622300011,13.152045931000032],[120.7213474890001,13.150717936000035],[120.71939044300007,13.150158780000027],[120.71763531400006,13.149463394000065],[120.71722112400005,13.149111333000064],[120.71709686700001,13.14836579100006],[120.71639274500001,13.147703087000025],[120.71449782800005,13.146454371000061],[120.71374193100007,13.146149876000038],[120.71318277500006,13.145673558000055],[120.71264432800001,13.14492801700004],[120.712470886,13.144217746000038],[120.71198162500002,13.143167711000046],[120.71136034000006,13.142546426000024],[120.70984854800008,13.14171804700004],[120.70678354500001,13.140620444000035],[120.70396967800002,13.139290627000037],[120.7009621630001,13.138752728000043],[120.69994823400009,13.13776217700007],[120.697606844,13.136806742000033],[120.6952246940001,13.136612195000055],[120.693227965,13.138243344000045],[120.69273314000009,13.138930085000027],[120.69073161200004,13.139462184000024],[120.68857466800011,13.138605571000028],[120.68772782200006,13.13694993100006],[120.68693816100006,13.13573847500004],[120.68569383700003,13.135117732000026],[120.683933464,13.134108824000066],[120.68399312800011,13.13402340700003],[120.68360580400008,13.133606069000052],[120.68365472300002,13.133521057000053],[120.68439836000005,13.133137684000076],[120.68456195100009,13.133106535000024],[120.68470290700009,13.13269632600003],[120.68456682300007,13.132494374000032],[120.68457006800008,13.13224193800005],[120.68509599900005,13.132016666000027],[120.68540263800003,13.131804213000066],[120.68587958400008,13.131398889000025],[120.68618907400003,13.13099640400003],[120.68688945600002,13.129830732000073],[120.68749162100005,13.128963957000053],[120.68802715000004,13.128024139000047],[120.68854521900005,13.12725090400005],[120.68924260500012,13.126369432000047],[120.68993375100001,13.125672271000042],[120.69054203500002,13.124952424000071],[120.69096744600006,13.124238726000044],[120.69140178500004,13.123564334000037],[120.69317008200005,13.121507499000074],[120.69346864200008,13.121086667000043],[120.69383331200004,13.120679155000062],[120.69485101900011,13.119814125000062],[120.69559355500007,13.118972099000075],[120.6957977510001,13.118815093000023],[120.69614039900011,13.118366318000028],[120.6963219700001,13.118064493000077],[120.69652362600004,13.117956574000061],[120.69692004600006,13.117444760000069],[120.69739348900009,13.116661514000043],[120.69824835300005,13.115563616000031],[120.69903992800005,13.114491162000036],[120.69928455000002,13.114044548000038],[120.69970815800002,13.113443370000027],[120.70014150400004,13.112934885000072],[120.70089734600003,13.111753948000057],[120.70123824000007,13.111179519000075],[120.70140731800007,13.110554987000057],[120.70169479100002,13.110060446000034],[120.70182634900004,13.109724441000026],[120.70218439900009,13.109184595000045],[120.7023878010001,13.108744069000068],[120.70269302800011,13.10792770200004],[120.70278884100003,13.107787835000067],[120.70371151800009,13.106839948000072],[120.70418807700003,13.10608906300007],[120.70459390400003,13.105172606000053],[120.70490016500003,13.104549379000048],[120.70508556900006,13.104068361000031],[120.70596940100006,13.102311500000042],[120.7063383090001,13.101393513000062],[120.70669831000009,13.10059938300003],[120.7070820130001,13.099920189000045],[120.70738293600004,13.09917252200006],[120.70756826800005,13.098871906000056],[120.70810319400005,13.097583641000028],[120.70894134000002,13.095837785000072],[120.70911831000001,13.095515249000073],[120.70918821400005,13.095204135000074],[120.70946494000009,13.094529665000039],[120.7098087810001,13.093834298000047],[120.70998873700012,13.093538906000049],[120.71022756100001,13.092740208000066],[120.71081040800004,13.091744241000072],[120.71095014000002,13.09132594600004],[120.71161753900003,13.090194698000062],[120.71187942000006,13.089516057000026],[120.71209416400006,13.089144948000069],[120.71243808400004,13.088431902000025],[120.71318626400011,13.087042197000073],[120.71348810800009,13.08621210900003],[120.7138119110001,13.085685042000023],[120.71419174100004,13.084864778000053],[120.71500543400009,13.083217985000033],[120.71552546800001,13.08230042300005],[120.71600039000009,13.081371034000028],[120.71639951200007,13.080521675000057],[120.71676084400008,13.07993551100003],[120.71743638200007,13.078610769000022],[120.71774725900002,13.078053182000076],[120.71788684600006,13.077614420000032],[120.71807226700003,13.077198792000047],[120.71854580100012,13.076410515000077],[120.71868960600011,13.076084836000064],[120.71932326100011,13.075187220000032],[120.71960435400001,13.07456081500004],[120.72008907500003,13.073733339000057],[120.72041014500007,13.073049054000023],[120.72099255500007,13.071891681000068],[120.72108703300012,13.071584734000055],[120.72129737000012,13.071136859000035],[120.72156319600003,13.070761697000023],[120.72172635100003,13.070390954000061],[120.7219987310001,13.069922247000022],[120.72228440900005,13.069239461000052],[120.72244415900002,13.068589847000055],[120.72269944400011,13.06778151800006],[120.722949158,13.06727416800004],[120.72313027500002,13.067113592000055],[120.72346623500005,13.066685502000041],[120.72446136200006,13.065645137000047],[120.72474439700011,13.065299382000035],[120.72510151100005,13.064967652000064],[120.72550833700006,13.064777252000056],[120.72599387900004,13.064683870000067],[120.72703296000009,13.064650619000076],[120.72749334800005,13.064685540000028],[120.72814383800005,13.064674151000077],[120.7284534370001,13.064542397000025],[120.72882862000006,13.064477447000058],[120.72945268800004,13.064466917000061],[120.72971505700002,13.064420905000077],[120.73058950000006,13.06471089400003],[120.73065618200008,13.064850028000023],[120.73063129700006,13.065300001000026],[120.73052786000005,13.065360750000025],[120.7303253550001,13.06516522100003],[120.73000005400002,13.065355658000044],[120.73051430700002,13.066180541000051],[120.73089919600011,13.066041814000073],[120.73118353100006,13.066103192000071],[120.73121234900009,13.065894537000077],[120.73100460400008,13.065871831000038],[120.73097104200008,13.065680883000027],[120.73115061300007,13.065534512000056],[120.73129602800009,13.065219523000053],[120.73156976000007,13.064833355000076],[120.73181595300002,13.064380409000023],[120.73209575400006,13.06422279700007],[120.7326837810001,13.064025981000043],[120.73293206200003,13.063895428000023],[120.73310387600009,13.063698043000045],[120.73316213400005,13.063481256000046],[120.73335309100003,13.063548112000035],[120.73374719200001,13.064042051000058],[120.73388251300003,13.064329550000025],[120.73432188400011,13.063808938000022],[120.73408811800005,13.06346568400005],[120.73368161600001,13.062982383000076],[120.73336069900006,13.06273733200004],[120.73285069400004,13.062536169000055],[120.73247326,13.062796311000056],[120.73232718000008,13.062806390000048],[120.73224706600001,13.062546306000058],[120.73238411200009,13.062321103000045],[120.73313352200012,13.061782187000063],[120.73395736700002,13.060886948000075],[120.73417640100001,13.06060382000004],[120.73442028400007,13.060107649000031],[120.73482874900003,13.059442807000039],[120.73511952900003,13.05904976100004],[120.73603249700011,13.05750523200004],[120.73623823000003,13.056954527000073],[120.73646069900008,13.056586483000046],[120.73681584400003,13.055829560000063],[120.73720078400004,13.05509848500003],[120.73755367800004,13.054151897000054],[120.73823151200008,13.052723069000024],[120.73840892300007,13.052149911000072],[120.73885048600005,13.051345272000049],[120.73919460400009,13.050440670000057],[120.73933260800004,13.049990187000049],[120.73983243800001,13.048986102000072],[120.73999512300009,13.048127883000063],[120.7403526060001,13.047337411000058],[120.74046332700004,13.047203375000038],[120.74096657400003,13.046884262000049],[120.74083675300005,13.046708945000034],[120.74106959900007,13.04610688200006],[120.74116751400004,13.045488099000067],[120.74135532600008,13.045043159000045],[120.74213957900008,13.043539284000076],[120.74253435300011,13.04263912600004],[120.74271681200003,13.042309343000056],[120.74311049800008,13.041380308000043],[120.7439826960001,13.039594726000075],[120.74442465600009,13.038543768000068],[120.74456341900009,13.038146357000073],[120.7449632150001,13.037465860000054],[120.74532142800001,13.036551963000022],[120.74547029900009,13.035994970000047],[120.74589744900004,13.034964181000078],[120.74608318900005,13.034611889000075],[120.74669730900007,13.033212288000072],[120.74695570600011,13.032760800000062],[120.74721402400007,13.03213459400007],[120.74795735400005,13.030716361000032],[120.74844200100006,13.029691142000047],[120.74859506700011,13.029291920000048],[120.74891346400011,13.02866492100003],[120.74934745200005,13.027899681000065],[120.75018836200002,13.025897998000062],[120.75060771500011,13.02507478900003],[120.75076945,13.024633896000068],[120.75130721400001,13.023665446000052],[120.75148661000003,13.023194267000065],[120.75173492500005,13.022775350000074],[120.7518289410001,13.022475246000056],[120.75246558600008,13.021282073000066],[120.75269594100007,13.020685368000045],[120.75298802000009,13.020217678000051],[120.75321345300006,13.019625743000063],[120.75348096700009,13.019212159000062],[120.75393650100011,13.018198366000036],[120.75529745800009,13.01552076300004],[120.755826135,13.014298870000061],[120.75645973700011,13.01287764600005],[120.7569622530001,13.011686876000056],[120.75727787700009,13.011154092000027],[120.75748123800008,13.010610049000036],[120.75795829200001,13.009529412000063],[120.75842203800005,13.00860717300003],[120.75875597700008,13.007517667000059],[120.7593771920001,13.006147216000045],[120.75960575300007,13.00555418600004],[120.75977840000007,13.004897801000027],[120.76024443400001,13.003716567000026],[120.76067512800012,13.002569031000064],[120.76097175200005,13.001289317000044],[120.76115152700004,13.000648897000076],[120.76139885600003,12.999989172000028],[120.76163208100002,12.998980861000064],[120.76195266400009,12.997783069000036],[120.76198137200004,12.997476465000034],[120.76209479600004,12.997128222000072],[120.76223984400008,12.996331588000032],[120.76236001200004,12.995932994000043],[120.7624348060001,12.99546295600004],[120.76253173000009,12.995182499000066],[120.76281669100001,12.993992178000042],[120.76304516400012,12.992538073000048],[120.76333001700004,12.991570030000048],[120.76339411100003,12.991200356000036],[120.76366954100001,12.990067255000042],[120.76389951300007,12.989421057000072],[120.76405284600003,12.989633337000043],[120.7639417790001,12.989982481000027],[120.76457577000008,12.989717314000075],[120.76495077000004,12.989710185000035],[120.76534768600004,12.989359441000033],[120.76571046900006,12.988720390000026],[120.76584447000005,12.988235934000045],[120.7660516420001,12.98713305900003],[120.76627562600004,12.986063265000041],[120.76520244800008,12.985752489000049],[120.76518288200009,12.986121017000073],[120.76528095900005,12.986325743000066],[120.76533425600007,12.986909923000042],[120.76527555000007,12.98791413400005],[120.76518039600012,12.98870852300007],[120.76502070700008,12.988683973000036],[120.7648189570001,12.988348228000064],[120.76491412100006,12.987633001000063],[120.76482576900003,12.986439435000023],[120.76471643400009,12.985817046000022],[120.7648200430001,12.985451234000038],[120.76482839200003,12.984969179000075],[120.76504400400006,12.98413382800004],[120.76511958000003,12.983620611000049],[120.7653477130001,12.983079993000047],[120.76543727,12.982334739000066],[120.76547081400008,12.98174911700005],[120.76560803500001,12.98134781500005],[120.76564158100007,12.980766360000075],[120.76581518800003,12.980127559000039],[120.7658534310001,12.979554132000032],[120.76611935800008,12.97791871000004],[120.7663100310001,12.976860412000065],[120.76651989100003,12.975854554000023],[120.76658706800004,12.975420504000056],[120.76672146500005,12.974899089000075],[120.76676341600012,12.974374950000026],[120.76688106800009,12.973962460000052],[120.76688380200005,12.97343560400003],[120.76719745100002,12.972061997000026],[120.76721420600006,12.97166889700003],[120.76740231400004,12.97080354600007],[120.76804650400004,12.968133709000028],[120.76821337100012,12.967197112000065],[120.76836178600001,12.966820377000033],[120.76838196000006,12.966085669000051],[120.7687189830001,12.967237166000075],[120.76966564200006,12.968804517000024],[120.77162981400011,12.97081720600005],[120.7723868060001,12.972010324000053],[120.77238100800002,12.97228709600006],[120.77226957000005,12.972652424000046],[120.77190867800005,12.972861747000024],[120.77163920300006,12.973391631000027],[120.77185902400004,12.975115220000077],[120.77227058100004,12.976624510000022],[120.77251824100006,12.977137682000034],[120.7740859050001,12.977927425000075],[120.77433172300005,12.97857134700007],[120.77446204900002,12.978763896000032],[120.77483634600003,12.979063676000067],[120.77522368200005,12.979088391000062],[120.77568517600002,12.978813690000038],[120.77588114700006,12.978525508000075],[120.7758684690001,12.977657952000072],[120.77577688000008,12.977149986000029],[120.77581965400009,12.976765845000045],[120.77613574100008,12.976319802000035],[120.77648268100006,12.976146923000044],[120.77697809900008,12.97619003400007],[120.77741658200011,12.976350858000046],[120.77764680300004,12.97726682900003],[120.77722950500004,12.977945890000058],[120.77730756100004,12.978382055000054],[120.77753446100007,12.978572201000077],[120.77795577400002,12.978712760000064],[120.77827493000007,12.978680002000033],[120.77851556000007,12.978581322000025],[120.77897207100011,12.978516185000046],[120.77936619700006,12.97822373300005],[120.78013198600001,12.978075257000057],[120.78075114100011,12.97821678500003],[120.78134473700004,12.97856366700006],[120.78208759000006,12.97940030500007],[120.78280888600011,12.979797501000064],[120.7844576230001,12.980382507000058],[120.78504703500005,12.980320300000074],[120.78533594600003,12.980074434000073],[120.78559739900004,12.979663294000034],[120.78602700600004,12.979232525000043],[120.78641692800011,12.979066785000043],[120.7869654320001,12.979084365000062],[120.78741418700008,12.979308010000068],[120.78796033200001,12.979324032000022],[120.78861993600003,12.97951475900004],[120.78945868300002,12.97917321500006],[120.78991604800001,12.979169285000069],[120.79072798400011,12.979810258000043],[120.79088768000008,12.980911922000075],[120.79137987700005,12.981313463000049],[120.79197756100007,12.981397467000022],[120.79258563700012,12.981104449000043],[120.79275361500004,12.98068511300005],[120.79254257100001,12.980249136000054],[120.79246956100008,12.97987020100004],[120.79251668300003,12.979495737000036],[120.7929808770001,12.979291703000058],[120.79345326300006,12.97931023500007],[120.79391468400001,12.979254147000063],[120.7947374900001,12.979260577000048],[120.79515560300001,12.979220678000047],[120.79604046300005,12.978718354000023],[120.7967015800001,12.978454352000028],[120.798229117,12.978188619000036],[120.798727944,12.978224004000026],[120.79960231200005,12.97855159200003],[120.79995223600008,12.978909091000048],[120.80067953000002,12.980149770000025],[120.80115696900009,12.980632789000026],[120.80207548100009,12.980440437000027],[120.80278434800005,12.980139979000057],[120.80302322000011,12.97968408500003],[120.80319672900009,12.97923959600007],[120.80431029300007,12.978565605000028],[120.80541041200001,12.978456785000049],[120.80633819900004,12.978624958000069],[120.80797036700005,12.979409221000026],[120.80838667600005,12.97997017800003],[120.80885410700012,12.980336151000074],[120.81052101400007,12.980937677000043],[120.81156396300003,12.980854343000033],[120.81238679100011,12.98036791000004],[120.81339896800012,12.979730365000023],[120.81416132400011,12.979496290000043],[120.81473672300001,12.97946524300005],[120.8153617800001,12.979697525000063],[120.816679238,12.980053346000034],[120.8166050750001,12.980542669000044],[120.81709501800003,12.980869297000027],[120.81796277800004,12.981174271000043],[120.81923857400011,12.981116280000037],[120.82068834200004,12.98076833500005],[120.8218481560001,12.979956465000043],[120.82410979500003,12.980072447000055],[120.82526960900009,12.980072447000055],[120.82613947000004,12.98030441000003],[120.82718330400007,12.98076833500005],[120.8285540920001,12.98083987800004],[120.8303768080001,12.98062544100003],[120.83168844900001,12.981535195000049],[120.83242853500008,12.982073438000043],[120.83377414400002,12.982073438000043],[120.83532159600009,12.981871597000065],[120.83639808500004,12.982409841000049],[120.83666720700012,12.982948084000043],[120.83740729200008,12.982948084000043],[120.83767641400004,12.983284487000049],[120.83845038600009,12.983385613000053],[120.84161409900003,12.981884190000073],[120.8428474100001,12.97898858900004],[120.8438662320001,12.976361100000076],[120.84606474300006,12.974001721000036],[120.8475125440001,12.973894477000044],[120.84901396700002,12.97394809900004],[120.85271390100002,12.97416258800007],[120.85448343500002,12.973411877000046],[120.85598485700007,12.972607544000027],[120.85780801300007,12.971749588000023],[120.86156157000005,12.971695966000027],[120.86384852900005,12.972250485000075],[120.86950009200007,12.970837594000045],[120.87084570200011,12.969491984000058],[120.87091298300004,12.967339008000067],[120.87212403100011,12.965387874000044],[120.87407516600001,12.963773142000036],[120.8746806910001,12.96242753100006],[120.8762954230001,12.959669031000033],[120.87764103300003,12.959332628000027],[120.87898664300008,12.958525262000023],[120.87959216700006,12.956910530000073],[120.8804668140001,12.955497640000033],[120.88181242400003,12.954757554000025],[120.882398953,12.953626099000076],[120.88279661700005,12.952571243000023],[120.88442111400002,12.952842266000061],[120.89124814200011,12.952771884000072],[120.89485520500011,12.955727917000047],[120.8952078640001,12.956596553000054],[120.89710846300011,12.962044938000076],[120.89964259600004,12.964959190000059],[120.90407732800008,12.968380269000022],[120.90845328300009,12.97056819900007],[120.91053936600008,12.97167464100005],[120.91750823000007,12.976236080000035],[120.9162411640001,12.98029069200004],[120.91167972500011,12.982824824000033],[120.90952571300011,12.98649931600005],[120.91129960600006,12.990300515000058],[120.91288881100002,12.991760170000077],[120.91472068500002,12.993088061000037],[120.91712811000002,12.997015967000038],[120.91814176300011,13.004111538000075],[120.91712811000002,13.006138844000077],[120.91573433700012,13.008292857000072],[120.91560763100006,13.010826989000066],[120.91712811000002,13.013234415000056],[120.91864859000009,13.016782200000023],[120.91902871000002,13.020963519000077],[120.91700140400008,13.024004479000041],[120.91586104400005,13.025144838000074],[120.91611445800004,13.026665317000038],[120.91801505700005,13.027045437000027],[120.92042248300004,13.027045437000027],[120.92181625600006,13.028565916000048],[120.92156284300006,13.031606876000069],[120.92067589600003,13.034141008000063],[120.921689549,13.034647835000044],[120.92333673500002,13.03490124800004],[120.92511062800008,13.033380769000075],[120.9270112270001,13.034141008000063],[120.92739134700003,13.035788195000066],[120.9270112270001,13.03794220800006],[120.927898174,13.039589393000028],[120.94054132000008,13.077910021000037],[120.94712192000009,13.09784445400004],[120.97037355700002,13.132236535000061],[121.00383125200005,13.180538426000055],[120.973278316,13.197198405000051]]]},"properties":{"psgc_code":1705111000,"name":"Santa Cruz","corr_code":175111000,"geo_level":"Mun","city_class":"","inc_class":"","urb_rur":"1st","pop_2015":"","pop_2020":"","status":"","adm3_pcode":"PH1705111","adm3_en":"Santa Cruz","adm3_alt":"","adm2_pcode":"PH17051","adm1_pcode":"PH17","adm0_pcode":"PH","shape_len":1.11003625659,"shape_area":0.0574049789126,"shape_sqkm":688.643251449}}
]}